ARM GAS  /var/folders/1b/1q9m9h2n5vq5b3524jm_htnw0000gn/T//ccCPcNPR.s 			page 1


   1              		.cpu cortex-m7
   2              		.arch armv7e-m
   3              		.fpu fpv5-d16
   4              		.eabi_attribute 28, 1
   5              		.eabi_attribute 20, 1
   6              		.eabi_attribute 21, 1
   7              		.eabi_attribute 23, 3
   8              		.eabi_attribute 24, 1
   9              		.eabi_attribute 25, 1
  10              		.eabi_attribute 26, 1
  11              		.eabi_attribute 30, 2
  12              		.eabi_attribute 34, 1
  13              		.eabi_attribute 18, 4
  14              		.file	"daisy_formant.cpp"
  15              		.text
  16              	.Ltext0:
  17              		.cfi_sections	.debug_frame
  18              		.section	.text._ZN5daisy8DaisyPodD2Ev,"axG",%progbits,_ZN5daisy8DaisyPodD5Ev,comdat
  19              		.align	1
  20              		.p2align 2,,3
  21              		.weak	_ZN5daisy8DaisyPodD2Ev
  22              		.syntax unified
  23              		.thumb
  24              		.thumb_func
  26              	_ZN5daisy8DaisyPodD2Ev:
  27              	.LVL0:
  28              	.LFB4851:
  29              		.file 1 "../../libDaisy/src/daisy_pod.h"
   1:../../libDaisy/src/daisy_pod.h **** #pragma once
   2:../../libDaisy/src/daisy_pod.h **** #ifndef DSY_POD_BSP_H
   3:../../libDaisy/src/daisy_pod.h **** #define DSY_POD_BSP_H
   4:../../libDaisy/src/daisy_pod.h **** 
   5:../../libDaisy/src/daisy_pod.h **** #include "daisy_seed.h"
   6:../../libDaisy/src/daisy_pod.h **** 
   7:../../libDaisy/src/daisy_pod.h **** namespace daisy
   8:../../libDaisy/src/daisy_pod.h **** {
   9:../../libDaisy/src/daisy_pod.h **** /**
  10:../../libDaisy/src/daisy_pod.h ****     @brief Class that handles initializing all of the hardware specific to the Daisy Patch Board. \
  11:../../libDaisy/src/daisy_pod.h ****     Helper funtions are also in place to provide easy access to built-in controls and peripherals.
  12:../../libDaisy/src/daisy_pod.h ****     @author Stephen Hensley
  13:../../libDaisy/src/daisy_pod.h ****     @date November 2019
  14:../../libDaisy/src/daisy_pod.h ****     @ingroup boards
  15:../../libDaisy/src/daisy_pod.h **** */
  16:../../libDaisy/src/daisy_pod.h **** class DaisyPod
  17:../../libDaisy/src/daisy_pod.h **** {
  18:../../libDaisy/src/daisy_pod.h ****   public:
  19:../../libDaisy/src/daisy_pod.h ****     /** Switches */
  20:../../libDaisy/src/daisy_pod.h ****     enum Sw
  21:../../libDaisy/src/daisy_pod.h ****     {
  22:../../libDaisy/src/daisy_pod.h ****         BUTTON_1,    /** & */
  23:../../libDaisy/src/daisy_pod.h ****         BUTTON_2,    /** & */
  24:../../libDaisy/src/daisy_pod.h ****         BUTTON_LAST, /** &  */
  25:../../libDaisy/src/daisy_pod.h ****     };
  26:../../libDaisy/src/daisy_pod.h **** 
  27:../../libDaisy/src/daisy_pod.h ****     /** Knobs */
  28:../../libDaisy/src/daisy_pod.h ****     enum Knob
  29:../../libDaisy/src/daisy_pod.h ****     {
ARM GAS  /var/folders/1b/1q9m9h2n5vq5b3524jm_htnw0000gn/T//ccCPcNPR.s 			page 2


  30:../../libDaisy/src/daisy_pod.h ****         KNOB_1,    /** &  */
  31:../../libDaisy/src/daisy_pod.h ****         KNOB_2,    /** & */
  32:../../libDaisy/src/daisy_pod.h ****         KNOB_LAST, /** & */
  33:../../libDaisy/src/daisy_pod.h ****     };
  34:../../libDaisy/src/daisy_pod.h **** 
  35:../../libDaisy/src/daisy_pod.h ****     DaisyPod() {}
  36:../../libDaisy/src/daisy_pod.h ****     ~DaisyPod() {}
  30              		.loc 1 36 5 view -0
  31              		.cfi_startproc
  32              		@ args = 0, pretend = 0, frame = 0
  33              		@ frame_needed = 0, uses_anonymous_args = 0
  34              		@ link register save eliminated.
  35              	.LBB412:
  36              	.LBI412:
  37              		.file 2 "../../libDaisy/src/hid/midi.h"
   1:../../libDaisy/src/hid/midi.h **** #pragma once
   2:../../libDaisy/src/hid/midi.h **** #ifndef DSY_MIDI_H
   3:../../libDaisy/src/hid/midi.h **** #define DSY_MIDI_H
   4:../../libDaisy/src/hid/midi.h **** 
   5:../../libDaisy/src/hid/midi.h **** #include <stdint.h>
   6:../../libDaisy/src/hid/midi.h **** #include <stdlib.h>
   7:../../libDaisy/src/hid/midi.h **** #include <algorithm>
   8:../../libDaisy/src/hid/midi.h **** #include "per/uart.h"
   9:../../libDaisy/src/hid/midi.h **** #include "util/ringbuffer.h"
  10:../../libDaisy/src/hid/midi.h **** #include "util/FIFO.h"
  11:../../libDaisy/src/hid/midi.h **** #include "hid/midi_parser.h"
  12:../../libDaisy/src/hid/midi.h **** #include "hid/usb_midi.h"
  13:../../libDaisy/src/hid/midi.h **** #include "sys/dma.h"
  14:../../libDaisy/src/hid/midi.h **** #include "sys/system.h"
  15:../../libDaisy/src/hid/midi.h **** 
  16:../../libDaisy/src/hid/midi.h **** namespace daisy
  17:../../libDaisy/src/hid/midi.h **** {
  18:../../libDaisy/src/hid/midi.h **** /** @brief   Transport layer for sending and receiving MIDI data over UART
  19:../../libDaisy/src/hid/midi.h ****  *  @details This is the mode of communication used for TRS and DIN MIDI
  20:../../libDaisy/src/hid/midi.h ****  *           There is an additional 2kB of RAM data used within this class
  21:../../libDaisy/src/hid/midi.h ****  *           for processing bulk data from the UART peripheral
  22:../../libDaisy/src/hid/midi.h ****  *  @ingroup midi
  23:../../libDaisy/src/hid/midi.h **** */
  24:../../libDaisy/src/hid/midi.h **** class MidiUartTransport
  25:../../libDaisy/src/hid/midi.h **** {
  26:../../libDaisy/src/hid/midi.h ****   public:
  27:../../libDaisy/src/hid/midi.h ****     typedef void (*MidiRxParseCallback)(uint8_t* data,
  28:../../libDaisy/src/hid/midi.h ****                                         size_t   size,
  29:../../libDaisy/src/hid/midi.h ****                                         void*    context);
  30:../../libDaisy/src/hid/midi.h **** 
  31:../../libDaisy/src/hid/midi.h ****     MidiUartTransport() {}
  32:../../libDaisy/src/hid/midi.h ****     ~MidiUartTransport() {}
  33:../../libDaisy/src/hid/midi.h **** 
  34:../../libDaisy/src/hid/midi.h ****     /** @brief Configuration structure for UART MIDI */
  35:../../libDaisy/src/hid/midi.h ****     struct Config
  36:../../libDaisy/src/hid/midi.h ****     {
  37:../../libDaisy/src/hid/midi.h ****         UartHandler::Config::Peripheral periph;
  38:../../libDaisy/src/hid/midi.h ****         dsy_gpio_pin                    rx;
  39:../../libDaisy/src/hid/midi.h ****         dsy_gpio_pin                    tx;
  40:../../libDaisy/src/hid/midi.h **** 
  41:../../libDaisy/src/hid/midi.h ****         /** Pointer to buffer for DMA UART rx byte transfer in background.
  42:../../libDaisy/src/hid/midi.h ****          *
ARM GAS  /var/folders/1b/1q9m9h2n5vq5b3524jm_htnw0000gn/T//ccCPcNPR.s 			page 3


  43:../../libDaisy/src/hid/midi.h ****          *  @details By default this uses a shared buffer in DMA_BUFFER_MEM_SECTION,
  44:../../libDaisy/src/hid/midi.h ****          *           which can only be utilized for a single UART peripheral. To
  45:../../libDaisy/src/hid/midi.h ****          *           use MIDI with multiple UART peripherals, you must provide your own
  46:../../libDaisy/src/hid/midi.h ****          *           buffer, allocated to a DMA-capable memory section.
  47:../../libDaisy/src/hid/midi.h ****          */
  48:../../libDaisy/src/hid/midi.h ****         uint8_t* rx_buffer;
  49:../../libDaisy/src/hid/midi.h **** 
  50:../../libDaisy/src/hid/midi.h ****         /** Size in bytes of rx_buffer.
  51:../../libDaisy/src/hid/midi.h ****          *
  52:../../libDaisy/src/hid/midi.h ****          *  @details This size determines the maximum Rx bytes readable by the UART in the backgrou
  53:../../libDaisy/src/hid/midi.h ****          *           By default it's set to the size of the default shared rx_buffer (256 bytes).
  54:../../libDaisy/src/hid/midi.h ****          *           While much smaller sizes can be used, data can get missed if the buffer is too
  55:../../libDaisy/src/hid/midi.h ****          */
  56:../../libDaisy/src/hid/midi.h ****         size_t rx_buffer_size;
  57:../../libDaisy/src/hid/midi.h **** 
  58:../../libDaisy/src/hid/midi.h ****         Config();
  59:../../libDaisy/src/hid/midi.h ****     };
  60:../../libDaisy/src/hid/midi.h **** 
  61:../../libDaisy/src/hid/midi.h ****     /** @brief Initialization of UART using config struct */
  62:../../libDaisy/src/hid/midi.h ****     inline void Init(Config config)
  63:../../libDaisy/src/hid/midi.h ****     {
  64:../../libDaisy/src/hid/midi.h ****         UartHandler::Config uart_config;
  65:../../libDaisy/src/hid/midi.h **** 
  66:../../libDaisy/src/hid/midi.h ****         //defaults
  67:../../libDaisy/src/hid/midi.h ****         uart_config.baudrate   = 31250;
  68:../../libDaisy/src/hid/midi.h ****         uart_config.stopbits   = UartHandler::Config::StopBits::BITS_1;
  69:../../libDaisy/src/hid/midi.h ****         uart_config.parity     = UartHandler::Config::Parity::NONE;
  70:../../libDaisy/src/hid/midi.h ****         uart_config.mode       = UartHandler::Config::Mode::TX_RX;
  71:../../libDaisy/src/hid/midi.h ****         uart_config.wordlength = UartHandler::Config::WordLength::BITS_8;
  72:../../libDaisy/src/hid/midi.h **** 
  73:../../libDaisy/src/hid/midi.h ****         //user settings
  74:../../libDaisy/src/hid/midi.h ****         uart_config.periph        = config.periph;
  75:../../libDaisy/src/hid/midi.h ****         uart_config.pin_config.rx = config.rx;
  76:../../libDaisy/src/hid/midi.h ****         uart_config.pin_config.tx = config.tx;
  77:../../libDaisy/src/hid/midi.h **** 
  78:../../libDaisy/src/hid/midi.h ****         rx_buffer      = config.rx_buffer;
  79:../../libDaisy/src/hid/midi.h ****         rx_buffer_size = config.rx_buffer_size;
  80:../../libDaisy/src/hid/midi.h **** 
  81:../../libDaisy/src/hid/midi.h ****         /** zero the buffer to ensure emptiness regardless of source memory */
  82:../../libDaisy/src/hid/midi.h ****         std::fill(rx_buffer, rx_buffer + rx_buffer_size, 0);
  83:../../libDaisy/src/hid/midi.h **** 
  84:../../libDaisy/src/hid/midi.h ****         uart_.Init(uart_config);
  85:../../libDaisy/src/hid/midi.h ****     }
  86:../../libDaisy/src/hid/midi.h **** 
  87:../../libDaisy/src/hid/midi.h ****     /** @brief Start the UART peripheral in listening mode.
  88:../../libDaisy/src/hid/midi.h ****      *  This will fill an internal data structure in the background */
  89:../../libDaisy/src/hid/midi.h ****     inline void StartRx(MidiRxParseCallback parse_callback, void* context)
  90:../../libDaisy/src/hid/midi.h ****     {
  91:../../libDaisy/src/hid/midi.h ****         parse_context_  = context;
  92:../../libDaisy/src/hid/midi.h ****         parse_callback_ = parse_callback;
  93:../../libDaisy/src/hid/midi.h ****         dsy_dma_clear_cache_for_buffer((uint8_t*)this,
  94:../../libDaisy/src/hid/midi.h ****                                        sizeof(MidiUartTransport));
  95:../../libDaisy/src/hid/midi.h ****         uart_.DmaListenStart(
  96:../../libDaisy/src/hid/midi.h ****             rx_buffer, rx_buffer_size, MidiUartTransport::rxCallback, this);
  97:../../libDaisy/src/hid/midi.h ****     }
  98:../../libDaisy/src/hid/midi.h **** 
  99:../../libDaisy/src/hid/midi.h ****     /** @brief returns whether the UART peripheral is actively listening in the background or not *
ARM GAS  /var/folders/1b/1q9m9h2n5vq5b3524jm_htnw0000gn/T//ccCPcNPR.s 			page 4


 100:../../libDaisy/src/hid/midi.h ****     inline bool RxActive() { return uart_.IsListening(); }
 101:../../libDaisy/src/hid/midi.h **** 
 102:../../libDaisy/src/hid/midi.h ****     /** @brief This is a no-op for UART transport - Rx is via DMA callback with circular buffer */
 103:../../libDaisy/src/hid/midi.h ****     inline void FlushRx() {}
 104:../../libDaisy/src/hid/midi.h **** 
 105:../../libDaisy/src/hid/midi.h ****     /** @brief sends the buffer of bytes out of the UART peripheral */
 106:../../libDaisy/src/hid/midi.h ****     inline void Tx(uint8_t* buff, size_t size) { uart_.PollTx(buff, size); }
 107:../../libDaisy/src/hid/midi.h **** 
 108:../../libDaisy/src/hid/midi.h ****   private:
 109:../../libDaisy/src/hid/midi.h ****     UartHandler         uart_;
 110:../../libDaisy/src/hid/midi.h ****     uint8_t*            rx_buffer;
 111:../../libDaisy/src/hid/midi.h ****     size_t              rx_buffer_size;
 112:../../libDaisy/src/hid/midi.h ****     void*               parse_context_;
 113:../../libDaisy/src/hid/midi.h ****     MidiRxParseCallback parse_callback_;
 114:../../libDaisy/src/hid/midi.h **** 
 115:../../libDaisy/src/hid/midi.h ****     /** Static callback for Uart MIDI that occurs when
 116:../../libDaisy/src/hid/midi.h ****          *  new data is available from the peripheral.
 117:../../libDaisy/src/hid/midi.h ****          *  The new data is transferred from the peripheral to the
 118:../../libDaisy/src/hid/midi.h ****          *  MIDI instance's byte FIFO that feeds the MIDI parser.
 119:../../libDaisy/src/hid/midi.h ****          *
 120:../../libDaisy/src/hid/midi.h ****          *  TODO: Handle UartHandler errors better/at all.
 121:../../libDaisy/src/hid/midi.h ****          *  (If there is a UART error, there's not really any recovery
 122:../../libDaisy/src/hid/midi.h ****          *  option at the moment)
 123:../../libDaisy/src/hid/midi.h ****          */
 124:../../libDaisy/src/hid/midi.h ****     static void rxCallback(uint8_t*            data,
 125:../../libDaisy/src/hid/midi.h ****                            size_t              size,
 126:../../libDaisy/src/hid/midi.h ****                            void*               context,
 127:../../libDaisy/src/hid/midi.h ****                            UartHandler::Result res)
 128:../../libDaisy/src/hid/midi.h ****     {
 129:../../libDaisy/src/hid/midi.h ****         /** Read context as transport type */
 130:../../libDaisy/src/hid/midi.h ****         MidiUartTransport* transport
 131:../../libDaisy/src/hid/midi.h ****             = reinterpret_cast<MidiUartTransport*>(context);
 132:../../libDaisy/src/hid/midi.h ****         if(res == UartHandler::Result::OK)
 133:../../libDaisy/src/hid/midi.h ****         {
 134:../../libDaisy/src/hid/midi.h ****             if(transport->parse_callback_)
 135:../../libDaisy/src/hid/midi.h ****             {
 136:../../libDaisy/src/hid/midi.h ****                 transport->parse_callback_(
 137:../../libDaisy/src/hid/midi.h ****                     data, size, transport->parse_context_);
 138:../../libDaisy/src/hid/midi.h ****             }
 139:../../libDaisy/src/hid/midi.h ****         }
 140:../../libDaisy/src/hid/midi.h ****     }
 141:../../libDaisy/src/hid/midi.h **** };
 142:../../libDaisy/src/hid/midi.h **** 
 143:../../libDaisy/src/hid/midi.h **** /**
 144:../../libDaisy/src/hid/midi.h ****     @brief Simple MIDI Handler \n
 145:../../libDaisy/src/hid/midi.h ****     Parses bytes from an input into valid MidiEvents. \n
 146:../../libDaisy/src/hid/midi.h ****     The MidiEvents fill a FIFO queue that the user can pop messages from.
 147:../../libDaisy/src/hid/midi.h ****     @author shensley
 148:../../libDaisy/src/hid/midi.h ****     @date March 2020
 149:../../libDaisy/src/hid/midi.h ****     @ingroup midi
 150:../../libDaisy/src/hid/midi.h **** */
 151:../../libDaisy/src/hid/midi.h **** template <typename Transport>
 152:../../libDaisy/src/hid/midi.h **** class MidiHandler
 153:../../libDaisy/src/hid/midi.h **** {
 154:../../libDaisy/src/hid/midi.h ****   public:
 155:../../libDaisy/src/hid/midi.h ****     MidiHandler() {}
 156:../../libDaisy/src/hid/midi.h ****     ~MidiHandler() {}
ARM GAS  /var/folders/1b/1q9m9h2n5vq5b3524jm_htnw0000gn/T//ccCPcNPR.s 			page 5


  38              		.loc 2 156 5 view .LVU1
  39              	.LBB413:
  40              	.LBI413:
  41              		.file 3 "../../libDaisy/src/util/FIFO.h"
   1:../../libDaisy/src/util/FIFO.h **** #pragma once
   2:../../libDaisy/src/util/FIFO.h **** 
   3:../../libDaisy/src/util/FIFO.h **** #include <stdint.h>
   4:../../libDaisy/src/util/FIFO.h **** #include <stddef.h>
   5:../../libDaisy/src/util/FIFO.h **** #include <initializer_list>
   6:../../libDaisy/src/util/FIFO.h **** 
   7:../../libDaisy/src/util/FIFO.h **** namespace daisy
   8:../../libDaisy/src/util/FIFO.h **** {
   9:../../libDaisy/src/util/FIFO.h **** /** Capacity-independent base class for FIFO. Use FIFO instead. */
  10:../../libDaisy/src/util/FIFO.h **** template <typename T>
  11:../../libDaisy/src/util/FIFO.h **** class FIFOBase
  12:../../libDaisy/src/util/FIFO.h **** {
  13:../../libDaisy/src/util/FIFO.h ****   protected:
  14:../../libDaisy/src/util/FIFO.h ****     FIFOBase(T* buffer, size_t bufferSize)
  15:../../libDaisy/src/util/FIFO.h ****     : buffer_(buffer), bufferSize_(bufferSize), bufferIn_(0), bufferOut_(0)
  16:../../libDaisy/src/util/FIFO.h ****     {
  17:../../libDaisy/src/util/FIFO.h ****     }
  18:../../libDaisy/src/util/FIFO.h **** 
  19:../../libDaisy/src/util/FIFO.h ****     FIFOBase(T* buffer, size_t bufferSize, std::initializer_list<T> valuesToAdd)
  20:../../libDaisy/src/util/FIFO.h ****     : buffer_(buffer), bufferSize_(bufferSize), bufferIn_(0), bufferOut_(0)
  21:../../libDaisy/src/util/FIFO.h ****     {
  22:../../libDaisy/src/util/FIFO.h ****         PushBack(valuesToAdd);
  23:../../libDaisy/src/util/FIFO.h ****     }
  24:../../libDaisy/src/util/FIFO.h **** 
  25:../../libDaisy/src/util/FIFO.h ****   public:
  26:../../libDaisy/src/util/FIFO.h ****     /** Copies all elements from another FIFO */
  27:../../libDaisy/src/util/FIFO.h ****     FIFOBase<T>& operator=(const FIFOBase<T>& other)
  28:../../libDaisy/src/util/FIFO.h ****     {
  29:../../libDaisy/src/util/FIFO.h ****         bufferIn_ = bufferOut_ = 0;
  30:../../libDaisy/src/util/FIFO.h ****         if(!other.IsEmpty())
  31:../../libDaisy/src/util/FIFO.h ****         {
  32:../../libDaisy/src/util/FIFO.h ****             int readPtr = other.bufferOut_;
  33:../../libDaisy/src/util/FIFO.h ****             while((readPtr != other.bufferIn_) && (bufferIn_ < bufferSize_))
  34:../../libDaisy/src/util/FIFO.h ****             {
  35:../../libDaisy/src/util/FIFO.h ****                 buffer_[bufferIn_++] = other.buffer_[readPtr++];
  36:../../libDaisy/src/util/FIFO.h ****                 if(readPtr >= other.bufferSize_)
  37:../../libDaisy/src/util/FIFO.h ****                     readPtr -= other.bufferSize_;
  38:../../libDaisy/src/util/FIFO.h ****             }
  39:../../libDaisy/src/util/FIFO.h ****         }
  40:../../libDaisy/src/util/FIFO.h ****         return *this;
  41:../../libDaisy/src/util/FIFO.h ****     }
  42:../../libDaisy/src/util/FIFO.h ****     ~FIFOBase() {}
  43:../../libDaisy/src/util/FIFO.h **** 
  44:../../libDaisy/src/util/FIFO.h ****     /** Removes all elements from the FIFO */
  45:../../libDaisy/src/util/FIFO.h ****     void Clear() { bufferIn_ = bufferOut_ = 0; }
  46:../../libDaisy/src/util/FIFO.h **** 
  47:../../libDaisy/src/util/FIFO.h ****     /** Adds an element to the back of the buffer, returning true on
  48:../../libDaisy/src/util/FIFO.h ****         success */
  49:../../libDaisy/src/util/FIFO.h ****     bool PushBack(const T& elementToAdd)
  50:../../libDaisy/src/util/FIFO.h ****     {
  51:../../libDaisy/src/util/FIFO.h ****         if(!IsFull())
  52:../../libDaisy/src/util/FIFO.h ****         {
  53:../../libDaisy/src/util/FIFO.h ****             buffer_[bufferIn_++] = elementToAdd;
ARM GAS  /var/folders/1b/1q9m9h2n5vq5b3524jm_htnw0000gn/T//ccCPcNPR.s 			page 6


  54:../../libDaisy/src/util/FIFO.h ****             if(bufferIn_ >= bufferSize_)
  55:../../libDaisy/src/util/FIFO.h ****                 bufferIn_ -= bufferSize_;
  56:../../libDaisy/src/util/FIFO.h ****             return true;
  57:../../libDaisy/src/util/FIFO.h ****         }
  58:../../libDaisy/src/util/FIFO.h ****         return false;
  59:../../libDaisy/src/util/FIFO.h ****     }
  60:../../libDaisy/src/util/FIFO.h **** 
  61:../../libDaisy/src/util/FIFO.h ****     /** Adds multiple elements and returns the number of elements that were added */
  62:../../libDaisy/src/util/FIFO.h ****     int PushBack(std::initializer_list<T> valuesToAdd)
  63:../../libDaisy/src/util/FIFO.h ****     {
  64:../../libDaisy/src/util/FIFO.h ****         int numAdded = 0;
  65:../../libDaisy/src/util/FIFO.h ****         for(const auto& v : valuesToAdd)
  66:../../libDaisy/src/util/FIFO.h ****         {
  67:../../libDaisy/src/util/FIFO.h ****             if(IsFull())
  68:../../libDaisy/src/util/FIFO.h ****                 return numAdded;
  69:../../libDaisy/src/util/FIFO.h **** 
  70:../../libDaisy/src/util/FIFO.h ****             PushBack(v);
  71:../../libDaisy/src/util/FIFO.h ****             numAdded++;
  72:../../libDaisy/src/util/FIFO.h ****         }
  73:../../libDaisy/src/util/FIFO.h ****         return numAdded;
  74:../../libDaisy/src/util/FIFO.h ****     }
  75:../../libDaisy/src/util/FIFO.h **** 
  76:../../libDaisy/src/util/FIFO.h ****     /** returns a reference to the last element */
  77:../../libDaisy/src/util/FIFO.h ****     T& Back()
  78:../../libDaisy/src/util/FIFO.h ****     {
  79:../../libDaisy/src/util/FIFO.h ****         if(IsEmpty())
  80:../../libDaisy/src/util/FIFO.h ****             // invalid, but better not pass a temporary T() object as a reference...
  81:../../libDaisy/src/util/FIFO.h ****             return buffer_[0];
  82:../../libDaisy/src/util/FIFO.h ****         int idx = bufferIn_ - 1;
  83:../../libDaisy/src/util/FIFO.h ****         if(idx < 0)
  84:../../libDaisy/src/util/FIFO.h ****             idx += bufferSize_;
  85:../../libDaisy/src/util/FIFO.h ****         return buffer_[idx];
  86:../../libDaisy/src/util/FIFO.h ****     }
  87:../../libDaisy/src/util/FIFO.h **** 
  88:../../libDaisy/src/util/FIFO.h ****     /** returns a reference to the last element */
  89:../../libDaisy/src/util/FIFO.h ****     const T& Back() const
  90:../../libDaisy/src/util/FIFO.h ****     {
  91:../../libDaisy/src/util/FIFO.h ****         if(IsEmpty())
  92:../../libDaisy/src/util/FIFO.h ****             // invalid, but better not pass a temporary T() object as a reference...
  93:../../libDaisy/src/util/FIFO.h ****             return buffer_[0];
  94:../../libDaisy/src/util/FIFO.h ****         int idx = bufferIn_ - 1;
  95:../../libDaisy/src/util/FIFO.h ****         if(idx < 0)
  96:../../libDaisy/src/util/FIFO.h ****             idx += bufferSize_;
  97:../../libDaisy/src/util/FIFO.h ****         return buffer_[idx];
  98:../../libDaisy/src/util/FIFO.h ****     }
  99:../../libDaisy/src/util/FIFO.h **** 
 100:../../libDaisy/src/util/FIFO.h ****     /** removes and returns an element from the front of the buffer */
 101:../../libDaisy/src/util/FIFO.h ****     T PopFront()
 102:../../libDaisy/src/util/FIFO.h ****     {
 103:../../libDaisy/src/util/FIFO.h ****         if(IsEmpty())
 104:../../libDaisy/src/util/FIFO.h ****             return T();
 105:../../libDaisy/src/util/FIFO.h ****         else
 106:../../libDaisy/src/util/FIFO.h ****         {
 107:../../libDaisy/src/util/FIFO.h ****             const auto result = buffer_[bufferOut_];
 108:../../libDaisy/src/util/FIFO.h ****             bufferOut_++;
 109:../../libDaisy/src/util/FIFO.h ****             if(bufferOut_ >= bufferSize_)
 110:../../libDaisy/src/util/FIFO.h ****                 bufferOut_ -= bufferSize_;
ARM GAS  /var/folders/1b/1q9m9h2n5vq5b3524jm_htnw0000gn/T//ccCPcNPR.s 			page 7


 111:../../libDaisy/src/util/FIFO.h ****             return result;
 112:../../libDaisy/src/util/FIFO.h ****         }
 113:../../libDaisy/src/util/FIFO.h ****     }
 114:../../libDaisy/src/util/FIFO.h **** 
 115:../../libDaisy/src/util/FIFO.h ****     /** returns a copy of the first element */
 116:../../libDaisy/src/util/FIFO.h ****     T& Front()
 117:../../libDaisy/src/util/FIFO.h ****     {
 118:../../libDaisy/src/util/FIFO.h ****         if(IsEmpty())
 119:../../libDaisy/src/util/FIFO.h ****             // invalid, but better not pass a temporary T() object as a reference...
 120:../../libDaisy/src/util/FIFO.h ****             return buffer_[0];
 121:../../libDaisy/src/util/FIFO.h ****         return buffer_[bufferOut_];
 122:../../libDaisy/src/util/FIFO.h ****     }
 123:../../libDaisy/src/util/FIFO.h **** 
 124:../../libDaisy/src/util/FIFO.h ****     /** returns a reference to the first element */
 125:../../libDaisy/src/util/FIFO.h ****     const T& Front() const
 126:../../libDaisy/src/util/FIFO.h ****     {
 127:../../libDaisy/src/util/FIFO.h ****         if(IsEmpty())
 128:../../libDaisy/src/util/FIFO.h ****             // invalid, but better not pass a temporary T() object as a reference...
 129:../../libDaisy/src/util/FIFO.h ****             return buffer_[0];
 130:../../libDaisy/src/util/FIFO.h ****         return buffer_[bufferOut_];
 131:../../libDaisy/src/util/FIFO.h ****     }
 132:../../libDaisy/src/util/FIFO.h **** 
 133:../../libDaisy/src/util/FIFO.h ****     /** Returns true if the buffer contains an element equal to the provided value */
 134:../../libDaisy/src/util/FIFO.h ****     bool Contains(const T& element)
 135:../../libDaisy/src/util/FIFO.h ****     {
 136:../../libDaisy/src/util/FIFO.h ****         auto idx = bufferOut_;
 137:../../libDaisy/src/util/FIFO.h ****         while(idx != bufferIn_)
 138:../../libDaisy/src/util/FIFO.h ****         {
 139:../../libDaisy/src/util/FIFO.h ****             if(buffer_[idx] == element)
 140:../../libDaisy/src/util/FIFO.h ****                 return true;
 141:../../libDaisy/src/util/FIFO.h ****             idx++;
 142:../../libDaisy/src/util/FIFO.h ****             if(idx >= bufferSize_)
 143:../../libDaisy/src/util/FIFO.h ****                 idx -= bufferSize_;
 144:../../libDaisy/src/util/FIFO.h ****         }
 145:../../libDaisy/src/util/FIFO.h ****         return false;
 146:../../libDaisy/src/util/FIFO.h ****     }
 147:../../libDaisy/src/util/FIFO.h **** 
 148:../../libDaisy/src/util/FIFO.h ****     /** Returns the number of elements in the buffer that are equal to the provided value */
 149:../../libDaisy/src/util/FIFO.h ****     size_t CountEqualTo(const T& element)
 150:../../libDaisy/src/util/FIFO.h ****     {
 151:../../libDaisy/src/util/FIFO.h ****         size_t result = 0;
 152:../../libDaisy/src/util/FIFO.h ****         size_t idx    = bufferOut_;
 153:../../libDaisy/src/util/FIFO.h ****         while(idx != bufferIn_)
 154:../../libDaisy/src/util/FIFO.h ****         {
 155:../../libDaisy/src/util/FIFO.h ****             if(buffer_[idx] == element)
 156:../../libDaisy/src/util/FIFO.h ****                 result++;
 157:../../libDaisy/src/util/FIFO.h ****             idx++;
 158:../../libDaisy/src/util/FIFO.h ****             if(idx >= bufferSize_)
 159:../../libDaisy/src/util/FIFO.h ****                 idx -= bufferSize_;
 160:../../libDaisy/src/util/FIFO.h ****         }
 161:../../libDaisy/src/util/FIFO.h ****         return result;
 162:../../libDaisy/src/util/FIFO.h ****     }
 163:../../libDaisy/src/util/FIFO.h **** 
 164:../../libDaisy/src/util/FIFO.h ****     /** returns true, if the buffer is empty */
 165:../../libDaisy/src/util/FIFO.h ****     bool IsEmpty() const { return bufferIn_ == bufferOut_; }
 166:../../libDaisy/src/util/FIFO.h **** 
 167:../../libDaisy/src/util/FIFO.h ****     /** returns true, if the buffer is Full */
ARM GAS  /var/folders/1b/1q9m9h2n5vq5b3524jm_htnw0000gn/T//ccCPcNPR.s 			page 8


 168:../../libDaisy/src/util/FIFO.h ****     bool IsFull() const { return GetNumElements() == bufferSize_ - 1; }
 169:../../libDaisy/src/util/FIFO.h **** 
 170:../../libDaisy/src/util/FIFO.h ****     /** returns the number of elements in the buffer */
 171:../../libDaisy/src/util/FIFO.h ****     size_t GetNumElements() const
 172:../../libDaisy/src/util/FIFO.h ****     {
 173:../../libDaisy/src/util/FIFO.h ****         int32_t numElements = bufferIn_ - bufferOut_;
 174:../../libDaisy/src/util/FIFO.h ****         if(numElements < 0)
 175:../../libDaisy/src/util/FIFO.h ****             numElements += bufferSize_;
 176:../../libDaisy/src/util/FIFO.h ****         return size_t(numElements);
 177:../../libDaisy/src/util/FIFO.h ****     }
 178:../../libDaisy/src/util/FIFO.h **** 
 179:../../libDaisy/src/util/FIFO.h ****     /** inserts an element "idx" positions behind the first element and returns true if successful 
 180:../../libDaisy/src/util/FIFO.h ****     bool Insert(size_t idx, const T& element)
 181:../../libDaisy/src/util/FIFO.h ****     {
 182:../../libDaisy/src/util/FIFO.h ****         if(idx > GetNumElements())
 183:../../libDaisy/src/util/FIFO.h ****             return false;
 184:../../libDaisy/src/util/FIFO.h ****         if(IsFull())
 185:../../libDaisy/src/util/FIFO.h ****             return false;
 186:../../libDaisy/src/util/FIFO.h ****         if(idx == GetNumElements())
 187:../../libDaisy/src/util/FIFO.h ****         {
 188:../../libDaisy/src/util/FIFO.h ****             PushBack(element);
 189:../../libDaisy/src/util/FIFO.h ****             return true;
 190:../../libDaisy/src/util/FIFO.h ****         }
 191:../../libDaisy/src/util/FIFO.h ****         // copy last element
 192:../../libDaisy/src/util/FIFO.h ****         PushBack(Back());
 193:../../libDaisy/src/util/FIFO.h ****         // move remaining elements: n => n+1
 194:../../libDaisy/src/util/FIFO.h ****         for(int i = GetNumElements() - 2; i > int(idx); i--)
 195:../../libDaisy/src/util/FIFO.h ****             (*this)[i] = (*this)[i - 1];
 196:../../libDaisy/src/util/FIFO.h ****         // insert element
 197:../../libDaisy/src/util/FIFO.h ****         (*this)[idx] = element;
 198:../../libDaisy/src/util/FIFO.h ****         return true;
 199:../../libDaisy/src/util/FIFO.h ****     }
 200:../../libDaisy/src/util/FIFO.h **** 
 201:../../libDaisy/src/util/FIFO.h ****     /** removes the element "idx" positions behind the first element 
 202:../../libDaisy/src/util/FIFO.h ****      *  and returns true if successful */
 203:../../libDaisy/src/util/FIFO.h ****     bool Remove(size_t idx)
 204:../../libDaisy/src/util/FIFO.h ****     {
 205:../../libDaisy/src/util/FIFO.h ****         if(idx >= GetNumElements())
 206:../../libDaisy/src/util/FIFO.h ****             return false;
 207:../../libDaisy/src/util/FIFO.h **** 
 208:../../libDaisy/src/util/FIFO.h ****         size_t index = bufferOut_ + idx;
 209:../../libDaisy/src/util/FIFO.h ****         if(index >= bufferSize_)
 210:../../libDaisy/src/util/FIFO.h ****             index -= bufferSize_;
 211:../../libDaisy/src/util/FIFO.h ****         size_t nextIndex = index + 1;
 212:../../libDaisy/src/util/FIFO.h ****         if(nextIndex >= bufferSize_)
 213:../../libDaisy/src/util/FIFO.h ****             nextIndex -= bufferSize_;
 214:../../libDaisy/src/util/FIFO.h **** 
 215:../../libDaisy/src/util/FIFO.h ****         while(nextIndex != bufferIn_)
 216:../../libDaisy/src/util/FIFO.h ****         {
 217:../../libDaisy/src/util/FIFO.h ****             buffer_[index] = buffer_[nextIndex];
 218:../../libDaisy/src/util/FIFO.h ****             index++;
 219:../../libDaisy/src/util/FIFO.h ****             nextIndex++;
 220:../../libDaisy/src/util/FIFO.h ****             if(index >= bufferSize_)
 221:../../libDaisy/src/util/FIFO.h ****                 index -= bufferSize_;
 222:../../libDaisy/src/util/FIFO.h ****             if(nextIndex >= bufferSize_)
 223:../../libDaisy/src/util/FIFO.h ****                 nextIndex -= bufferSize_;
 224:../../libDaisy/src/util/FIFO.h ****         }
ARM GAS  /var/folders/1b/1q9m9h2n5vq5b3524jm_htnw0000gn/T//ccCPcNPR.s 			page 9


 225:../../libDaisy/src/util/FIFO.h **** 
 226:../../libDaisy/src/util/FIFO.h ****         int32_t nextBufferIn = int32_t(bufferIn_) - 1;
 227:../../libDaisy/src/util/FIFO.h ****         if(nextBufferIn < 0)
 228:../../libDaisy/src/util/FIFO.h ****             nextBufferIn += bufferSize_;
 229:../../libDaisy/src/util/FIFO.h ****         bufferIn_ = size_t(nextBufferIn);
 230:../../libDaisy/src/util/FIFO.h **** 
 231:../../libDaisy/src/util/FIFO.h ****         return true;
 232:../../libDaisy/src/util/FIFO.h ****     }
 233:../../libDaisy/src/util/FIFO.h **** 
 234:../../libDaisy/src/util/FIFO.h ****     /** removes all elements from the buffer for which
 235:../../libDaisy/src/util/FIFO.h ****         (buffer(index) == element) returns true and returns the number of
 236:../../libDaisy/src/util/FIFO.h ****         elements that were removed. */
 237:../../libDaisy/src/util/FIFO.h ****     size_t RemoveAllEqualTo(const T& element)
 238:../../libDaisy/src/util/FIFO.h ****     {
 239:../../libDaisy/src/util/FIFO.h ****         size_t numRemoved = 0;
 240:../../libDaisy/src/util/FIFO.h ****         int    idx        = GetNumElements() - 1;
 241:../../libDaisy/src/util/FIFO.h ****         while(idx >= 0)
 242:../../libDaisy/src/util/FIFO.h ****         {
 243:../../libDaisy/src/util/FIFO.h ****             if((*this)[idx] == element)
 244:../../libDaisy/src/util/FIFO.h ****             {
 245:../../libDaisy/src/util/FIFO.h ****                 numRemoved++;
 246:../../libDaisy/src/util/FIFO.h ****                 Remove(idx);
 247:../../libDaisy/src/util/FIFO.h ****                 // was that the last element?
 248:../../libDaisy/src/util/FIFO.h ****                 if(idx == int(GetNumElements()) - 1)
 249:../../libDaisy/src/util/FIFO.h ****                     idx--;
 250:../../libDaisy/src/util/FIFO.h ****             }
 251:../../libDaisy/src/util/FIFO.h ****             else
 252:../../libDaisy/src/util/FIFO.h ****                 idx--;
 253:../../libDaisy/src/util/FIFO.h ****         }
 254:../../libDaisy/src/util/FIFO.h ****         return numRemoved;
 255:../../libDaisy/src/util/FIFO.h ****     }
 256:../../libDaisy/src/util/FIFO.h **** 
 257:../../libDaisy/src/util/FIFO.h ****     /** returns the element "idx" positions behind the first element */
 258:../../libDaisy/src/util/FIFO.h ****     T& operator[](size_t idx)
 259:../../libDaisy/src/util/FIFO.h ****     {
 260:../../libDaisy/src/util/FIFO.h ****         if(idx >= GetNumElements())
 261:../../libDaisy/src/util/FIFO.h ****             // invalid, but better not pass a temporary T() object as a reference...
 262:../../libDaisy/src/util/FIFO.h ****             return buffer_[0];
 263:../../libDaisy/src/util/FIFO.h **** 
 264:../../libDaisy/src/util/FIFO.h ****         size_t index = bufferOut_ + idx;
 265:../../libDaisy/src/util/FIFO.h ****         if(index >= bufferSize_)
 266:../../libDaisy/src/util/FIFO.h ****             index -= bufferSize_;
 267:../../libDaisy/src/util/FIFO.h ****         return buffer_[index];
 268:../../libDaisy/src/util/FIFO.h ****     }
 269:../../libDaisy/src/util/FIFO.h **** 
 270:../../libDaisy/src/util/FIFO.h ****     /** returns the element "idx" positions behind the first element */
 271:../../libDaisy/src/util/FIFO.h ****     const T& operator[](size_t idx) const
 272:../../libDaisy/src/util/FIFO.h ****     {
 273:../../libDaisy/src/util/FIFO.h ****         if(idx >= GetNumElements())
 274:../../libDaisy/src/util/FIFO.h ****             // invalid, but better not pass a temporary T() object as a reference...
 275:../../libDaisy/src/util/FIFO.h ****             return buffer_[0];
 276:../../libDaisy/src/util/FIFO.h **** 
 277:../../libDaisy/src/util/FIFO.h ****         size_t index = bufferOut_ + idx;
 278:../../libDaisy/src/util/FIFO.h ****         if(index >= bufferSize_)
 279:../../libDaisy/src/util/FIFO.h ****             index -= bufferSize_;
 280:../../libDaisy/src/util/FIFO.h ****         return buffer_[index];
 281:../../libDaisy/src/util/FIFO.h ****     }
ARM GAS  /var/folders/1b/1q9m9h2n5vq5b3524jm_htnw0000gn/T//ccCPcNPR.s 			page 10


 282:../../libDaisy/src/util/FIFO.h **** 
 283:../../libDaisy/src/util/FIFO.h ****     /** returns the total capacity */
 284:../../libDaisy/src/util/FIFO.h ****     size_t GetCapacity() const { return bufferSize_ - 1; }
 285:../../libDaisy/src/util/FIFO.h **** 
 286:../../libDaisy/src/util/FIFO.h ****   private:
 287:../../libDaisy/src/util/FIFO.h ****     FIFOBase(const FIFOBase<T>&) {} // non copyable
 288:../../libDaisy/src/util/FIFO.h **** 
 289:../../libDaisy/src/util/FIFO.h ****   private:
 290:../../libDaisy/src/util/FIFO.h ****     T*           buffer_;
 291:../../libDaisy/src/util/FIFO.h ****     const size_t bufferSize_;
 292:../../libDaisy/src/util/FIFO.h ****     size_t       bufferIn_;
 293:../../libDaisy/src/util/FIFO.h ****     size_t       bufferOut_;
 294:../../libDaisy/src/util/FIFO.h **** };
 295:../../libDaisy/src/util/FIFO.h **** 
 296:../../libDaisy/src/util/FIFO.h **** /** A simple FIFO ring buffer with a fixed size. */
 297:../../libDaisy/src/util/FIFO.h **** template <typename T, size_t capacity>
 298:../../libDaisy/src/util/FIFO.h **** class FIFO : public FIFOBase<T>
  42              		.loc 3 298 7 view .LVU2
  43              	.LBB414:
  44              	.LBI414:
  42:../../libDaisy/src/util/FIFO.h **** 
  45              		.loc 3 42 5 view .LVU3
  42:../../libDaisy/src/util/FIFO.h **** 
  46              		.loc 3 42 5 is_stmt 0 view .LVU4
  47              	.LBE414:
  48              	.LBE413:
  49              	.LBB415:
  50              	.LBI415:
  51              		.file 4 "../../libDaisy/src/hid/midi_parser.h"
   1:../../libDaisy/src/hid/midi_parser.h **** #pragma once
   2:../../libDaisy/src/hid/midi_parser.h **** #ifndef DSY_MIDI_PARSER_H
   3:../../libDaisy/src/hid/midi_parser.h **** #define DSY_MIDI_PARSER_H
   4:../../libDaisy/src/hid/midi_parser.h **** 
   5:../../libDaisy/src/hid/midi_parser.h **** #include <stdint.h>
   6:../../libDaisy/src/hid/midi_parser.h **** #include <stdlib.h>
   7:../../libDaisy/src/hid/midi_parser.h **** #include "hid/MidiEvent.h"
   8:../../libDaisy/src/hid/midi_parser.h **** 
   9:../../libDaisy/src/hid/midi_parser.h **** namespace daisy
  10:../../libDaisy/src/hid/midi_parser.h **** {
  11:../../libDaisy/src/hid/midi_parser.h **** /** @brief   Utility class for parsing raw byte streams into MIDI messages
  12:../../libDaisy/src/hid/midi_parser.h ****  *  @details Implemented as a state machine designed to parse one byte at a time
  13:../../libDaisy/src/hid/midi_parser.h ****  *  @ingroup midi
  14:../../libDaisy/src/hid/midi_parser.h ****  */
  15:../../libDaisy/src/hid/midi_parser.h **** class MidiParser
  16:../../libDaisy/src/hid/midi_parser.h **** {
  17:../../libDaisy/src/hid/midi_parser.h ****   public:
  18:../../libDaisy/src/hid/midi_parser.h ****     MidiParser(){};
  19:../../libDaisy/src/hid/midi_parser.h ****     ~MidiParser() {}
  52              		.loc 4 19 5 is_stmt 1 view .LVU5
  53              		.loc 4 19 5 is_stmt 0 view .LVU6
  54              	.LBE415:
  55              	.LBB416:
  56              	.LBI416:
  32:../../libDaisy/src/hid/midi.h **** 
  57              		.loc 2 32 5 is_stmt 1 view .LVU7
  32:../../libDaisy/src/hid/midi.h **** 
  58              		.loc 2 32 5 is_stmt 0 view .LVU8
ARM GAS  /var/folders/1b/1q9m9h2n5vq5b3524jm_htnw0000gn/T//ccCPcNPR.s 			page 11


  59              	.LBE416:
  60              	.LBE412:
  61              	.LBB417:
  62              	.LBI417:
  63              		.file 5 "../../libDaisy/src/hid/rgb_led.h"
   1:../../libDaisy/src/hid/rgb_led.h **** #pragma once
   2:../../libDaisy/src/hid/rgb_led.h **** #ifndef DSY_RGB_LED_H
   3:../../libDaisy/src/hid/rgb_led.h **** #define DSY_RGB_LED_H
   4:../../libDaisy/src/hid/rgb_led.h **** #include "hid/led.h"
   5:../../libDaisy/src/hid/rgb_led.h **** #include "util/color.h"
   6:../../libDaisy/src/hid/rgb_led.h **** 
   7:../../libDaisy/src/hid/rgb_led.h **** namespace daisy
   8:../../libDaisy/src/hid/rgb_led.h **** {
   9:../../libDaisy/src/hid/rgb_led.h **** /** @addtogroup feedback
  10:../../libDaisy/src/hid/rgb_led.h ****     @{
  11:../../libDaisy/src/hid/rgb_led.h **** */
  12:../../libDaisy/src/hid/rgb_led.h **** 
  13:../../libDaisy/src/hid/rgb_led.h **** /** 3x LEDs configured as an RGB for ease of use. */
  14:../../libDaisy/src/hid/rgb_led.h **** class RgbLed
  15:../../libDaisy/src/hid/rgb_led.h **** {
  16:../../libDaisy/src/hid/rgb_led.h ****   public:
  17:../../libDaisy/src/hid/rgb_led.h ****     RgbLed() {}
  18:../../libDaisy/src/hid/rgb_led.h ****     ~RgbLed() {}
  64              		.loc 5 18 5 is_stmt 1 view .LVU9
  65              	.LBB418:
  66              	.LBI418:
  67              		.file 6 "../../libDaisy/src/hid/led.h"
   1:../../libDaisy/src/hid/led.h **** 
   2:../../libDaisy/src/hid/led.h **** #pragma once
   3:../../libDaisy/src/hid/led.h **** #ifndef DSY_LED_H
   4:../../libDaisy/src/hid/led.h **** #define DSY_LED_H
   5:../../libDaisy/src/hid/led.h **** #include "daisy_core.h"
   6:../../libDaisy/src/hid/led.h **** #include "per/gpio.h"
   7:../../libDaisy/src/hid/led.h **** 
   8:../../libDaisy/src/hid/led.h **** /* TODO - Get this set up to work with the dev_leddriver stuff as well
   9:../../libDaisy/src/hid/led.h **** - Setup Hardware PWM for pins that have it
  10:../../libDaisy/src/hid/led.h **** */
  11:../../libDaisy/src/hid/led.h **** 
  12:../../libDaisy/src/hid/led.h **** namespace daisy
  13:../../libDaisy/src/hid/led.h **** {
  14:../../libDaisy/src/hid/led.h **** /**
  15:../../libDaisy/src/hid/led.h ****     @brief LED Class providing simple Software PWM ability, etc \n 
  16:../../libDaisy/src/hid/led.h ****     Eventually this will work with hardware PWM, and external LED Driver devices as well.
  17:../../libDaisy/src/hid/led.h ****     @author shensley
  18:../../libDaisy/src/hid/led.h ****     @date March 2020
  19:../../libDaisy/src/hid/led.h ****     @ingroup feedback
  20:../../libDaisy/src/hid/led.h **** */
  21:../../libDaisy/src/hid/led.h **** class Led
  22:../../libDaisy/src/hid/led.h **** {
  23:../../libDaisy/src/hid/led.h ****   public:
  24:../../libDaisy/src/hid/led.h ****     Led() {}
  25:../../libDaisy/src/hid/led.h ****     ~Led() {}
  68              		.loc 6 25 5 view .LVU10
  69              		.loc 6 25 5 is_stmt 0 view .LVU11
  70              	.LBE418:
  71              	.LBB419:
  72              	.LBI419:
ARM GAS  /var/folders/1b/1q9m9h2n5vq5b3524jm_htnw0000gn/T//ccCPcNPR.s 			page 12


  73              		.loc 6 25 5 is_stmt 1 view .LVU12
  74              		.loc 6 25 5 is_stmt 0 view .LVU13
  75              	.LBE419:
  76              	.LBB420:
  77              	.LBI420:
  78              		.loc 6 25 5 is_stmt 1 view .LVU14
  79              		.loc 6 25 5 is_stmt 0 view .LVU15
  80              	.LBE420:
  81              	.LBE417:
  82              	.LBB421:
  83              	.LBI421:
  84              		.loc 5 18 5 is_stmt 1 view .LVU16
  85              	.LBB422:
  86              	.LBI422:
  87              		.loc 6 25 5 view .LVU17
  88              		.loc 6 25 5 is_stmt 0 view .LVU18
  89              	.LBE422:
  90              	.LBB423:
  91              	.LBI423:
  92              		.loc 6 25 5 is_stmt 1 view .LVU19
  93              		.loc 6 25 5 is_stmt 0 view .LVU20
  94              	.LBE423:
  95              	.LBB424:
  96              	.LBI424:
  97              		.loc 6 25 5 is_stmt 1 view .LVU21
  98              		.loc 6 25 5 is_stmt 0 view .LVU22
  99              	.LBE424:
 100              	.LBE421:
 101              	.LBB425:
 102              	.LBI425:
 103              		.file 7 "../../libDaisy/src/hid/switch.h"
   1:../../libDaisy/src/hid/switch.h **** #pragma once
   2:../../libDaisy/src/hid/switch.h **** #ifndef DSY_SWITCH_H
   3:../../libDaisy/src/hid/switch.h **** #define DSY_SWITCH_H
   4:../../libDaisy/src/hid/switch.h **** #include "daisy_core.h"
   5:../../libDaisy/src/hid/switch.h **** #include "per/gpio.h"
   6:../../libDaisy/src/hid/switch.h **** #include "sys/system.h"
   7:../../libDaisy/src/hid/switch.h **** 
   8:../../libDaisy/src/hid/switch.h **** namespace daisy
   9:../../libDaisy/src/hid/switch.h **** {
  10:../../libDaisy/src/hid/switch.h **** /** 
  11:../../libDaisy/src/hid/switch.h ****     Generic Class for handling momentary/latching switches \n 
  12:../../libDaisy/src/hid/switch.h ****     Inspired/influenced by Mutable Instruments (pichenettes) Switch classes
  13:../../libDaisy/src/hid/switch.h ****     @author Stephen Hensley
  14:../../libDaisy/src/hid/switch.h ****     @date December 2019
  15:../../libDaisy/src/hid/switch.h ****     @ingroup controls
  16:../../libDaisy/src/hid/switch.h **** */
  17:../../libDaisy/src/hid/switch.h **** class Switch
  18:../../libDaisy/src/hid/switch.h **** {
  19:../../libDaisy/src/hid/switch.h ****   public:
  20:../../libDaisy/src/hid/switch.h ****     /** Specifies the expected behavior of the switch */
  21:../../libDaisy/src/hid/switch.h ****     enum Type
  22:../../libDaisy/src/hid/switch.h ****     {
  23:../../libDaisy/src/hid/switch.h ****         TYPE_TOGGLE,    /**< & */
  24:../../libDaisy/src/hid/switch.h ****         TYPE_MOMENTARY, /**< & */
  25:../../libDaisy/src/hid/switch.h ****     };
  26:../../libDaisy/src/hid/switch.h ****     /** Specifies whether the pressed is HIGH or LOW. */
ARM GAS  /var/folders/1b/1q9m9h2n5vq5b3524jm_htnw0000gn/T//ccCPcNPR.s 			page 13


  27:../../libDaisy/src/hid/switch.h ****     enum Polarity
  28:../../libDaisy/src/hid/switch.h ****     {
  29:../../libDaisy/src/hid/switch.h ****         POLARITY_NORMAL,   /**< & */
  30:../../libDaisy/src/hid/switch.h ****         POLARITY_INVERTED, /**< & */
  31:../../libDaisy/src/hid/switch.h ****     };
  32:../../libDaisy/src/hid/switch.h **** 
  33:../../libDaisy/src/hid/switch.h ****     /** Specifies whether to use built-in Pull Up/Down resistors to hold button at a given state wh
  34:../../libDaisy/src/hid/switch.h ****     enum Pull
  35:../../libDaisy/src/hid/switch.h ****     {
  36:../../libDaisy/src/hid/switch.h ****         PULL_UP,   /**< & */
  37:../../libDaisy/src/hid/switch.h ****         PULL_DOWN, /**< & */
  38:../../libDaisy/src/hid/switch.h ****         PULL_NONE, /**< & */
  39:../../libDaisy/src/hid/switch.h ****     };
  40:../../libDaisy/src/hid/switch.h **** 
  41:../../libDaisy/src/hid/switch.h ****     Switch() {}
  42:../../libDaisy/src/hid/switch.h ****     ~Switch() {}
 104              		.loc 7 42 5 is_stmt 1 view .LVU23
 105              		.loc 7 42 5 is_stmt 0 view .LVU24
 106              	.LBE425:
 107              	.LBB426:
 108              	.LBI426:
 109              		.loc 7 42 5 is_stmt 1 view .LVU25
 110              		.loc 7 42 5 is_stmt 0 view .LVU26
 111              	.LBE426:
 112              	.LBB427:
 113              	.LBI427:
 114              		.file 8 "../../libDaisy/src/hid/ctrl.h"
   1:../../libDaisy/src/hid/ctrl.h **** #pragma once
   2:../../libDaisy/src/hid/ctrl.h **** #ifndef DSY_KNOB_H
   3:../../libDaisy/src/hid/ctrl.h **** #define DSY_KNOB_H /**< & */
   4:../../libDaisy/src/hid/ctrl.h **** #include <stdint.h>
   5:../../libDaisy/src/hid/ctrl.h **** 
   6:../../libDaisy/src/hid/ctrl.h **** #ifdef __cplusplus
   7:../../libDaisy/src/hid/ctrl.h **** namespace daisy
   8:../../libDaisy/src/hid/ctrl.h **** {
   9:../../libDaisy/src/hid/ctrl.h **** /**
  10:../../libDaisy/src/hid/ctrl.h ****     @brief Hardware Interface for control inputs \n 
  11:../../libDaisy/src/hid/ctrl.h ****     Primarily designed for ADC input controls such as \n 
  12:../../libDaisy/src/hid/ctrl.h ****     potentiometers, and control voltage. \n 
  13:../../libDaisy/src/hid/ctrl.h ****     @author Stephen Hensley
  14:../../libDaisy/src/hid/ctrl.h ****     @date November 2019
  15:../../libDaisy/src/hid/ctrl.h ****     @ingroup controls
  16:../../libDaisy/src/hid/ctrl.h **** */
  17:../../libDaisy/src/hid/ctrl.h **** class AnalogControl
  18:../../libDaisy/src/hid/ctrl.h **** {
  19:../../libDaisy/src/hid/ctrl.h ****   public:
  20:../../libDaisy/src/hid/ctrl.h ****     /** Constructor */
  21:../../libDaisy/src/hid/ctrl.h ****     AnalogControl() {}
  22:../../libDaisy/src/hid/ctrl.h ****     /** destructor */
  23:../../libDaisy/src/hid/ctrl.h ****     ~AnalogControl() {}
 115              		.loc 8 23 5 is_stmt 1 view .LVU27
 116              		.loc 8 23 5 is_stmt 0 view .LVU28
 117              	.LBE427:
 118              	.LBB428:
 119              	.LBI428:
 120              		.loc 8 23 5 is_stmt 1 view .LVU29
 121              		.loc 8 23 5 is_stmt 0 view .LVU30
ARM GAS  /var/folders/1b/1q9m9h2n5vq5b3524jm_htnw0000gn/T//ccCPcNPR.s 			page 14


 122              	.LBE428:
 123              	.LBB429:
 124              	.LBI429:
 125              		.file 9 "../../libDaisy/src/hid/encoder.h"
   1:../../libDaisy/src/hid/encoder.h **** #pragma once
   2:../../libDaisy/src/hid/encoder.h **** #ifndef DSY_ENCODER_H
   3:../../libDaisy/src/hid/encoder.h **** #define DSY_ENCODER_H
   4:../../libDaisy/src/hid/encoder.h **** #include "daisy_core.h"
   5:../../libDaisy/src/hid/encoder.h **** #include "per/gpio.h"
   6:../../libDaisy/src/hid/encoder.h **** #include "hid/switch.h"
   7:../../libDaisy/src/hid/encoder.h **** 
   8:../../libDaisy/src/hid/encoder.h **** namespace daisy
   9:../../libDaisy/src/hid/encoder.h **** {
  10:../../libDaisy/src/hid/encoder.h **** /** 
  11:../../libDaisy/src/hid/encoder.h ****     @brief Generic Class for handling Quadrature Encoders \n 
  12:../../libDaisy/src/hid/encoder.h ****     Inspired/influenced by Mutable Instruments (pichenettes) Encoder classes
  13:../../libDaisy/src/hid/encoder.h ****     @author Stephen Hensley
  14:../../libDaisy/src/hid/encoder.h ****     @date December 2019
  15:../../libDaisy/src/hid/encoder.h ****     @ingroup controls
  16:../../libDaisy/src/hid/encoder.h **** */
  17:../../libDaisy/src/hid/encoder.h **** class Encoder
  18:../../libDaisy/src/hid/encoder.h **** {
  19:../../libDaisy/src/hid/encoder.h ****   public:
  20:../../libDaisy/src/hid/encoder.h ****     Encoder() {}
  21:../../libDaisy/src/hid/encoder.h ****     ~Encoder() {}
 126              		.loc 9 21 5 is_stmt 1 view .LVU31
 127              	.LBB430:
 128              	.LBI430:
 129              		.loc 7 42 5 view .LVU32
 130              		.loc 7 42 5 is_stmt 0 view .LVU33
 131              	.LBE430:
 132              	.LBE429:
 133              	.LBB431:
 134              	.LBI431:
 135              		.file 10 "../../libDaisy/src/daisy_seed.h"
   1:../../libDaisy/src/daisy_seed.h **** #pragma once
   2:../../libDaisy/src/daisy_seed.h **** #ifndef DSY_SEED_H
   3:../../libDaisy/src/daisy_seed.h **** #define DSY_SEED_H
   4:../../libDaisy/src/daisy_seed.h **** 
   5:../../libDaisy/src/daisy_seed.h **** #include "daisy.h"
   6:../../libDaisy/src/daisy_seed.h **** 
   7:../../libDaisy/src/daisy_seed.h **** //Uncomment this out if you're still using the rev2 hardware
   8:../../libDaisy/src/daisy_seed.h **** //#define SEED_REV2
   9:../../libDaisy/src/daisy_seed.h **** 
  10:../../libDaisy/src/daisy_seed.h **** namespace daisy
  11:../../libDaisy/src/daisy_seed.h **** {
  12:../../libDaisy/src/daisy_seed.h **** /**
  13:../../libDaisy/src/daisy_seed.h ****    @brief This is the higher-level interface for the Daisy board. \n 
  14:../../libDaisy/src/daisy_seed.h ****     All basic peripheral configuration/initialization is setup here. \n
  15:../../libDaisy/src/daisy_seed.h **** 
  16:../../libDaisy/src/daisy_seed.h ****    @ingroup boards
  17:../../libDaisy/src/daisy_seed.h **** */
  18:../../libDaisy/src/daisy_seed.h **** class DaisySeed
  19:../../libDaisy/src/daisy_seed.h **** {
  20:../../libDaisy/src/daisy_seed.h ****   public:
  21:../../libDaisy/src/daisy_seed.h ****     DaisySeed() {}
  22:../../libDaisy/src/daisy_seed.h ****     ~DaisySeed() {}
ARM GAS  /var/folders/1b/1q9m9h2n5vq5b3524jm_htnw0000gn/T//ccCPcNPR.s 			page 15


 136              		.loc 10 22 5 is_stmt 1 view .LVU34
 137              	.LBB432:
 138              	.LBI432:
 139              		.file 11 "../../libDaisy/src/sys/system.h"
   1:../../libDaisy/src/sys/system.h **** #ifndef DSY_SYSTEM_H
   2:../../libDaisy/src/sys/system.h **** #define DSY_SYSTEM_H
   3:../../libDaisy/src/sys/system.h **** 
   4:../../libDaisy/src/sys/system.h **** #ifndef UNIT_TEST // for unit tests, a dummy implementation is provided below
   5:../../libDaisy/src/sys/system.h **** 
   6:../../libDaisy/src/sys/system.h **** #include <cstdint>
   7:../../libDaisy/src/sys/system.h **** #include "per/tim.h"
   8:../../libDaisy/src/sys/system.h **** 
   9:../../libDaisy/src/sys/system.h **** namespace daisy
  10:../../libDaisy/src/sys/system.h **** {
  11:../../libDaisy/src/sys/system.h **** /** A handle for interacting with the Core System.
  12:../../libDaisy/src/sys/system.h ****  ** This includes the Clock tree, MPU, global DMA initialization,
  13:../../libDaisy/src/sys/system.h ****  ** cache handling, and any other necessary global initiailzation
  14:../../libDaisy/src/sys/system.h ****  **
  15:../../libDaisy/src/sys/system.h ****  ** @author shensley
  16:../../libDaisy/src/sys/system.h ****  ** @ingroup system
  17:../../libDaisy/src/sys/system.h ****  */
  18:../../libDaisy/src/sys/system.h **** class System
  19:../../libDaisy/src/sys/system.h **** {
  20:../../libDaisy/src/sys/system.h ****   public:
  21:../../libDaisy/src/sys/system.h ****     /** Contains settings for initializing the System */
  22:../../libDaisy/src/sys/system.h ****     struct Config
  23:../../libDaisy/src/sys/system.h ****     {
  24:../../libDaisy/src/sys/system.h ****         /** Specifies the system clock frequency that feeds APB/AHB clocks, etc. */
  25:../../libDaisy/src/sys/system.h ****         enum class SysClkFreq
  26:../../libDaisy/src/sys/system.h ****         {
  27:../../libDaisy/src/sys/system.h ****             FREQ_400MHZ,
  28:../../libDaisy/src/sys/system.h ****             FREQ_480MHZ,
  29:../../libDaisy/src/sys/system.h ****         };
  30:../../libDaisy/src/sys/system.h **** 
  31:../../libDaisy/src/sys/system.h ****         /** Method to call on the struct to set to defaults
  32:../../libDaisy/src/sys/system.h ****          ** CPU Freq set to 400MHz
  33:../../libDaisy/src/sys/system.h ****          ** Cache Enabled
  34:../../libDaisy/src/sys/system.h ****          ** */
  35:../../libDaisy/src/sys/system.h ****         void Defaults()
  36:../../libDaisy/src/sys/system.h ****         {
  37:../../libDaisy/src/sys/system.h ****             cpu_freq    = SysClkFreq::FREQ_400MHZ;
  38:../../libDaisy/src/sys/system.h ****             use_dcache  = true;
  39:../../libDaisy/src/sys/system.h ****             use_icache  = true;
  40:../../libDaisy/src/sys/system.h ****             skip_clocks = false;
  41:../../libDaisy/src/sys/system.h ****         }
  42:../../libDaisy/src/sys/system.h **** 
  43:../../libDaisy/src/sys/system.h ****         /** Method to call on the struct to set to boost mode:
  44:../../libDaisy/src/sys/system.h ****          ** CPU Freq set to 480MHz
  45:../../libDaisy/src/sys/system.h ****          ** Cache Enabled
  46:../../libDaisy/src/sys/system.h ****          ** */
  47:../../libDaisy/src/sys/system.h ****         void Boost()
  48:../../libDaisy/src/sys/system.h ****         {
  49:../../libDaisy/src/sys/system.h ****             cpu_freq    = SysClkFreq::FREQ_480MHZ;
  50:../../libDaisy/src/sys/system.h ****             use_dcache  = true;
  51:../../libDaisy/src/sys/system.h ****             use_icache  = true;
  52:../../libDaisy/src/sys/system.h ****             skip_clocks = false;
  53:../../libDaisy/src/sys/system.h ****         }
ARM GAS  /var/folders/1b/1q9m9h2n5vq5b3524jm_htnw0000gn/T//ccCPcNPR.s 			page 16


  54:../../libDaisy/src/sys/system.h **** 
  55:../../libDaisy/src/sys/system.h ****         SysClkFreq cpu_freq;
  56:../../libDaisy/src/sys/system.h ****         bool       use_dcache;
  57:../../libDaisy/src/sys/system.h ****         bool       use_icache;
  58:../../libDaisy/src/sys/system.h ****         bool       skip_clocks;
  59:../../libDaisy/src/sys/system.h ****     };
  60:../../libDaisy/src/sys/system.h **** 
  61:../../libDaisy/src/sys/system.h ****     /** Describes the different regions of memory available to the Daisy */
  62:../../libDaisy/src/sys/system.h ****     enum MemoryRegion
  63:../../libDaisy/src/sys/system.h ****     {
  64:../../libDaisy/src/sys/system.h ****         INTERNAL_FLASH = 0,
  65:../../libDaisy/src/sys/system.h ****         ITCMRAM,
  66:../../libDaisy/src/sys/system.h ****         DTCMRAM,
  67:../../libDaisy/src/sys/system.h ****         SRAM_D1,
  68:../../libDaisy/src/sys/system.h ****         SRAM_D2,
  69:../../libDaisy/src/sys/system.h ****         SRAM_D3,
  70:../../libDaisy/src/sys/system.h ****         SDRAM,
  71:../../libDaisy/src/sys/system.h ****         QSPI,
  72:../../libDaisy/src/sys/system.h ****         INVALID_ADDRESS,
  73:../../libDaisy/src/sys/system.h ****     };
  74:../../libDaisy/src/sys/system.h **** 
  75:../../libDaisy/src/sys/system.h ****     /** Bootloader struct for controlling bootloading parameters */
  76:../../libDaisy/src/sys/system.h ****     struct BootInfo
  77:../../libDaisy/src/sys/system.h ****     {
  78:../../libDaisy/src/sys/system.h ****         enum class Type : uint32_t
  79:../../libDaisy/src/sys/system.h ****         {
  80:../../libDaisy/src/sys/system.h ****             INVALID      = 0x00000000,
  81:../../libDaisy/src/sys/system.h ****             JUMP         = 0xDEADBEEF,
  82:../../libDaisy/src/sys/system.h ****             SKIP_TIMEOUT = 0x5AFEB007,
  83:../../libDaisy/src/sys/system.h ****             INF_TIMEOUT  = 0xB0074EFA,
  84:../../libDaisy/src/sys/system.h ****         } status;
  85:../../libDaisy/src/sys/system.h ****         uint32_t data;
  86:../../libDaisy/src/sys/system.h ****         enum class Version : uint32_t
  87:../../libDaisy/src/sys/system.h ****         {
  88:../../libDaisy/src/sys/system.h ****             LT_v6_0 = 0, // Less than v6.0
  89:../../libDaisy/src/sys/system.h ****             NONE,        // No bootloader present
  90:../../libDaisy/src/sys/system.h ****             v6_0,        // v6.0
  91:../../libDaisy/src/sys/system.h ****             v6_1,        // v6.1 or greater
  92:../../libDaisy/src/sys/system.h ****             LAST
  93:../../libDaisy/src/sys/system.h ****         } version;
  94:../../libDaisy/src/sys/system.h ****     };
  95:../../libDaisy/src/sys/system.h **** 
  96:../../libDaisy/src/sys/system.h ****     System() {}
  97:../../libDaisy/src/sys/system.h ****     ~System() {}
 140              		.loc 11 97 5 view .LVU35
 141              		.loc 11 97 5 is_stmt 0 view .LVU36
 142              	.LBE432:
 143              	.LBB433:
 144              	.LBI433:
 145              		.file 12 "../../libDaisy/src/hid/usb.h"
   1:../../libDaisy/src/hid/usb.h **** #pragma once
   2:../../libDaisy/src/hid/usb.h **** #ifndef DSY_HID_USB_H
   3:../../libDaisy/src/hid/usb.h **** #define DSY_HID_USB_H
   4:../../libDaisy/src/hid/usb.h **** #include <stdint.h>
   5:../../libDaisy/src/hid/usb.h **** #include <stdlib.h>
   6:../../libDaisy/src/hid/usb.h **** 
   7:../../libDaisy/src/hid/usb.h **** namespace daisy
ARM GAS  /var/folders/1b/1q9m9h2n5vq5b3524jm_htnw0000gn/T//ccCPcNPR.s 			page 17


   8:../../libDaisy/src/hid/usb.h **** /** @addtogroup human_interface
   9:../../libDaisy/src/hid/usb.h ****     @{
  10:../../libDaisy/src/hid/usb.h **** */
  11:../../libDaisy/src/hid/usb.h **** 
  12:../../libDaisy/src/hid/usb.h **** {
  13:../../libDaisy/src/hid/usb.h **** /** 
  14:../../libDaisy/src/hid/usb.h ****     @brief Interface for initializing and using the USB Peripherals on the daisy
  15:../../libDaisy/src/hid/usb.h ****     @author Stephen Hensley
  16:../../libDaisy/src/hid/usb.h ****     @date December 2019
  17:../../libDaisy/src/hid/usb.h **** */
  18:../../libDaisy/src/hid/usb.h **** class UsbHandle
  19:../../libDaisy/src/hid/usb.h **** {
  20:../../libDaisy/src/hid/usb.h ****   public:
  21:../../libDaisy/src/hid/usb.h ****     /** Return values for USBHandle Functions */
  22:../../libDaisy/src/hid/usb.h ****     enum class Result
  23:../../libDaisy/src/hid/usb.h ****     {
  24:../../libDaisy/src/hid/usb.h ****         OK,
  25:../../libDaisy/src/hid/usb.h ****         ERR,
  26:../../libDaisy/src/hid/usb.h ****     };
  27:../../libDaisy/src/hid/usb.h **** 
  28:../../libDaisy/src/hid/usb.h ****     /** Specified which of the two USB Peripherals to initialize. */
  29:../../libDaisy/src/hid/usb.h ****     enum UsbPeriph
  30:../../libDaisy/src/hid/usb.h ****     {
  31:../../libDaisy/src/hid/usb.h ****         FS_INTERNAL, /**< Internal pin */
  32:../../libDaisy/src/hid/usb.h ****         FS_EXTERNAL, /**< FS External D+ pin is Pin 38 (GPIO32). FS External D- pin is Pin 37 (GPIO
  33:../../libDaisy/src/hid/usb.h ****         FS_BOTH,     /**< Both */
  34:../../libDaisy/src/hid/usb.h ****     };
  35:../../libDaisy/src/hid/usb.h **** 
  36:../../libDaisy/src/hid/usb.h **** 
  37:../../libDaisy/src/hid/usb.h ****     /** Function called upon reception of a buffer */
  38:../../libDaisy/src/hid/usb.h ****     typedef void (*ReceiveCallback)(uint8_t* buff, uint32_t* len);
  39:../../libDaisy/src/hid/usb.h **** 
  40:../../libDaisy/src/hid/usb.h ****     UsbHandle() {}
  41:../../libDaisy/src/hid/usb.h **** 
  42:../../libDaisy/src/hid/usb.h ****     ~UsbHandle() {}
 146              		.loc 12 42 5 is_stmt 1 view .LVU37
 147              		.loc 12 42 5 is_stmt 0 view .LVU38
 148              	.LBE433:
 149              	.LBB434:
 150              	.LBI434:
 151              		.file 13 "../../libDaisy/src/per/adc.h"
   1:../../libDaisy/src/per/adc.h **** #pragma once
   2:../../libDaisy/src/per/adc.h **** #ifndef DSY_ADC_H
   3:../../libDaisy/src/per/adc.h **** #define DSY_ADC_H /**< Macro */
   4:../../libDaisy/src/per/adc.h **** #include <stdint.h>
   5:../../libDaisy/src/per/adc.h **** #include <stdlib.h>
   6:../../libDaisy/src/per/adc.h **** #include "daisy_core.h"
   7:../../libDaisy/src/per/adc.h **** #include "per/gpio.h"
   8:../../libDaisy/src/per/adc.h **** 
   9:../../libDaisy/src/per/adc.h **** #define DSY_ADC_MAX_CHANNELS 16 /**< Maximum number of ADC channels */
  10:../../libDaisy/src/per/adc.h **** 
  11:../../libDaisy/src/per/adc.h **** namespace daisy
  12:../../libDaisy/src/per/adc.h **** {
  13:../../libDaisy/src/per/adc.h **** /** @addtogroup per_analog
  14:../../libDaisy/src/per/adc.h ****     @{
  15:../../libDaisy/src/per/adc.h **** */
  16:../../libDaisy/src/per/adc.h **** 
ARM GAS  /var/folders/1b/1q9m9h2n5vq5b3524jm_htnw0000gn/T//ccCPcNPR.s 			page 18


  17:../../libDaisy/src/per/adc.h **** /* While there may not be many configuration options here,
  18:../../libDaisy/src/per/adc.h **** using a struct like this allows us to add more configuration
  19:../../libDaisy/src/per/adc.h **** later without breaking existing functionality.
  20:../../libDaisy/src/per/adc.h **** */
  21:../../libDaisy/src/per/adc.h **** 
  22:../../libDaisy/src/per/adc.h **** /** @brief   Configuration Structure for an ADC Channel 
  23:../../libDaisy/src/per/adc.h ****  *  @details This can be used to configure a a single input, 
  24:../../libDaisy/src/per/adc.h ****  *           or a multiplexed input, allowing up to 8 inputs on 
  25:../../libDaisy/src/per/adc.h ****  *           one channel.
  26:../../libDaisy/src/per/adc.h ****  *  @note    Sharing data lines to multiple muxes _is_ possible, but
  27:../../libDaisy/src/per/adc.h ****  *           each channel sharing data lines must be set to the maximum
  28:../../libDaisy/src/per/adc.h ****  *           number of channels, even if some multiplexers have fewer
  29:../../libDaisy/src/per/adc.h ****  *           inputs connected.
  30:../../libDaisy/src/per/adc.h **** */
  31:../../libDaisy/src/per/adc.h **** struct AdcChannelConfig
  32:../../libDaisy/src/per/adc.h **** {
  33:../../libDaisy/src/per/adc.h ****     /** Which pin to use for multiplexing */
  34:../../libDaisy/src/per/adc.h ****     enum MuxPin
  35:../../libDaisy/src/per/adc.h ****     {
  36:../../libDaisy/src/per/adc.h ****         MUX_SEL_0,    /**< & */
  37:../../libDaisy/src/per/adc.h ****         MUX_SEL_1,    /**< & */
  38:../../libDaisy/src/per/adc.h ****         MUX_SEL_2,    /**< & */
  39:../../libDaisy/src/per/adc.h ****         MUX_SEL_LAST, /**< & */
  40:../../libDaisy/src/per/adc.h ****     };
  41:../../libDaisy/src/per/adc.h **** 
  42:../../libDaisy/src/per/adc.h ****     /** \brief per channel conversion speed added to fixed time based on bitdepth, etc. */
  43:../../libDaisy/src/per/adc.h ****     enum ConversionSpeed
  44:../../libDaisy/src/per/adc.h ****     {
  45:../../libDaisy/src/per/adc.h ****         SPEED_1CYCLES_5,
  46:../../libDaisy/src/per/adc.h ****         SPEED_2CYCLES_5,
  47:../../libDaisy/src/per/adc.h ****         SPEED_8CYCLES_5,
  48:../../libDaisy/src/per/adc.h ****         SPEED_16CYCLES_5,
  49:../../libDaisy/src/per/adc.h ****         SPEED_32CYCLES_5,
  50:../../libDaisy/src/per/adc.h ****         SPEED_64CYCLES_5,
  51:../../libDaisy/src/per/adc.h ****         SPEED_387CYCLES_5,
  52:../../libDaisy/src/per/adc.h ****         SPEED_810CYCLES_5,
  53:../../libDaisy/src/per/adc.h ****     };
  54:../../libDaisy/src/per/adc.h **** 
  55:../../libDaisy/src/per/adc.h ****     /** Initializes a single ADC pin as an ADC. 
  56:../../libDaisy/src/per/adc.h ****     \param pin Pin to init.
  57:../../libDaisy/src/per/adc.h ****     \param speed conversion speed for this pin defaults to 8.5 cycles
  58:../../libDaisy/src/per/adc.h ****      */
  59:../../libDaisy/src/per/adc.h ****     void InitSingle(dsy_gpio_pin pin, ConversionSpeed speed = SPEED_8CYCLES_5);
  60:../../libDaisy/src/per/adc.h **** 
  61:../../libDaisy/src/per/adc.h ****     /** 
  62:../../libDaisy/src/per/adc.h ****     Initializes a single ADC pin as a Multiplexed ADC.
  63:../../libDaisy/src/per/adc.h ****     Requires a CD405X Multiplexer connected to the pin.
  64:../../libDaisy/src/per/adc.h ****     You only need to supply the mux pins that are required,
  65:../../libDaisy/src/per/adc.h ****     e.g. a 4052 mux would only require mux_0 and mux_1.
  66:../../libDaisy/src/per/adc.h ****     Internal Callbacks handle the pin addressing.
  67:../../libDaisy/src/per/adc.h ****     \param adc_pin &
  68:../../libDaisy/src/per/adc.h ****     \param mux_channels must be 1-8
  69:../../libDaisy/src/per/adc.h ****     \param mux_0 First mux pin
  70:../../libDaisy/src/per/adc.h ****     \param mux_1 Second mux pin
  71:../../libDaisy/src/per/adc.h ****     \param mux_2 Third mux pin
  72:../../libDaisy/src/per/adc.h ****     \param speed conversion speed for this pin defaults to 8.5 cycles
  73:../../libDaisy/src/per/adc.h ****     */
ARM GAS  /var/folders/1b/1q9m9h2n5vq5b3524jm_htnw0000gn/T//ccCPcNPR.s 			page 19


  74:../../libDaisy/src/per/adc.h ****     void InitMux(dsy_gpio_pin    adc_pin,
  75:../../libDaisy/src/per/adc.h ****                  size_t          mux_channels,
  76:../../libDaisy/src/per/adc.h ****                  dsy_gpio_pin    mux_0,
  77:../../libDaisy/src/per/adc.h ****                  dsy_gpio_pin    mux_1 = {DSY_GPIOX, 0},
  78:../../libDaisy/src/per/adc.h ****                  dsy_gpio_pin    mux_2 = {DSY_GPIOX, 0},
  79:../../libDaisy/src/per/adc.h ****                  ConversionSpeed speed = SPEED_8CYCLES_5);
  80:../../libDaisy/src/per/adc.h **** 
  81:../../libDaisy/src/per/adc.h ****     dsy_gpio        pin_;                   /**< & */
  82:../../libDaisy/src/per/adc.h ****     dsy_gpio        mux_pin_[MUX_SEL_LAST]; /**< & */
  83:../../libDaisy/src/per/adc.h ****     uint8_t         mux_channels_;          /**< & */
  84:../../libDaisy/src/per/adc.h ****     ConversionSpeed speed_;
  85:../../libDaisy/src/per/adc.h **** };
  86:../../libDaisy/src/per/adc.h **** 
  87:../../libDaisy/src/per/adc.h **** /**
  88:../../libDaisy/src/per/adc.h ****    @brief Handler for analog to digital conversion
  89:../../libDaisy/src/per/adc.h **** */
  90:../../libDaisy/src/per/adc.h **** class AdcHandle
  91:../../libDaisy/src/per/adc.h **** {
  92:../../libDaisy/src/per/adc.h ****   public:
  93:../../libDaisy/src/per/adc.h ****     /** Supported oversampling amounts */
  94:../../libDaisy/src/per/adc.h ****     enum OverSampling
  95:../../libDaisy/src/per/adc.h ****     {
  96:../../libDaisy/src/per/adc.h ****         OVS_NONE, /**< & */
  97:../../libDaisy/src/per/adc.h ****         OVS_4,    /**< & */
  98:../../libDaisy/src/per/adc.h ****         OVS_8,    /**< & */
  99:../../libDaisy/src/per/adc.h ****         OVS_16,   /**< & */
 100:../../libDaisy/src/per/adc.h ****         OVS_32,   /**< & */
 101:../../libDaisy/src/per/adc.h ****         OVS_64,   /**< & */
 102:../../libDaisy/src/per/adc.h ****         OVS_128,  /**< & */
 103:../../libDaisy/src/per/adc.h ****         OVS_256,  /**< & */
 104:../../libDaisy/src/per/adc.h ****         OVS_512,  /**< & */
 105:../../libDaisy/src/per/adc.h ****         OVS_1024, /**< & */
 106:../../libDaisy/src/per/adc.h ****         OVS_LAST, /**< & */
 107:../../libDaisy/src/per/adc.h ****     };
 108:../../libDaisy/src/per/adc.h **** 
 109:../../libDaisy/src/per/adc.h ****     AdcHandle() {}
 110:../../libDaisy/src/per/adc.h ****     ~AdcHandle() {}
 152              		.loc 13 110 5 is_stmt 1 view .LVU39
 153              		.loc 13 110 5 is_stmt 0 view .LVU40
 154              	.LBE434:
 155              	.LBB435:
 156              	.LBI435:
 157              		.file 14 "../../libDaisy/src/hid/audio.h"
   1:../../libDaisy/src/hid/audio.h **** #ifndef DSY_AUDIO_H
   2:../../libDaisy/src/hid/audio.h **** #define DSY_AUDIO_H /**< & */
   3:../../libDaisy/src/hid/audio.h **** 
   4:../../libDaisy/src/hid/audio.h **** #include "per/sai.h"
   5:../../libDaisy/src/hid/audio.h **** 
   6:../../libDaisy/src/hid/audio.h **** namespace daisy
   7:../../libDaisy/src/hid/audio.h **** {
   8:../../libDaisy/src/hid/audio.h **** /** @brief Audio Engine Handle
   9:../../libDaisy/src/hid/audio.h ****  *  @ingroup audio 
  10:../../libDaisy/src/hid/audio.h ****  *  @details This class allows for higher level access to an audio engine.
  11:../../libDaisy/src/hid/audio.h ****  *           If you're using a SOM like the DaisySeed or DaisyPatchSM (or any 
  12:../../libDaisy/src/hid/audio.h ****  *            board that includes one of those objects) then the intialization
  13:../../libDaisy/src/hid/audio.h ****  *            is already taken  care of.
  14:../../libDaisy/src/hid/audio.h ****  *           If you're setting up your own custom hardware, or need to make changes
ARM GAS  /var/folders/1b/1q9m9h2n5vq5b3524jm_htnw0000gn/T//ccCPcNPR.s 			page 20


  15:../../libDaisy/src/hid/audio.h ****  *           you will have to take the following steps:
  16:../../libDaisy/src/hid/audio.h ****  *             1. Create and Initialize an SaiHandle or two depending on your requirements
  17:../../libDaisy/src/hid/audio.h ****  *             2. Initialize the Audio Handle with the desired settings and the Initialized SaiHand
  18:../../libDaisy/src/hid/audio.h ****  *             3. If the connected codec requires special configuration or initialization, do so
  19:../../libDaisy/src/hid/audio.h ****  *             4. Write a callback method using either the AudioCallback or the InterleavingAudioCa
  20:../../libDaisy/src/hid/audio.h ****  *             5. Start the Audio using one of the StartAudio function
  21:../../libDaisy/src/hid/audio.h ****  */
  22:../../libDaisy/src/hid/audio.h **** class AudioHandle
  23:../../libDaisy/src/hid/audio.h **** {
  24:../../libDaisy/src/hid/audio.h ****   public:
  25:../../libDaisy/src/hid/audio.h ****     /** Manually configurable details about the Audio Engine */
  26:../../libDaisy/src/hid/audio.h ****     /** TODO: Figure out how to get samplerate in here. */
  27:../../libDaisy/src/hid/audio.h ****     struct Config
  28:../../libDaisy/src/hid/audio.h ****     {
  29:../../libDaisy/src/hid/audio.h ****         /** number of samples to process per callback */
  30:../../libDaisy/src/hid/audio.h ****         size_t blocksize;
  31:../../libDaisy/src/hid/audio.h **** 
  32:../../libDaisy/src/hid/audio.h ****         /**< Sample rate of audio */
  33:../../libDaisy/src/hid/audio.h ****         SaiHandle::Config::SampleRate samplerate;
  34:../../libDaisy/src/hid/audio.h **** 
  35:../../libDaisy/src/hid/audio.h ****         /** factor for adjustment before and after callback for hardware that may have extra headro
  36:../../libDaisy/src/hid/audio.h ****         float postgain;
  37:../../libDaisy/src/hid/audio.h **** 
  38:../../libDaisy/src/hid/audio.h ****         /** factor for additional one-sided compensation to audio path for hardware that may
  39:../../libDaisy/src/hid/audio.h ****          *  have unequal input/output ranges
  40:../../libDaisy/src/hid/audio.h ****          */
  41:../../libDaisy/src/hid/audio.h ****         float output_compensation;
  42:../../libDaisy/src/hid/audio.h **** 
  43:../../libDaisy/src/hid/audio.h ****         /** Sets default values for config struct */
  44:../../libDaisy/src/hid/audio.h ****         Config()
  45:../../libDaisy/src/hid/audio.h ****         : blocksize(48),
  46:../../libDaisy/src/hid/audio.h ****           samplerate(SaiHandle::Config::SampleRate::SAI_48KHZ),
  47:../../libDaisy/src/hid/audio.h ****           postgain(1.f),
  48:../../libDaisy/src/hid/audio.h ****           output_compensation(1.f)
  49:../../libDaisy/src/hid/audio.h ****         {
  50:../../libDaisy/src/hid/audio.h ****         }
  51:../../libDaisy/src/hid/audio.h ****     };
  52:../../libDaisy/src/hid/audio.h **** 
  53:../../libDaisy/src/hid/audio.h ****     enum class Result
  54:../../libDaisy/src/hid/audio.h ****     {
  55:../../libDaisy/src/hid/audio.h ****         OK,
  56:../../libDaisy/src/hid/audio.h ****         ERR,
  57:../../libDaisy/src/hid/audio.h ****     };
  58:../../libDaisy/src/hid/audio.h **** 
  59:../../libDaisy/src/hid/audio.h ****     /** Non-Interleaving input buffer
  60:../../libDaisy/src/hid/audio.h ****      * Buffer arranged by float[chn][sample] 
  61:../../libDaisy/src/hid/audio.h ****      * const so that the user can't modify the input
  62:../../libDaisy/src/hid/audio.h ****      */
  63:../../libDaisy/src/hid/audio.h ****     typedef const float* const* InputBuffer;
  64:../../libDaisy/src/hid/audio.h **** 
  65:../../libDaisy/src/hid/audio.h ****     /** Non-Interleaving output buffer
  66:../../libDaisy/src/hid/audio.h ****      * Arranged by float[chn][sample] 
  67:../../libDaisy/src/hid/audio.h ****      */
  68:../../libDaisy/src/hid/audio.h ****     typedef float** OutputBuffer;
  69:../../libDaisy/src/hid/audio.h **** 
  70:../../libDaisy/src/hid/audio.h ****     /** Type for a Non-Interleaving audio callback 
  71:../../libDaisy/src/hid/audio.h ****      * Non-Interleaving audio callbacks in daisy will be of this type
ARM GAS  /var/folders/1b/1q9m9h2n5vq5b3524jm_htnw0000gn/T//ccCPcNPR.s 			page 21


  72:../../libDaisy/src/hid/audio.h ****      */
  73:../../libDaisy/src/hid/audio.h ****     typedef void (*AudioCallback)(InputBuffer  in,
  74:../../libDaisy/src/hid/audio.h ****                                   OutputBuffer out,
  75:../../libDaisy/src/hid/audio.h ****                                   size_t       size);
  76:../../libDaisy/src/hid/audio.h **** 
  77:../../libDaisy/src/hid/audio.h ****     /** Interleaving Input buffer
  78:../../libDaisy/src/hid/audio.h ****      ** audio is prepared as { L0, R0, L1, R1, . . . LN, RN }]
  79:../../libDaisy/src/hid/audio.h ****      ** this is const, as the user shouldn't modify it
  80:../../libDaisy/src/hid/audio.h ****     */
  81:../../libDaisy/src/hid/audio.h ****     typedef const float* InterleavingInputBuffer;
  82:../../libDaisy/src/hid/audio.h **** 
  83:../../libDaisy/src/hid/audio.h ****     /** Interleaving Output buffer 
  84:../../libDaisy/src/hid/audio.h ****      ** audio is prepared as { L0, R0, L1, R1, . . . LN, RN }
  85:../../libDaisy/src/hid/audio.h ****     */
  86:../../libDaisy/src/hid/audio.h ****     typedef float* InterleavingOutputBuffer;
  87:../../libDaisy/src/hid/audio.h **** 
  88:../../libDaisy/src/hid/audio.h ****     /** Interleaving Audio Callback 
  89:../../libDaisy/src/hid/audio.h ****      * Interleaving audio callbacks in daisy must be of this type
  90:../../libDaisy/src/hid/audio.h ****      */
  91:../../libDaisy/src/hid/audio.h ****     typedef void (*InterleavingAudioCallback)(InterleavingInputBuffer  in,
  92:../../libDaisy/src/hid/audio.h ****                                               InterleavingOutputBuffer out,
  93:../../libDaisy/src/hid/audio.h ****                                               size_t                   size);
  94:../../libDaisy/src/hid/audio.h **** 
  95:../../libDaisy/src/hid/audio.h ****     AudioHandle() : pimpl_(nullptr) {}
  96:../../libDaisy/src/hid/audio.h ****     ~AudioHandle() {}
 158              		.loc 14 96 5 is_stmt 1 view .LVU41
 159              		.loc 14 96 5 is_stmt 0 view .LVU42
 160              	.LBE435:
 161              	.LBE431:
 162              		.loc 1 36 18 view .LVU43
 163 0000 7047     		bx	lr
 164              		.cfi_endproc
 165              	.LFE4851:
 167              		.weak	_ZN5daisy8DaisyPodD1Ev
 168              		.thumb_set _ZN5daisy8DaisyPodD1Ev,_ZN5daisy8DaisyPodD2Ev
 169 0002 00BF     		.section	.text._Z9DesignBPFPffff,"ax",%progbits
 170              		.align	1
 171              		.p2align 2,,3
 172              		.global	_Z9DesignBPFPffff
 173              		.syntax unified
 174              		.thumb
 175              		.thumb_func
 177              	_Z9DesignBPFPffff:
 178              	.LVL1:
 179              	.LFB4860:
 180              		.file 15 "daisy_formant.cpp"
   1:daisy_formant.cpp **** // daisy_formant.cpp
   2:daisy_formant.cpp **** // -----------------
   3:daisy_formant.cpp **** // Dual-effect pedal for Daisy Pod:
   4:daisy_formant.cpp **** //
   5:daisy_formant.cpp **** //   KNOB 1 (left)  — Wah filter
   6:daisy_formant.cpp **** //                    Sweeps a bandpass filter from 350 Hz (heel) to 2500 Hz (toe).
   7:daisy_formant.cpp **** //
   8:daisy_formant.cpp **** //   KNOB 2 (right) — Vowel / talk-box filter
   9:daisy_formant.cpp **** //                    Sweeps through OO → OH → AH → AE → EE by turning clockwise.
  10:daisy_formant.cpp **** //                    Uses a 5-resonator all-pole vocal tract cascade — the same
  11:daisy_formant.cpp **** //                    physical model that makes a talk box work.
ARM GAS  /var/folders/1b/1q9m9h2n5vq5b3524jm_htnw0000gn/T//ccCPcNPR.s 			page 22


  12:daisy_formant.cpp **** //
  13:daisy_formant.cpp **** // Signal chain (mono, applied to both output channels):
  14:daisy_formant.cpp **** //
  15:daisy_formant.cpp **** //   input
  16:daisy_formant.cpp **** //     → hard-clip saturator    (drive = 10, approaches square wave)
  17:daisy_formant.cpp **** //     → high-shelf pre-emphasis (+6 dB above 1 kHz)
  18:daisy_formant.cpp **** //     → wah BPF                (knob1, Q = 4, wet = 0.8)
  19:daisy_formant.cpp **** //     → F1→F2→F3→F4→F5         (knob2, cascade of 5 all-pole resonators)
  20:daisy_formant.cpp **** //     → output
  21:daisy_formant.cpp **** //
  22:daisy_formant.cpp **** // Build: same Makefile pattern as HW4.
  23:daisy_formant.cpp **** // Flash: make && make program-dfu
  24:daisy_formant.cpp **** //
  25:daisy_formant.cpp **** // References: HW4_Q1.cpp (delay/LFO pattern), HW4_Q4/HW4_Q3.cpp (BiquadLocal struct)
  26:daisy_formant.cpp **** 
  27:daisy_formant.cpp **** #include "daisysp.h"
  28:daisy_formant.cpp **** #include "daisy_pod.h"
  29:daisy_formant.cpp **** #include <cmath>
  30:daisy_formant.cpp **** 
  31:daisy_formant.cpp **** using namespace daisysp;
  32:daisy_formant.cpp **** using namespace daisy;
  33:daisy_formant.cpp **** 
  34:daisy_formant.cpp **** static DaisyPod pod;
  35:daisy_formant.cpp **** 
  36:daisy_formant.cpp **** // ---------------------------------------------------------------------------
  37:daisy_formant.cpp **** // Constants
  38:daisy_formant.cpp **** // ---------------------------------------------------------------------------
  39:daisy_formant.cpp **** 
  40:daisy_formant.cpp **** static const float DRIVE          = 10.0f;   // hard-clip drive (square-wave source)
  41:daisy_formant.cpp **** static const float PRE_EMPHASIS_DB = 6.0f;   // high-shelf gain above 1 kHz
  42:daisy_formant.cpp **** static const float WAH_Q           = 4.0f;   // wah bandpass Q
  43:daisy_formant.cpp **** static const float WAH_F_MIN       = 350.0f; // knob1 = 0 → 350 Hz
  44:daisy_formant.cpp **** static const float WAH_F_MAX       = 2500.0f;// knob1 = 1 → 2500 Hz
  45:daisy_formant.cpp **** static const float WAH_WET         = 0.8f;   // wah dry/wet blend
  46:daisy_formant.cpp **** static const float FORMANT_WET     = 0.95f;  // formant dry/wet blend
  47:daisy_formant.cpp **** static const int   N_FORMANTS      = 5;
  48:daisy_formant.cpp **** 
  49:daisy_formant.cpp **** // Vowel formant table: 5 vowels × 5 formants (F1–F5) in Hz.
  50:daisy_formant.cpp **** // From Hillenbrand et al. (1995), American English male averages.
  51:daisy_formant.cpp **** //                      F1      F2      F3      F4      F5
  52:daisy_formant.cpp **** static const float VOWEL_F[5][5] = {
  53:daisy_formant.cpp ****     {  300.0f,   870.0f, 2240.0f, 3180.0f, 3800.0f },   // OO  "boot"
  54:daisy_formant.cpp ****     {  500.0f,  1000.0f, 2500.0f, 3300.0f, 4000.0f },   // OH  "go"
  55:daisy_formant.cpp ****     {  800.0f,  1200.0f, 2500.0f, 3300.0f, 4000.0f },   // AH  "father"
  56:daisy_formant.cpp ****     {  600.0f,  1900.0f, 2600.0f, 3300.0f, 4200.0f },   // AE  "cat"
  57:daisy_formant.cpp ****     {  300.0f,  2300.0f, 3000.0f, 3600.0f, 4300.0f },   // EE  "feet"
  58:daisy_formant.cpp **** };
  59:daisy_formant.cpp **** 
  60:daisy_formant.cpp **** // Formant bandwidths (Hz) — real vocal tract values, NOT Q-derived.
  61:daisy_formant.cpp **** static const float FORMANT_BW[5] = { 60.0f, 90.0f, 150.0f, 200.0f, 250.0f };
  62:daisy_formant.cpp **** 
  63:daisy_formant.cpp **** // ---------------------------------------------------------------------------
  64:daisy_formant.cpp **** // Biquad filter — direct-form II transposed
  65:daisy_formant.cpp **** // Identical to HW4_Q4/HW4_Q3.cpp BiquadLocal, changed to float for speed.
  66:daisy_formant.cpp **** // ---------------------------------------------------------------------------
  67:daisy_formant.cpp **** 
  68:daisy_formant.cpp **** struct Bq {
ARM GAS  /var/folders/1b/1q9m9h2n5vq5b3524jm_htnw0000gn/T//ccCPcNPR.s 			page 23


  69:daisy_formant.cpp ****     float b0, b1, b2, a1, a2, z1, z2;
  70:daisy_formant.cpp **** 
  71:daisy_formant.cpp ****     Bq() {
  72:daisy_formant.cpp ****         b0 = 1.0f; b1 = 0.0f; b2 = 0.0f;
  73:daisy_formant.cpp ****         a1 = 0.0f; a2 = 0.0f;
  74:daisy_formant.cpp ****         Reset();
  75:daisy_formant.cpp ****     }
  76:daisy_formant.cpp **** 
  77:daisy_formant.cpp ****     void SetCoefs(float* c) {
  78:daisy_formant.cpp ****         // c = [b0, b1, b2, a1, a2]
  79:daisy_formant.cpp ****         b0 = c[0]; b1 = c[1]; b2 = c[2];
  80:daisy_formant.cpp ****         a1 = c[3]; a2 = c[4];
  81:daisy_formant.cpp ****     }
  82:daisy_formant.cpp **** 
  83:daisy_formant.cpp ****     void Reset() { z1 = 0.0f; z2 = 0.0f; }
  84:daisy_formant.cpp **** 
  85:daisy_formant.cpp ****     float Process(float x) {
  86:daisy_formant.cpp ****         float y = b0 * x + z1;
  87:daisy_formant.cpp ****         z1 = b1 * x - a1 * y + z2;
  88:daisy_formant.cpp ****         z2 = b2 * x - a2 * y;
  89:daisy_formant.cpp ****         return y;
  90:daisy_formant.cpp ****     }
  91:daisy_formant.cpp **** };
  92:daisy_formant.cpp **** 
  93:daisy_formant.cpp **** // ---------------------------------------------------------------------------
  94:daisy_formant.cpp **** // Filter bank (stereo pairs)
  95:daisy_formant.cpp **** // ---------------------------------------------------------------------------
  96:daisy_formant.cpp **** 
  97:daisy_formant.cpp **** static Bq wahL,      wahR;       // wah bandpass
  98:daisy_formant.cpp **** static Bq shelfL,    shelfR;     // high-shelf pre-emphasis (fixed)
  99:daisy_formant.cpp **** static Bq resonL[N_FORMANTS];   // formant cascade — left
 100:daisy_formant.cpp **** static Bq resonR[N_FORMANTS];   // formant cascade — right
 101:daisy_formant.cpp **** 
 102:daisy_formant.cpp **** // ---------------------------------------------------------------------------
 103:daisy_formant.cpp **** // Coefficient design functions
 104:daisy_formant.cpp **** // ---------------------------------------------------------------------------
 105:daisy_formant.cpp **** 
 106:daisy_formant.cpp **** // Wah bandpass — Audio EQ Cookbook BPF, constant 0 dB peak gain.
 107:daisy_formant.cpp **** void DesignBPF(float* c, float fc, float Q, float fs)
 108:daisy_formant.cpp **** {
 181              		.loc 15 108 1 is_stmt 1 view -0
 182              		.cfi_startproc
 183              		@ args = 0, pretend = 0, frame = 0
 184              		@ frame_needed = 0, uses_anonymous_args = 0
 109:daisy_formant.cpp ****     float w0    = 2.0f * M_PI * fc / fs;
 185              		.loc 15 109 5 view .LVU45
 186              		.loc 15 109 31 is_stmt 0 view .LVU46
 187 0000 9FED236B 		vldr.64	d6, .L5
 188              		.loc 15 109 33 view .LVU47
 189 0004 B7EEC07A 		vcvt.f64.f32	d7, s0
 190              		.loc 15 109 38 view .LVU48
 191 0008 B7EEC11A 		vcvt.f64.f32	d1, s2
 192              	.LVL2:
 193              		.loc 15 109 31 view .LVU49
 194 000c 27EE067B 		vmul.f64	d7, d7, d6
 108:daisy_formant.cpp ****     float w0    = 2.0f * M_PI * fc / fs;
 195              		.loc 15 108 1 view .LVU50
ARM GAS  /var/folders/1b/1q9m9h2n5vq5b3524jm_htnw0000gn/T//ccCPcNPR.s 			page 24


 196 0010 10B5     		push	{r4, lr}
 197              		.cfi_def_cfa_offset 8
 198              		.cfi_offset 4, -8
 199              		.cfi_offset 14, -4
 200 0012 2DED048B 		vpush.64	{d8, d9}
 201              		.cfi_def_cfa_offset 24
 202              		.cfi_offset 80, -24
 203              		.cfi_offset 81, -20
 204              		.cfi_offset 82, -16
 205              		.cfi_offset 83, -12
 206              		.loc 15 109 36 view .LVU51
 207 0016 87EE019B 		vdiv.f64	d9, d7, d1
 108:daisy_formant.cpp ****     float w0    = 2.0f * M_PI * fc / fs;
 208              		.loc 15 108 1 view .LVU52
 209 001a 0446     		mov	r4, r0
 210 001c B0EE608A 		vmov.f32	s16, s1
 110:daisy_formant.cpp ****     float alpha = sinf(w0) / (2.0f * Q);
 111:daisy_formant.cpp ****     float a0    = 1.0f + alpha;
 211              		.loc 15 111 11 view .LVU53
 212 0020 F7EE008A 		vmov.f32	s17, #1.0e+0
 110:daisy_formant.cpp ****     float alpha = sinf(w0) / (2.0f * Q);
 213              		.loc 15 110 36 view .LVU54
 214 0024 38EE088A 		vadd.f32	s16, s16, s16
 109:daisy_formant.cpp ****     float alpha = sinf(w0) / (2.0f * Q);
 215              		.loc 15 109 11 view .LVU55
 216 0028 B7EEC99B 		vcvt.f32.f64	s18, d9
 217              	.LVL3:
 110:daisy_formant.cpp ****     float alpha = sinf(w0) / (2.0f * Q);
 218              		.loc 15 110 5 is_stmt 1 view .LVU56
 110:daisy_formant.cpp ****     float alpha = sinf(w0) / (2.0f * Q);
 219              		.loc 15 110 23 is_stmt 0 view .LVU57
 220 002c B0EE490A 		vmov.f32	s0, s18
 221              	.LVL4:
 110:daisy_formant.cpp ****     float alpha = sinf(w0) / (2.0f * Q);
 222              		.loc 15 110 23 view .LVU58
 223 0030 FFF7FEFF 		bl	sinf
 224              	.LVL5:
 110:daisy_formant.cpp ****     float alpha = sinf(w0) / (2.0f * Q);
 225              		.loc 15 110 23 view .LVU59
 226 0034 F0EE407A 		vmov.f32	s15, s0
 112:daisy_formant.cpp ****     c[0] =  sinf(w0) / 2.0f / a0;   // b0
 113:daisy_formant.cpp ****     c[1] =  0.0f;                    // b1
 114:daisy_formant.cpp ****     c[2] = -sinf(w0) / 2.0f / a0;   // b2
 115:daisy_formant.cpp ****     c[3] = -2.0f * cosf(w0)  / a0;  // a1
 227              		.loc 15 115 24 view .LVU60
 228 0038 B0EE490A 		vmov.f32	s0, s18
 113:daisy_formant.cpp ****     c[2] = -sinf(w0) / 2.0f / a0;   // b2
 229              		.loc 15 113 10 view .LVU61
 230 003c 0023     		movs	r3, #0
 112:daisy_formant.cpp ****     c[0] =  sinf(w0) / 2.0f / a0;   // b0
 231              		.loc 15 112 22 view .LVU62
 232 003e B6EE007A 		vmov.f32	s14, #5.0e-1
 110:daisy_formant.cpp ****     float a0    = 1.0f + alpha;
 233              		.loc 15 110 11 view .LVU63
 234 0042 87EE889A 		vdiv.f32	s18, s15, s16
 235              	.LVL6:
 111:daisy_formant.cpp ****     c[0] =  sinf(w0) / 2.0f / a0;   // b0
ARM GAS  /var/folders/1b/1q9m9h2n5vq5b3524jm_htnw0000gn/T//ccCPcNPR.s 			page 25


 236              		.loc 15 111 5 is_stmt 1 view .LVU64
 113:daisy_formant.cpp ****     c[2] = -sinf(w0) / 2.0f / a0;   // b2
 237              		.loc 15 113 10 is_stmt 0 view .LVU65
 238 0046 6360     		str	r3, [r4, #4]	@ float
 112:daisy_formant.cpp ****     c[1] =  0.0f;                    // b1
 239              		.loc 15 112 22 view .LVU66
 240 0048 27EE876A 		vmul.f32	s12, s15, s14
 114:daisy_formant.cpp ****     c[3] = -2.0f * cosf(w0)  / a0;  // a1
 241              		.loc 15 114 22 view .LVU67
 242 004c 67EEC77A 		vnmul.f32	s15, s15, s14
 111:daisy_formant.cpp ****     c[0] =  sinf(w0) / 2.0f / a0;   // b0
 243              		.loc 15 111 11 view .LVU68
 244 0050 39EE288A 		vadd.f32	s16, s18, s17
 245              	.LVL7:
 112:daisy_formant.cpp ****     c[1] =  0.0f;                    // b1
 246              		.loc 15 112 5 is_stmt 1 view .LVU69
 116:daisy_formant.cpp ****     c[4] =  (1.0f - alpha)   / a0;  // a2
 247              		.loc 15 116 19 is_stmt 0 view .LVU70
 248 0054 78EEC98A 		vsub.f32	s17, s17, s18
 114:daisy_formant.cpp ****     c[3] = -2.0f * cosf(w0)  / a0;  // a1
 249              		.loc 15 114 29 view .LVU71
 250 0058 87EE887A 		vdiv.f32	s14, s15, s16
 112:daisy_formant.cpp ****     c[1] =  0.0f;                    // b1
 251              		.loc 15 112 29 view .LVU72
 252 005c C6EE086A 		vdiv.f32	s13, s12, s16
 114:daisy_formant.cpp ****     c[3] = -2.0f * cosf(w0)  / a0;  // a1
 253              		.loc 15 114 10 view .LVU73
 254 0060 84ED027A 		vstr.32	s14, [r4, #8]
 112:daisy_formant.cpp ****     c[1] =  0.0f;                    // b1
 255              		.loc 15 112 10 view .LVU74
 256 0064 C4ED006A 		vstr.32	s13, [r4]
 113:daisy_formant.cpp ****     c[2] = -sinf(w0) / 2.0f / a0;   // b2
 257              		.loc 15 113 5 is_stmt 1 view .LVU75
 114:daisy_formant.cpp ****     c[3] = -2.0f * cosf(w0)  / a0;  // a1
 258              		.loc 15 114 5 view .LVU76
 115:daisy_formant.cpp ****     c[4] =  (1.0f - alpha)   / a0;  // a2
 259              		.loc 15 115 5 view .LVU77
 115:daisy_formant.cpp ****     c[4] =  (1.0f - alpha)   / a0;  // a2
 260              		.loc 15 115 24 is_stmt 0 view .LVU78
 261 0068 FFF7FEFF 		bl	cosf
 262              	.LVL8:
 115:daisy_formant.cpp ****     c[4] =  (1.0f - alpha)   / a0;  // a2
 263              		.loc 15 115 18 view .LVU79
 264 006c F8EE007A 		vmov.f32	s15, #-2.0e+0
 265              		.loc 15 116 30 view .LVU80
 266 0070 88EE887A 		vdiv.f32	s14, s17, s16
 115:daisy_formant.cpp ****     c[4] =  (1.0f - alpha)   / a0;  // a2
 267              		.loc 15 115 18 view .LVU81
 268 0074 20EE270A 		vmul.f32	s0, s0, s15
 115:daisy_formant.cpp ****     c[4] =  (1.0f - alpha)   / a0;  // a2
 269              		.loc 15 115 30 view .LVU82
 270 0078 C0EE087A 		vdiv.f32	s15, s0, s16
 117:daisy_formant.cpp **** }
 271              		.loc 15 117 1 view .LVU83
 272 007c BDEC048B 		vldm	sp!, {d8-d9}
 273              		.cfi_restore 82
 274              		.cfi_restore 83
ARM GAS  /var/folders/1b/1q9m9h2n5vq5b3524jm_htnw0000gn/T//ccCPcNPR.s 			page 26


 275              		.cfi_restore 80
 276              		.cfi_restore 81
 277              		.cfi_def_cfa_offset 8
 278              	.LVL9:
 116:daisy_formant.cpp **** }
 279              		.loc 15 116 10 view .LVU84
 280 0080 84ED047A 		vstr.32	s14, [r4, #16]
 115:daisy_formant.cpp ****     c[4] =  (1.0f - alpha)   / a0;  // a2
 281              		.loc 15 115 10 view .LVU85
 282 0084 C4ED037A 		vstr.32	s15, [r4, #12]
 116:daisy_formant.cpp **** }
 283              		.loc 15 116 5 is_stmt 1 view .LVU86
 284              		.loc 15 117 1 is_stmt 0 view .LVU87
 285 0088 10BD     		pop	{r4, pc}
 286              	.LVL10:
 287              	.L6:
 288              		.loc 15 117 1 view .LVU88
 289 008a 00BFAFF3 		.align	3
 289      0080
 290              	.L5:
 291 0090 182D4454 		.word	1413754136
 292 0094 FB211940 		.word	1075388923
 293              		.cfi_endproc
 294              	.LFE4860:
 296              		.section	.text._Z15DesignResonatorPffff,"ax",%progbits
 297              		.align	1
 298              		.p2align 2,,3
 299              		.global	_Z15DesignResonatorPffff
 300              		.syntax unified
 301              		.thumb
 302              		.thumb_func
 304              	_Z15DesignResonatorPffff:
 305              	.LVL11:
 306              	.LFB4861:
 118:daisy_formant.cpp **** 
 119:daisy_formant.cpp **** // All-pole resonator — one vocal tract formant.
 120:daisy_formant.cpp **** // H(z) = b0 / (1 + a1*z^-1 + a2*z^-2)
 121:daisy_formant.cpp **** // b0 = A(1) gives unity DC gain; formant peak rises above 0 dB.
 122:daisy_formant.cpp **** // Sections applied in CASCADE to create anti-formant notches between peaks.
 123:daisy_formant.cpp **** void DesignResonator(float* c, float fc, float bw, float fs)
 124:daisy_formant.cpp **** {
 307              		.loc 15 124 1 is_stmt 1 view -0
 308              		.cfi_startproc
 309              		@ args = 0, pretend = 0, frame = 0
 310              		@ frame_needed = 0, uses_anonymous_args = 0
 125:daisy_formant.cpp ****     float r  = expf(-M_PI * bw / fs);
 311              		.loc 15 125 5 view .LVU90
 312              		.loc 15 125 27 is_stmt 0 view .LVU91
 313 0000 9FED1D6B 		vldr.64	d6, .L9
 314              		.loc 15 125 29 view .LVU92
 315 0004 B7EEE07A 		vcvt.f64.f32	d7, s1
 124:daisy_formant.cpp ****     float r  = expf(-M_PI * bw / fs);
 316              		.loc 15 124 1 view .LVU93
 317 0008 10B5     		push	{r4, lr}
 318              		.cfi_def_cfa_offset 8
 319              		.cfi_offset 4, -8
 320              		.cfi_offset 14, -4
ARM GAS  /var/folders/1b/1q9m9h2n5vq5b3524jm_htnw0000gn/T//ccCPcNPR.s 			page 27


 321              		.loc 15 125 27 view .LVU94
 322 000a 27EE067B 		vmul.f64	d7, d7, d6
 124:daisy_formant.cpp ****     float r  = expf(-M_PI * bw / fs);
 323              		.loc 15 124 1 view .LVU95
 324 000e 0446     		mov	r4, r0
 325 0010 2DED048B 		vpush.64	{d8, d9}
 326              		.cfi_def_cfa_offset 24
 327              		.cfi_offset 80, -24
 328              		.cfi_offset 81, -20
 329              		.cfi_offset 82, -16
 330              		.cfi_offset 83, -12
 331              		.loc 15 125 34 view .LVU96
 332 0014 B7EEC19A 		vcvt.f64.f32	d9, s2
 124:daisy_formant.cpp ****     float r  = expf(-M_PI * bw / fs);
 333              		.loc 15 124 1 view .LVU97
 334 0018 B0EE408A 		vmov.f32	s16, s0
 335              		.loc 15 125 32 view .LVU98
 336 001c 87EE090B 		vdiv.f64	d0, d7, d9
 337              	.LVL12:
 338              		.loc 15 125 20 view .LVU99
 339 0020 B7EEC00B 		vcvt.f32.f64	s0, d0
 340 0024 FFF7FEFF 		bl	expf
 341              	.LVL13:
 126:daisy_formant.cpp ****     float w0 = 2.0f * M_PI * fc / fs;
 342              		.loc 15 126 30 view .LVU100
 343 0028 B7EEC87A 		vcvt.f64.f32	d7, s16
 125:daisy_formant.cpp ****     float r  = expf(-M_PI * bw / fs);
 344              		.loc 15 125 20 view .LVU101
 345 002c B0EE408A 		vmov.f32	s16, s0
 346              	.LVL14:
 347              		.loc 15 126 5 is_stmt 1 view .LVU102
 127:daisy_formant.cpp ****     float a1 = -2.0f * r * cosf(w0);
 348              		.loc 15 127 5 view .LVU103
 126:daisy_formant.cpp ****     float w0 = 2.0f * M_PI * fc / fs;
 349              		.loc 15 126 28 is_stmt 0 view .LVU104
 350 0030 9FED136B 		vldr.64	d6, .L9+8
 351 0034 27EE067B 		vmul.f64	d7, d7, d6
 126:daisy_formant.cpp ****     float w0 = 2.0f * M_PI * fc / fs;
 352              		.loc 15 126 33 view .LVU105
 353 0038 87EE090B 		vdiv.f64	d0, d7, d9
 354              	.LVL15:
 355              		.loc 15 127 32 view .LVU106
 356 003c B7EEC00B 		vcvt.f32.f64	s0, d0
 357 0040 FFF7FEFF 		bl	cosf
 358              	.LVL16:
 359              		.loc 15 127 22 view .LVU107
 360 0044 F8EE006A 		vmov.f32	s13, #-2.0e+0
 128:daisy_formant.cpp ****     float a2 = r * r;
 361              		.loc 15 128 11 view .LVU108
 362 0048 28EE087A 		vmul.f32	s14, s16, s16
 129:daisy_formant.cpp ****     float b0 = 1.0f + a1 + a2;      // A(1): H(DC) = b0/A(1) = 1
 130:daisy_formant.cpp ****     c[0] = b0;   // b0
 131:daisy_formant.cpp ****     c[1] = 0.0f; // b1
 363              		.loc 15 131 10 view .LVU109
 364 004c 0023     		movs	r3, #0
 129:daisy_formant.cpp ****     float b0 = 1.0f + a1 + a2;      // A(1): H(DC) = b0/A(1) = 1
 365              		.loc 15 129 21 view .LVU110
ARM GAS  /var/folders/1b/1q9m9h2n5vq5b3524jm_htnw0000gn/T//ccCPcNPR.s 			page 28


 366 004e F7EE007A 		vmov.f32	s15, #1.0e+0
 127:daisy_formant.cpp ****     float a2 = r * r;
 367              		.loc 15 127 22 view .LVU111
 368 0052 28EE268A 		vmul.f32	s16, s16, s13
 369              	.LVL17:
 370              		.loc 15 131 10 view .LVU112
 371 0056 6360     		str	r3, [r4, #4]	@ float
 132:daisy_formant.cpp ****     c[2] = 0.0f; // b2
 372              		.loc 15 132 10 view .LVU113
 373 0058 A360     		str	r3, [r4, #8]	@ float
 133:daisy_formant.cpp ****     c[3] = a1;   // a1
 134:daisy_formant.cpp ****     c[4] = a2;   // a2
 374              		.loc 15 134 10 view .LVU114
 375 005a 84ED047A 		vstr.32	s14, [r4, #16]
 127:daisy_formant.cpp ****     float a2 = r * r;
 376              		.loc 15 127 11 view .LVU115
 377 005e 28EE000A 		vmul.f32	s0, s16, s0
 378              	.LVL18:
 128:daisy_formant.cpp ****     float b0 = 1.0f + a1 + a2;      // A(1): H(DC) = b0/A(1) = 1
 379              		.loc 15 128 5 is_stmt 1 view .LVU116
 129:daisy_formant.cpp ****     c[0] = b0;   // b0
 380              		.loc 15 129 5 view .LVU117
 130:daisy_formant.cpp ****     c[1] = 0.0f; // b1
 381              		.loc 15 130 5 view .LVU118
 135:daisy_formant.cpp **** }
 382              		.loc 15 135 1 is_stmt 0 view .LVU119
 383 0062 BDEC048B 		vldm	sp!, {d8-d9}
 384              		.cfi_restore 82
 385              		.cfi_restore 83
 386              		.cfi_restore 80
 387              		.cfi_restore 81
 388              		.cfi_def_cfa_offset 8
 389              	.LVL19:
 129:daisy_formant.cpp ****     c[0] = b0;   // b0
 390              		.loc 15 129 21 view .LVU120
 391 0066 70EE277A 		vadd.f32	s15, s0, s15
 133:daisy_formant.cpp ****     c[4] = a2;   // a2
 392              		.loc 15 133 10 view .LVU121
 393 006a 84ED030A 		vstr.32	s0, [r4, #12]
 129:daisy_formant.cpp ****     c[0] = b0;   // b0
 394              		.loc 15 129 11 view .LVU122
 395 006e 77EE877A 		vadd.f32	s15, s15, s14
 396              	.LVL20:
 130:daisy_formant.cpp ****     c[1] = 0.0f; // b1
 397              		.loc 15 130 10 view .LVU123
 398 0072 C4ED007A 		vstr.32	s15, [r4]
 131:daisy_formant.cpp ****     c[2] = 0.0f; // b2
 399              		.loc 15 131 5 is_stmt 1 view .LVU124
 132:daisy_formant.cpp ****     c[3] = a1;   // a1
 400              		.loc 15 132 5 view .LVU125
 133:daisy_formant.cpp ****     c[4] = a2;   // a2
 401              		.loc 15 133 5 view .LVU126
 134:daisy_formant.cpp **** }
 402              		.loc 15 134 5 view .LVU127
 403              		.loc 15 135 1 is_stmt 0 view .LVU128
 404 0076 10BD     		pop	{r4, pc}
 405              	.LVL21:
ARM GAS  /var/folders/1b/1q9m9h2n5vq5b3524jm_htnw0000gn/T//ccCPcNPR.s 			page 29


 406              	.L10:
 407              		.loc 15 135 1 view .LVU129
 408              		.align	3
 409              	.L9:
 410 0078 182D4454 		.word	1413754136
 411 007c FB2109C0 		.word	-1073143301
 412 0080 182D4454 		.word	1413754136
 413 0084 FB211940 		.word	1075388923
 414              		.cfi_endproc
 415              	.LFE4861:
 417              		.section	.text._Z15DesignHighShelfPffff,"ax",%progbits
 418              		.align	1
 419              		.p2align 2,,3
 420              		.global	_Z15DesignHighShelfPffff
 421              		.syntax unified
 422              		.thumb
 423              		.thumb_func
 425              	_Z15DesignHighShelfPffff:
 426              	.LVL22:
 427              	.LFB4862:
 136:daisy_formant.cpp **** 
 137:daisy_formant.cpp **** // High-shelf filter — Audio EQ Cookbook §HS, slope = 1.
 138:daisy_formant.cpp **** void DesignHighShelf(float* c, float fc, float gain_db, float fs)
 139:daisy_formant.cpp **** {
 428              		.loc 15 139 1 is_stmt 1 view -0
 429              		.cfi_startproc
 430              		@ args = 0, pretend = 0, frame = 0
 431              		@ frame_needed = 0, uses_anonymous_args = 0
 140:daisy_formant.cpp ****     float A   = powf(10.0f, gain_db / 40.0f);
 432              		.loc 15 140 5 view .LVU131
 139:daisy_formant.cpp ****     float A   = powf(10.0f, gain_db / 40.0f);
 433              		.loc 15 139 1 is_stmt 0 view .LVU132
 434 0000 10B5     		push	{r4, lr}
 435              		.cfi_def_cfa_offset 8
 436              		.cfi_offset 4, -8
 437              		.cfi_offset 14, -4
 438              		.loc 15 140 21 view .LVU133
 439 0002 DFED437A 		vldr.32	s15, .L18+8
 139:daisy_formant.cpp ****     float A   = powf(10.0f, gain_db / 40.0f);
 440              		.loc 15 139 1 view .LVU134
 441 0006 0446     		mov	r4, r0
 442 0008 2DED048B 		vpush.64	{d8, d9}
 443              		.cfi_def_cfa_offset 24
 444              		.cfi_offset 80, -24
 445              		.cfi_offset 81, -20
 446              		.cfi_offset 82, -16
 447              		.cfi_offset 83, -12
 139:daisy_formant.cpp ****     float A   = powf(10.0f, gain_db / 40.0f);
 448              		.loc 15 139 1 view .LVU135
 449 000c F0EE408A 		vmov.f32	s17, s0
 450              		.loc 15 140 21 view .LVU136
 451 0010 C0EEA70A 		vdiv.f32	s1, s1, s15
 452              	.LVL23:
 453              		.loc 15 140 21 view .LVU137
 454 0014 B2EE040A 		vmov.f32	s0, #1.0e+1
 455              	.LVL24:
 139:daisy_formant.cpp ****     float A   = powf(10.0f, gain_db / 40.0f);
ARM GAS  /var/folders/1b/1q9m9h2n5vq5b3524jm_htnw0000gn/T//ccCPcNPR.s 			page 30


 456              		.loc 15 139 1 view .LVU138
 457 0018 B0EE419A 		vmov.f32	s18, s2
 458              		.loc 15 140 21 view .LVU139
 459 001c FFF7FEFF 		bl	powf
 460              	.LVL25:
 141:daisy_formant.cpp ****     float w0  = 2.0f * M_PI * fc / fs;
 461              		.loc 15 141 31 view .LVU140
 462 0020 B7EEE87A 		vcvt.f64.f32	d7, s17
 140:daisy_formant.cpp ****     float A   = powf(10.0f, gain_db / 40.0f);
 463              		.loc 15 140 21 view .LVU141
 464 0024 B0EE408A 		vmov.f32	s16, s0
 465              	.LVL26:
 466              		.loc 15 141 5 is_stmt 1 view .LVU142
 467              		.loc 15 141 36 is_stmt 0 view .LVU143
 468 0028 B7EEC99A 		vcvt.f64.f32	d9, s18
 469              	.LVL27:
 470              		.loc 15 141 29 view .LVU144
 471 002c 9FED366B 		vldr.64	d6, .L18
 472 0030 27EE067B 		vmul.f64	d7, d7, d6
 473              		.loc 15 141 34 view .LVU145
 474 0034 87EE090B 		vdiv.f64	d0, d7, d9
 475              	.LVL28:
 476              		.loc 15 141 11 view .LVU146
 477 0038 F7EEC09B 		vcvt.f32.f64	s19, d0
 478              	.LVL29:
 142:daisy_formant.cpp ****     float cw  = cosf(w0);
 479              		.loc 15 142 5 is_stmt 1 view .LVU147
 480              		.loc 15 142 21 is_stmt 0 view .LVU148
 481 003c B0EE690A 		vmov.f32	s0, s19
 482 0040 FFF7FEFF 		bl	cosf
 483              	.LVL30:
 484 0044 B5EE408A 		vcmp.f32	s16, #0
 485 0048 B0EE409A 		vmov.f32	s18, s0
 486              	.LVL31:
 143:daisy_formant.cpp ****     float sA  = sqrtf(A);
 487              		.loc 15 143 5 is_stmt 1 view .LVU149
 488 004c F1EE10FA 		vmrs	APSR_nzcv, FPSCR
 489 0050 52D4     		bmi	.L16
 490              		.loc 15 143 22 is_stmt 0 view .LVU150
 491 0052 F1EEC88A 		vsqrt.f32	s17, s16
 492              	.LVL32:
 493              	.L14:
 144:daisy_formant.cpp ****     float alp = sinf(w0) / 2.0f * sqrtf(2.0f); // slope = 1
 494              		.loc 15 144 5 is_stmt 1 view .LVU151
 495              		.loc 15 144 21 is_stmt 0 view .LVU152
 496 0056 B0EE690A 		vmov.f32	s0, s19
 497 005a FFF7FEFF 		bl	sinf
 498              	.LVL33:
 145:daisy_formant.cpp **** 
 146:daisy_formant.cpp ****     float b0 =       A * ((A+1.0f) + (A-1.0f)*cw + 2.0f*sA*alp);
 499              		.loc 15 146 29 view .LVU153
 500 005e F7EE007A 		vmov.f32	s15, #1.0e+0
 147:daisy_formant.cpp ****     float b1 = -2.0f*A * ((A-1.0f) + (A+1.0f)*cw);
 501              		.loc 15 147 21 view .LVU154
 502 0062 B8EE006A 		vmov.f32	s12, #-2.0e+0
 144:daisy_formant.cpp ****     float alp = sinf(w0) / 2.0f * sqrtf(2.0f); // slope = 1
 503              		.loc 15 144 11 view .LVU155
ARM GAS  /var/folders/1b/1q9m9h2n5vq5b3524jm_htnw0000gn/T//ccCPcNPR.s 			page 31


 504 0066 9FED2B4A 		vldr.32	s8, .L18+12
 144:daisy_formant.cpp ****     float alp = sinf(w0) / 2.0f * sqrtf(2.0f); // slope = 1
 505              		.loc 15 144 26 view .LVU156
 506 006a B6EE007A 		vmov.f32	s14, #5.0e-1
 146:daisy_formant.cpp ****     float b1 = -2.0f*A * ((A-1.0f) + (A+1.0f)*cw);
 507              		.loc 15 146 29 view .LVU157
 508 006e 78EE275A 		vadd.f32	s11, s16, s15
 509              		.loc 15 147 21 view .LVU158
 510 0072 28EE065A 		vmul.f32	s10, s16, s12
 146:daisy_formant.cpp ****     float b1 = -2.0f*A * ((A-1.0f) + (A+1.0f)*cw);
 511              		.loc 15 146 40 view .LVU159
 512 0076 78EE677A 		vsub.f32	s15, s16, s15
 146:daisy_formant.cpp ****     float b1 = -2.0f*A * ((A-1.0f) + (A+1.0f)*cw);
 513              		.loc 15 146 36 view .LVU160
 514 007a B0EE656A 		vmov.f32	s12, s11
 148:daisy_formant.cpp ****     float b2 =       A * ((A+1.0f) + (A-1.0f)*cw - 2.0f*sA*alp);
 149:daisy_formant.cpp ****     float a0 =            (A+1.0f) - (A-1.0f)*cw + 2.0f*sA*alp;
 515              		.loc 15 149 36 view .LVU161
 516 007e F0EE654A 		vmov.f32	s9, s11
 144:daisy_formant.cpp **** 
 517              		.loc 15 144 26 view .LVU162
 518 0082 20EE077A 		vmul.f32	s14, s0, s14
 146:daisy_formant.cpp ****     float b1 = -2.0f*A * ((A-1.0f) + (A+1.0f)*cw);
 519              		.loc 15 146 36 view .LVU163
 520 0086 A7EE896A 		vfma.f32	s12, s15, s18
 521              		.loc 15 149 36 view .LVU164
 522 008a E7EEC94A 		vfms.f32	s9, s15, s18
 146:daisy_formant.cpp ****     float b1 = -2.0f*A * ((A-1.0f) + (A+1.0f)*cw);
 523              		.loc 15 146 56 view .LVU165
 524 008e 78EEA86A 		vadd.f32	s13, s17, s17
 144:daisy_formant.cpp **** 
 525              		.loc 15 144 11 view .LVU166
 526 0092 27EE047A 		vmul.f32	s14, s14, s8
 527              	.LVL34:
 146:daisy_formant.cpp ****     float b1 = -2.0f*A * ((A-1.0f) + (A+1.0f)*cw);
 528              		.loc 15 146 5 is_stmt 1 view .LVU167
 147:daisy_formant.cpp ****     float b2 =       A * ((A+1.0f) + (A-1.0f)*cw - 2.0f*sA*alp);
 529              		.loc 15 147 36 is_stmt 0 view .LVU168
 530 0096 F0EE673A 		vmov.f32	s7, s15
 150:daisy_formant.cpp ****     float a1 =  2.0f *   ((A-1.0f) - (A+1.0f)*cw);
 531              		.loc 15 150 36 view .LVU169
 532 009a E5EEC97A 		vfms.f32	s15, s11, s18
 146:daisy_formant.cpp ****     float b1 = -2.0f*A * ((A-1.0f) + (A+1.0f)*cw);
 533              		.loc 15 146 50 view .LVU170
 534 009e B0EE464A 		vmov.f32	s8, s12
 147:daisy_formant.cpp ****     float b2 =       A * ((A+1.0f) + (A-1.0f)*cw - 2.0f*sA*alp);
 535              		.loc 15 147 36 view .LVU171
 536 00a2 E5EE893A 		vfma.f32	s7, s11, s18
 148:daisy_formant.cpp ****     float a0 =            (A+1.0f) - (A-1.0f)*cw + 2.0f*sA*alp;
 537              		.loc 15 148 50 view .LVU172
 538 00a6 A6EEC76A 		vfms.f32	s12, s13, s14
 146:daisy_formant.cpp ****     float b1 = -2.0f*A * ((A-1.0f) + (A+1.0f)*cw);
 539              		.loc 15 146 50 view .LVU173
 540 00aa A6EE874A 		vfma.f32	s8, s13, s14
 149:daisy_formant.cpp ****     float a1 =  2.0f *   ((A-1.0f) - (A+1.0f)*cw);
 541              		.loc 15 149 11 view .LVU174
 542 00ae F0EE645A 		vmov.f32	s11, s9
ARM GAS  /var/folders/1b/1q9m9h2n5vq5b3524jm_htnw0000gn/T//ccCPcNPR.s 			page 32


 151:daisy_formant.cpp ****     float a2 =            (A+1.0f) - (A-1.0f)*cw - 2.0f*sA*alp;
 543              		.loc 15 151 11 view .LVU175
 544 00b2 E6EEC74A 		vfms.f32	s9, s13, s14
 150:daisy_formant.cpp ****     float a2 =            (A+1.0f) - (A-1.0f)*cw - 2.0f*sA*alp;
 545              		.loc 15 150 11 view .LVU176
 546 00b6 77EEA77A 		vadd.f32	s15, s15, s15
 149:daisy_formant.cpp ****     float a1 =  2.0f *   ((A-1.0f) - (A+1.0f)*cw);
 547              		.loc 15 149 11 view .LVU177
 548 00ba E6EE875A 		vfma.f32	s11, s13, s14
 147:daisy_formant.cpp ****     float b2 =       A * ((A+1.0f) + (A-1.0f)*cw - 2.0f*sA*alp);
 549              		.loc 15 147 11 view .LVU178
 550 00be 25EE237A 		vmul.f32	s14, s10, s7
 551              	.LVL35:
 146:daisy_formant.cpp ****     float b1 = -2.0f*A * ((A-1.0f) + (A+1.0f)*cw);
 552              		.loc 15 146 11 view .LVU179
 553 00c2 64EE086A 		vmul.f32	s13, s8, s16
 554              	.LVL36:
 147:daisy_formant.cpp ****     float b2 =       A * ((A+1.0f) + (A-1.0f)*cw - 2.0f*sA*alp);
 555              		.loc 15 147 5 is_stmt 1 view .LVU180
 148:daisy_formant.cpp ****     float a0 =            (A+1.0f) - (A-1.0f)*cw + 2.0f*sA*alp;
 556              		.loc 15 148 5 view .LVU181
 148:daisy_formant.cpp ****     float a0 =            (A+1.0f) - (A-1.0f)*cw + 2.0f*sA*alp;
 557              		.loc 15 148 11 is_stmt 0 view .LVU182
 558 00c6 26EE088A 		vmul.f32	s16, s12, s16
 559              	.LVL37:
 149:daisy_formant.cpp ****     float a1 =  2.0f *   ((A-1.0f) - (A+1.0f)*cw);
 560              		.loc 15 149 5 is_stmt 1 view .LVU183
 150:daisy_formant.cpp ****     float a2 =            (A+1.0f) - (A-1.0f)*cw - 2.0f*sA*alp;
 561              		.loc 15 150 5 view .LVU184
 562              		.loc 15 151 5 view .LVU185
 152:daisy_formant.cpp **** 
 153:daisy_formant.cpp ****     c[0] = b0/a0; c[1] = b1/a0; c[2] = b2/a0;
 563              		.loc 15 153 5 view .LVU186
 564              		.loc 15 153 28 is_stmt 0 view .LVU187
 565 00ca 87EE254A 		vdiv.f32	s8, s14, s11
 154:daisy_formant.cpp ****     c[3] = a1/a0; c[4] = a2/a0;
 566              		.loc 15 154 14 view .LVU188
 567 00ce 87EEA55A 		vdiv.f32	s10, s15, s11
 568              		.loc 15 154 28 view .LVU189
 569 00d2 84EEA56A 		vdiv.f32	s12, s9, s11
 153:daisy_formant.cpp ****     c[3] = a1/a0; c[4] = a2/a0;
 570              		.loc 15 153 42 view .LVU190
 571 00d6 C8EE257A 		vdiv.f32	s15, s16, s11
 153:daisy_formant.cpp ****     c[3] = a1/a0; c[4] = a2/a0;
 572              		.loc 15 153 24 view .LVU191
 573 00da 84ED014A 		vstr.32	s8, [r4, #4]
 153:daisy_formant.cpp ****     c[3] = a1/a0; c[4] = a2/a0;
 574              		.loc 15 153 14 view .LVU192
 575 00de 86EEA57A 		vdiv.f32	s14, s13, s11
 576              	.LVL38:
 577              		.loc 15 154 10 view .LVU193
 578 00e2 84ED035A 		vstr.32	s10, [r4, #12]
 155:daisy_formant.cpp **** }
 579              		.loc 15 155 1 view .LVU194
 580 00e6 BDEC048B 		vldm	sp!, {d8-d9}
 581              		.cfi_remember_state
 582              		.cfi_restore 82
ARM GAS  /var/folders/1b/1q9m9h2n5vq5b3524jm_htnw0000gn/T//ccCPcNPR.s 			page 33


 583              		.cfi_restore 83
 584              		.cfi_restore 80
 585              		.cfi_restore 81
 586              		.cfi_def_cfa_offset 8
 587              	.LVL39:
 154:daisy_formant.cpp ****     c[3] = a1/a0; c[4] = a2/a0;
 588              		.loc 15 154 24 view .LVU195
 589 00ea 84ED046A 		vstr.32	s12, [r4, #16]
 153:daisy_formant.cpp ****     c[3] = a1/a0; c[4] = a2/a0;
 590              		.loc 15 153 38 view .LVU196
 591 00ee C4ED027A 		vstr.32	s15, [r4, #8]
 153:daisy_formant.cpp ****     c[3] = a1/a0; c[4] = a2/a0;
 592              		.loc 15 153 10 view .LVU197
 593 00f2 84ED007A 		vstr.32	s14, [r4]
 153:daisy_formant.cpp ****     c[3] = a1/a0; c[4] = a2/a0;
 594              		.loc 15 153 19 is_stmt 1 view .LVU198
 153:daisy_formant.cpp ****     c[3] = a1/a0; c[4] = a2/a0;
 595              		.loc 15 153 33 view .LVU199
 154:daisy_formant.cpp ****     c[3] = a1/a0; c[4] = a2/a0;
 596              		.loc 15 154 5 view .LVU200
 154:daisy_formant.cpp ****     c[3] = a1/a0; c[4] = a2/a0;
 597              		.loc 15 154 19 view .LVU201
 598              		.loc 15 155 1 is_stmt 0 view .LVU202
 599 00f6 10BD     		pop	{r4, pc}
 600              	.LVL40:
 601              	.L16:
 602              		.cfi_restore_state
 143:daisy_formant.cpp ****     float alp = sinf(w0) / 2.0f * sqrtf(2.0f); // slope = 1
 603              		.loc 15 143 22 view .LVU203
 604 00f8 B0EE480A 		vmov.f32	s0, s16
 605              	.LVL41:
 143:daisy_formant.cpp ****     float alp = sinf(w0) / 2.0f * sqrtf(2.0f); // slope = 1
 606              		.loc 15 143 22 view .LVU204
 607 00fc FFF7FEFF 		bl	sqrtf
 608              	.LVL42:
 609 0100 F0EE408A 		vmov.f32	s17, s0
 610              	.LVL43:
 143:daisy_formant.cpp ****     float alp = sinf(w0) / 2.0f * sqrtf(2.0f); // slope = 1
 611              		.loc 15 143 22 view .LVU205
 612 0104 A7E7     		b	.L14
 613              	.L19:
 614 0106 00BF     		.align	3
 615              	.L18:
 616 0108 182D4454 		.word	1413754136
 617 010c FB211940 		.word	1075388923
 618 0110 00002042 		.word	1109393408
 619 0114 F304B53F 		.word	1068827891
 620              		.cfi_endproc
 621              	.LFE4862:
 623              		.section	.text._Z14InterpFormantsfPf,"ax",%progbits
 624              		.align	1
 625              		.p2align 2,,3
 626              		.global	_Z14InterpFormantsfPf
 627              		.syntax unified
 628              		.thumb
 629              		.thumb_func
 631              	_Z14InterpFormantsfPf:
ARM GAS  /var/folders/1b/1q9m9h2n5vq5b3524jm_htnw0000gn/T//ccCPcNPR.s 			page 34


 632              	.LVL44:
 633              	.LFB4863:
 156:daisy_formant.cpp **** 
 157:daisy_formant.cpp **** // ---------------------------------------------------------------------------
 158:daisy_formant.cpp **** // Vowel interpolation
 159:daisy_formant.cpp **** // ---------------------------------------------------------------------------
 160:daisy_formant.cpp **** 
 161:daisy_formant.cpp **** // Map pos [0, 1] to 5 formant frequencies by linear interpolation
 162:daisy_formant.cpp **** // along the OO → OH → AH → AE → EE trajectory.
 163:daisy_formant.cpp **** void InterpFormants(float pos, float* freqs_out)
 164:daisy_formant.cpp **** {
 634              		.loc 15 164 1 is_stmt 1 view -0
 635              		.cfi_startproc
 636              		@ args = 0, pretend = 0, frame = 0
 637              		@ frame_needed = 0, uses_anonymous_args = 0
 638              		@ link register save eliminated.
 165:daisy_formant.cpp ****     pos         = fclamp(pos, 0.0f, 1.0f);
 639              		.loc 15 165 5 view .LVU207
 166:daisy_formant.cpp ****     float scaled = pos * 4.0f;            // 4 segments, 5 vowels
 640              		.loc 15 166 11 is_stmt 0 view .LVU208
 641 0000 F1EE007A 		vmov.f32	s15, #4.0e+0
 642              	.LVL45:
 643              	.LBB436:
 644              	.LBI436:
 645              		.file 16 "../../DaisySP/Source/Utility/dsp.h"
   1:../../DaisySP/Source/Utility/dsp.h **** /*
   2:../../DaisySP/Source/Utility/dsp.h **** Copyright (c) 2020 Electrosmith, Corp, Emilie Gillet
   3:../../DaisySP/Source/Utility/dsp.h **** 
   4:../../DaisySP/Source/Utility/dsp.h **** Use of this source code is governed by an MIT-style
   5:../../DaisySP/Source/Utility/dsp.h **** license that can be found in the LICENSE file or at
   6:../../DaisySP/Source/Utility/dsp.h **** https://opensource.org/licenses/MIT.
   7:../../DaisySP/Source/Utility/dsp.h **** */
   8:../../DaisySP/Source/Utility/dsp.h **** 
   9:../../DaisySP/Source/Utility/dsp.h **** /** Helpful defines, functions, and other utilities for use in/with daisysp modules.
  10:../../DaisySP/Source/Utility/dsp.h **** */
  11:../../DaisySP/Source/Utility/dsp.h **** #pragma once
  12:../../DaisySP/Source/Utility/dsp.h **** #ifndef DSY_CORE_DSP
  13:../../DaisySP/Source/Utility/dsp.h **** #define DSY_CORE_DSP
  14:../../DaisySP/Source/Utility/dsp.h **** #include <cassert>
  15:../../DaisySP/Source/Utility/dsp.h **** #include <cstdint>
  16:../../DaisySP/Source/Utility/dsp.h **** #include <random>
  17:../../DaisySP/Source/Utility/dsp.h **** #include <cmath>
  18:../../DaisySP/Source/Utility/dsp.h **** 
  19:../../DaisySP/Source/Utility/dsp.h **** /** PIs
  20:../../DaisySP/Source/Utility/dsp.h **** */
  21:../../DaisySP/Source/Utility/dsp.h **** #define PI_F 3.1415927410125732421875f
  22:../../DaisySP/Source/Utility/dsp.h **** #define TWOPI_F (2.0f * PI_F)
  23:../../DaisySP/Source/Utility/dsp.h **** #define HALFPI_F (PI_F * 0.5f)
  24:../../DaisySP/Source/Utility/dsp.h **** #define DSY_MIN(in, mn) (in < mn ? in : mn)
  25:../../DaisySP/Source/Utility/dsp.h **** #define DSY_MAX(in, mx) (in > mx ? in : mx)
  26:../../DaisySP/Source/Utility/dsp.h **** #define DSY_CLAMP(in, mn, mx) (DSY_MIN(DSY_MAX(in, mn), mx))
  27:../../DaisySP/Source/Utility/dsp.h **** #define DSY_COUNTOF(_arr) (sizeof(_arr) / sizeof(_arr[0]))
  28:../../DaisySP/Source/Utility/dsp.h **** 
  29:../../DaisySP/Source/Utility/dsp.h **** namespace daisysp
  30:../../DaisySP/Source/Utility/dsp.h **** {
  31:../../DaisySP/Source/Utility/dsp.h **** //Avoids division for random floats. e.g. rand() * kRandFrac
  32:../../DaisySP/Source/Utility/dsp.h **** static constexpr float kRandFrac = 1.f / (float)RAND_MAX;
ARM GAS  /var/folders/1b/1q9m9h2n5vq5b3524jm_htnw0000gn/T//ccCPcNPR.s 			page 35


  33:../../DaisySP/Source/Utility/dsp.h **** 
  34:../../DaisySP/Source/Utility/dsp.h **** //Convert from semitones to other units. e.g. 2 ^ (kOneTwelfth * x)
  35:../../DaisySP/Source/Utility/dsp.h **** static constexpr float kOneTwelfth = 1.f / 12.f;
  36:../../DaisySP/Source/Utility/dsp.h **** 
  37:../../DaisySP/Source/Utility/dsp.h **** /** efficient floating point min/max
  38:../../DaisySP/Source/Utility/dsp.h **** c/o stephen mccaul
  39:../../DaisySP/Source/Utility/dsp.h **** */
  40:../../DaisySP/Source/Utility/dsp.h **** inline float fmax(float a, float b)
  41:../../DaisySP/Source/Utility/dsp.h **** {
  42:../../DaisySP/Source/Utility/dsp.h ****     float r;
  43:../../DaisySP/Source/Utility/dsp.h **** #ifdef __arm__
  44:../../DaisySP/Source/Utility/dsp.h ****     asm("vmaxnm.f32 %[d], %[n], %[m]" : [d] "=t"(r) : [n] "t"(a), [m] "t"(b) :);
  45:../../DaisySP/Source/Utility/dsp.h **** #else
  46:../../DaisySP/Source/Utility/dsp.h ****     r = (a > b) ? a : b;
  47:../../DaisySP/Source/Utility/dsp.h **** #endif // __arm__
  48:../../DaisySP/Source/Utility/dsp.h ****     return r;
  49:../../DaisySP/Source/Utility/dsp.h **** }
  50:../../DaisySP/Source/Utility/dsp.h **** 
  51:../../DaisySP/Source/Utility/dsp.h **** inline float fmin(float a, float b)
  52:../../DaisySP/Source/Utility/dsp.h **** {
  53:../../DaisySP/Source/Utility/dsp.h ****     float r;
  54:../../DaisySP/Source/Utility/dsp.h **** #ifdef __arm__
  55:../../DaisySP/Source/Utility/dsp.h ****     asm("vminnm.f32 %[d], %[n], %[m]" : [d] "=t"(r) : [n] "t"(a), [m] "t"(b) :);
  56:../../DaisySP/Source/Utility/dsp.h **** #else
  57:../../DaisySP/Source/Utility/dsp.h ****     r = (a < b) ? a : b;
  58:../../DaisySP/Source/Utility/dsp.h **** #endif // __arm__
  59:../../DaisySP/Source/Utility/dsp.h ****     return r;
  60:../../DaisySP/Source/Utility/dsp.h **** }
  61:../../DaisySP/Source/Utility/dsp.h **** 
  62:../../DaisySP/Source/Utility/dsp.h **** /** quick fp clamp
  63:../../DaisySP/Source/Utility/dsp.h **** */
  64:../../DaisySP/Source/Utility/dsp.h **** inline float fclamp(float in, float min, float max)
 646              		.loc 16 64 14 is_stmt 1 view .LVU209
 647              	.LBE436:
  65:../../DaisySP/Source/Utility/dsp.h **** {
  66:../../DaisySP/Source/Utility/dsp.h ****     return fmin(fmax(in, min), max);
 648              		.loc 16 66 5 view .LVU210
 649              	.LBB445:
 650              	.LBB437:
 651              	.LBI437:
  40:../../DaisySP/Source/Utility/dsp.h **** {
 652              		.loc 16 40 14 view .LVU211
 653              	.LBB438:
  42:../../DaisySP/Source/Utility/dsp.h **** #ifdef __arm__
 654              		.loc 16 42 5 view .LVU212
  44:../../DaisySP/Source/Utility/dsp.h **** #else
 655              		.loc 16 44 5 view .LVU213
 656 0004 9FED167A 		vldr.32	s14, .L23
 657              	.LBE438:
 658              	.LBE437:
 659              	.LBB440:
 660              	.LBB441:
  55:../../DaisySP/Source/Utility/dsp.h **** #else
 661              		.loc 16 55 5 is_stmt 0 view .LVU214
 662 0008 F7EE006A 		vmov.f32	s13, #1.0e+0
 663 000c 154B     		ldr	r3, .L23+4
 664              	.LBE441:
ARM GAS  /var/folders/1b/1q9m9h2n5vq5b3524jm_htnw0000gn/T//ccCPcNPR.s 			page 36


 665              	.LBE440:
 666              	.LBB443:
 667              	.LBB439:
  44:../../DaisySP/Source/Utility/dsp.h **** #else
 668              		.loc 16 44 5 view .LVU215
 669              		.syntax unified
 670              	@ 44 "../../DaisySP/Source/Utility/dsp.h" 1
 671 000e 80FE070A 		vmaxnm.f32 s0, s0, s14
 672              	@ 0 "" 2
 673              	.LVL46:
  48:../../DaisySP/Source/Utility/dsp.h **** }
 674              		.loc 16 48 5 is_stmt 1 view .LVU216
  48:../../DaisySP/Source/Utility/dsp.h **** }
 675              		.loc 16 48 5 is_stmt 0 view .LVU217
 676              		.thumb
 677              		.syntax unified
 678              	.LBE439:
 679              	.LBE443:
 680              	.LBB444:
 681              	.LBI440:
  51:../../DaisySP/Source/Utility/dsp.h **** {
 682              		.loc 16 51 14 is_stmt 1 view .LVU218
 683              	.LBB442:
  53:../../DaisySP/Source/Utility/dsp.h **** #ifdef __arm__
 684              		.loc 16 53 5 view .LVU219
  55:../../DaisySP/Source/Utility/dsp.h **** #else
 685              		.loc 16 55 5 view .LVU220
 686              		.syntax unified
 687              	@ 55 "../../DaisySP/Source/Utility/dsp.h" 1
 688 0012 C0FE666A 		vminnm.f32 s13, s0, s13
 689              	@ 0 "" 2
 690              	.LVL47:
  59:../../DaisySP/Source/Utility/dsp.h **** }
 691              		.loc 16 59 5 view .LVU221
  59:../../DaisySP/Source/Utility/dsp.h **** }
 692              		.loc 16 59 5 is_stmt 0 view .LVU222
 693              		.thumb
 694              		.syntax unified
 695              	.LBE442:
 696              	.LBE444:
 697              	.LBE445:
 698              		.loc 15 166 5 is_stmt 1 view .LVU223
 699              		.loc 15 166 11 is_stmt 0 view .LVU224
 700 0016 66EEA76A 		vmul.f32	s13, s13, s15
 701              	.LVL48:
 167:daisy_formant.cpp ****     int   idx    = (int)scaled;
 702              		.loc 15 167 5 is_stmt 1 view .LVU225
 703              		.loc 15 167 11 is_stmt 0 view .LVU226
 704 001a FDEEE67A 		vcvt.s32.f32	s15, s13
 705 001e 17EE902A 		vmov	r2, s15	@ int
 706              	.LVL49:
 168:daisy_formant.cpp ****     if(idx >= 4) idx = 3;
 707              		.loc 15 168 5 is_stmt 1 view .LVU227
 708 0022 032A     		cmp	r2, #3
 709 0024 A8BF     		it	ge
 710 0026 0322     		movge	r2, #3
 711              	.LVL50:
ARM GAS  /var/folders/1b/1q9m9h2n5vq5b3524jm_htnw0000gn/T//ccCPcNPR.s 			page 37


 169:daisy_formant.cpp ****     float t = scaled - (float)idx;
 712              		.loc 15 169 5 view .LVU228
 713 0028 02EB8201 		add	r1, r2, r2, lsl #2
 714              		.loc 15 169 24 is_stmt 0 view .LVU229
 715 002c 07EE902A 		vmov	s15, r2	@ int
 716 0030 03EB8102 		add	r2, r3, r1, lsl #2
 717              	.LVL51:
 718              		.loc 15 169 24 view .LVU230
 719 0034 F8EEE77A 		vcvt.f32.s32	s15, s15
 720              	.LVL52:
 721              		.loc 15 169 24 view .LVU231
 722 0038 00F11401 		add	r1, r0, #20
 723 003c 1346     		mov	r3, r2
 724              		.loc 15 169 11 view .LVU232
 725 003e 76EEE76A 		vsub.f32	s13, s13, s15
 726              	.LVL53:
 170:daisy_formant.cpp **** 
 171:daisy_formant.cpp ****     for(int k = 0; k < N_FORMANTS; k++)
 727              		.loc 15 171 5 is_stmt 1 view .LVU233
 728              	.LBB446:
 729              		.loc 15 171 22 view .LVU234
 730 0042 1433     		adds	r3, r3, #20
 731              	.LVL54:
 732              	.L21:
 172:daisy_formant.cpp ****         freqs_out[k] = VOWEL_F[idx][k] + t * (VOWEL_F[idx+1][k] - VOWEL_F[idx][k]);
 733              		.loc 15 172 9 discriminator 2 view .LVU235
 734              		.loc 15 172 38 is_stmt 0 discriminator 2 view .LVU236
 735 0044 F2EC017A 		vldmia.32	r2!, {s15}
 736              		.loc 15 172 63 discriminator 2 view .LVU237
 737 0048 B3EC017A 		vldmia.32	r3!, {s14}
 738              		.loc 15 172 65 discriminator 2 view .LVU238
 739 004c 37EE677A 		vsub.f32	s14, s14, s15
 740              		.loc 15 172 40 discriminator 2 view .LVU239
 741 0050 E7EE267A 		vfma.f32	s15, s14, s13
 742              		.loc 15 172 22 discriminator 2 view .LVU240
 743 0054 E0EC017A 		vstmia.32	r0!, {s15}
 171:daisy_formant.cpp ****         freqs_out[k] = VOWEL_F[idx][k] + t * (VOWEL_F[idx+1][k] - VOWEL_F[idx][k]);
 744              		.loc 15 171 5 is_stmt 1 discriminator 2 view .LVU241
 171:daisy_formant.cpp ****         freqs_out[k] = VOWEL_F[idx][k] + t * (VOWEL_F[idx+1][k] - VOWEL_F[idx][k]);
 745              		.loc 15 171 22 discriminator 2 view .LVU242
 746 0058 8842     		cmp	r0, r1
 747 005a F3D1     		bne	.L21
 748              	.LBE446:
 173:daisy_formant.cpp **** }
 749              		.loc 15 173 1 is_stmt 0 view .LVU243
 750 005c 7047     		bx	lr
 751              	.L24:
 752 005e 00BF     		.align	2
 753              	.L23:
 754 0060 00000000 		.word	0
 755 0064 00000000 		.word	.LANCHOR0
 756              		.cfi_endproc
 757              	.LFE4863:
 759              		.section	.text._Z11UpdateKnobsv,"ax",%progbits
 760              		.align	1
 761              		.p2align 2,,3
 762              		.global	_Z11UpdateKnobsv
ARM GAS  /var/folders/1b/1q9m9h2n5vq5b3524jm_htnw0000gn/T//ccCPcNPR.s 			page 38


 763              		.syntax unified
 764              		.thumb
 765              		.thumb_func
 767              	_Z11UpdateKnobsv:
 768              	.LFB4864:
 174:daisy_formant.cpp **** 
 175:daisy_formant.cpp **** // ---------------------------------------------------------------------------
 176:daisy_formant.cpp **** // Control update — called once per audio block
 177:daisy_formant.cpp **** // ---------------------------------------------------------------------------
 178:daisy_formant.cpp **** 
 179:daisy_formant.cpp **** static float k1 = 0.5f, k2 = 0.0f;
 180:daisy_formant.cpp **** 
 181:daisy_formant.cpp **** void UpdateKnobs()
 182:daisy_formant.cpp **** {
 769              		.loc 15 182 1 is_stmt 1 view -0
 770              		.cfi_startproc
 771              		@ args = 0, pretend = 0, frame = 40
 772              		@ frame_needed = 0, uses_anonymous_args = 0
 183:daisy_formant.cpp ****     k1 = pod.knob1.Process();   // 0..1 → wah frequency
 773              		.loc 15 183 5 view .LVU245
 182:daisy_formant.cpp ****     k1 = pod.knob1.Process();   // 0..1 → wah frequency
 774              		.loc 15 182 1 is_stmt 0 view .LVU246
 775 0000 2DE9F041 		push	{r4, r5, r6, r7, r8, lr}
 776              		.cfi_def_cfa_offset 24
 777              		.cfi_offset 4, -24
 778              		.cfi_offset 5, -20
 779              		.cfi_offset 6, -16
 780              		.cfi_offset 7, -12
 781              		.cfi_offset 8, -8
 782              		.cfi_offset 14, -4
 783              		.loc 15 183 27 view .LVU247
 784 0004 5048     		ldr	r0, .L29+16
 785              		.loc 15 183 8 view .LVU248
 786 0006 514D     		ldr	r5, .L29+20
 184:daisy_formant.cpp ****     k2 = pod.knob2.Process();   // 0..1 → vowel position (OO → EE)
 787              		.loc 15 184 8 view .LVU249
 788 0008 514C     		ldr	r4, .L29+24
 789 000a 524F     		ldr	r7, .L29+28
 182:daisy_formant.cpp ****     k1 = pod.knob1.Process();   // 0..1 → wah frequency
 790              		.loc 15 182 1 view .LVU250
 791 000c 2DED048B 		vpush.64	{d8, d9}
 792              		.cfi_def_cfa_offset 40
 793              		.cfi_offset 80, -40
 794              		.cfi_offset 81, -36
 795              		.cfi_offset 82, -32
 796              		.cfi_offset 83, -28
 797 0010 8AB0     		sub	sp, sp, #40
 798              		.cfi_def_cfa_offset 80
 183:daisy_formant.cpp ****     k1 = pod.knob1.Process();   // 0..1 → wah frequency
 799              		.loc 15 183 27 view .LVU251
 800 0012 FFF7FEFF 		bl	_ZN5daisy13AnalogControl7ProcessEv
 801              	.LVL55:
 802              		.loc 15 184 27 view .LVU252
 803 0016 5048     		ldr	r0, .L29+32
 183:daisy_formant.cpp ****     k1 = pod.knob1.Process();   // 0..1 → wah frequency
 804              		.loc 15 183 8 view .LVU253
 805 0018 85ED000A 		vstr.32	s0, [r5]
ARM GAS  /var/folders/1b/1q9m9h2n5vq5b3524jm_htnw0000gn/T//ccCPcNPR.s 			page 39


 806              		.loc 15 184 5 is_stmt 1 view .LVU254
 807              		.loc 15 184 27 is_stmt 0 view .LVU255
 808 001c FFF7FEFF 		bl	_ZN5daisy13AnalogControl7ProcessEv
 809              	.LVL56:
 185:daisy_formant.cpp **** 
 186:daisy_formant.cpp ****     float fs = pod.AudioSampleRate();
 810              		.loc 15 186 35 view .LVU256
 811 0020 4E48     		ldr	r0, .L29+36
 812 0022 0DF12808 		add	r8, sp, #40
 184:daisy_formant.cpp ****     k2 = pod.knob2.Process();   // 0..1 → vowel position (OO → EE)
 813              		.loc 15 184 8 view .LVU257
 814 0026 84ED000A 		vstr.32	s0, [r4]
 815              		.loc 15 186 5 is_stmt 1 view .LVU258
 816              		.loc 15 186 35 is_stmt 0 view .LVU259
 817 002a FFF7FEFF 		bl	_ZN5daisy8DaisyPod15AudioSampleRateEv
 818              	.LVL57:
 187:daisy_formant.cpp ****     float coefs[5];
 188:daisy_formant.cpp **** 
 189:daisy_formant.cpp ****     // Wah BPF: map knob1 linearly to WAH_F_MIN..WAH_F_MAX
 190:daisy_formant.cpp ****     float wahFreq = WAH_F_MIN + k1 * (WAH_F_MAX - WAH_F_MIN);
 819              		.loc 15 190 11 view .LVU260
 820 002e 95ED007A 		vldr.32	s14, [r5]
 186:daisy_formant.cpp ****     float coefs[5];
 821              		.loc 15 186 35 view .LVU261
 822 0032 B0EE409A 		vmov.f32	s18, s0
 823              	.LVL58:
 187:daisy_formant.cpp ****     float coefs[5];
 824              		.loc 15 187 5 is_stmt 1 view .LVU262
 825              		.loc 15 190 5 view .LVU263
 826              		.loc 15 190 11 is_stmt 0 view .LVU264
 827 0036 DFED4A7A 		vldr.32	s15, .L29+40
 191:daisy_formant.cpp ****     DesignBPF(coefs, wahFreq, WAH_Q, fs);
 828              		.loc 15 191 14 view .LVU265
 829 003a 6846     		mov	r0, sp
 190:daisy_formant.cpp ****     DesignBPF(coefs, wahFreq, WAH_Q, fs);
 830              		.loc 15 190 11 view .LVU266
 831 003c DFED496A 		vldr.32	s13, .L29+44
 832              	.LVL59:
 833              		.loc 15 191 5 is_stmt 1 view .LVU267
 834              		.loc 15 191 14 is_stmt 0 view .LVU268
 835 0040 F1EE000A 		vmov.f32	s1, #4.0e+0
 836 0044 B0EE491A 		vmov.f32	s2, s18
 837 0048 E7EE276A 		vfma.f32	s13, s14, s15
 838              	.LVL60:
 839              		.loc 15 191 14 view .LVU269
 840 004c B0EE660A 		vmov.f32	s0, s13
 841              	.LVL61:
 842              		.loc 15 191 14 view .LVU270
 843 0050 FFF7FEFF 		bl	_Z9DesignBPFPffff
 844              	.LVL62:
 192:daisy_formant.cpp ****     wahL.SetCoefs(coefs);
 845              		.loc 15 192 5 is_stmt 1 view .LVU271
 846              	.LBB458:
 847              	.LBI458:
  77:daisy_formant.cpp ****         // c = [b0, b1, b2, a1, a2]
 848              		.loc 15 77 10 view .LVU272
 849              	.LBB459:
ARM GAS  /var/folders/1b/1q9m9h2n5vq5b3524jm_htnw0000gn/T//ccCPcNPR.s 			page 40


  79:daisy_formant.cpp ****         a1 = c[3]; a2 = c[4];
 850              		.loc 15 79 9 view .LVU273
  79:daisy_formant.cpp ****         a1 = c[3]; a2 = c[4];
 851              		.loc 15 79 12 is_stmt 0 view .LVU274
 852 0054 444A     		ldr	r2, .L29+48
 853              	.LBE459:
 854              	.LBE458:
 855              	.LBB464:
 856              	.LBB465:
 857 0056 454B     		ldr	r3, .L29+52
 858              	.LBE465:
 859              	.LBE464:
 860              	.LBB470:
 861              	.LBB460:
  79:daisy_formant.cpp ****         a1 = c[3]; a2 = c[4];
 862              		.loc 15 79 34 view .LVU275
 863 0058 0298     		ldr	r0, [sp, #8]	@ float
  80:daisy_formant.cpp ****     }
 864              		.loc 15 80 12 view .LVU276
 865 005a 0399     		ldr	r1, [sp, #12]	@ float
  79:daisy_formant.cpp ****         a1 = c[3]; a2 = c[4];
 866              		.loc 15 79 17 view .LVU277
 867 005c 009D     		ldr	r5, [sp]	@ float
 868              	.LBE460:
 869              	.LBE470:
 193:daisy_formant.cpp ****     wahR.SetCoefs(coefs);
 194:daisy_formant.cpp **** 
 195:daisy_formant.cpp ****     // Formant resonators: interpolate vowel position from knob2
 196:daisy_formant.cpp ****     float freqs[N_FORMANTS];
 197:daisy_formant.cpp ****     InterpFormants(k2, freqs);
 870              		.loc 15 197 19 view .LVU278
 871 005e 94ED000A 		vldr.32	s0, [r4]
 872              	.LBB471:
 873              	.LBB461:
  79:daisy_formant.cpp ****         a1 = c[3]; a2 = c[4];
 874              		.loc 15 79 34 view .LVU279
 875 0062 9060     		str	r0, [r2, #8]	@ float
  79:daisy_formant.cpp ****         a1 = c[3]; a2 = c[4];
 876              		.loc 15 79 23 view .LVU280
 877 0064 019C     		ldr	r4, [sp, #4]	@ float
  80:daisy_formant.cpp ****     }
 878              		.loc 15 80 12 view .LVU281
 879 0066 D160     		str	r1, [r2, #12]	@ float
 880              	.LBE461:
 881              	.LBE471:
 882              	.LBB472:
 883              	.LBB466:
  79:daisy_formant.cpp ****         a1 = c[3]; a2 = c[4];
 884              		.loc 15 79 34 view .LVU282
 885 0068 9860     		str	r0, [r3, #8]	@ float
 886              	.LBE466:
 887              	.LBE472:
 888              		.loc 15 197 19 view .LVU283
 889 006a 05A8     		add	r0, sp, #20
 890              	.LBB473:
 891              	.LBB467:
  80:daisy_formant.cpp ****     }
ARM GAS  /var/folders/1b/1q9m9h2n5vq5b3524jm_htnw0000gn/T//ccCPcNPR.s 			page 41


 892              		.loc 15 80 12 view .LVU284
 893 006c D960     		str	r1, [r3, #12]	@ float
 894              	.LBE467:
 895              	.LBE473:
 896              	.LBB474:
 897              	.LBB462:
  80:daisy_formant.cpp ****     }
 898              		.loc 15 80 23 view .LVU285
 899 006e 0499     		ldr	r1, [sp, #16]	@ float
 900 0070 0646     		mov	r6, r0
  79:daisy_formant.cpp ****         a1 = c[3]; a2 = c[4];
 901              		.loc 15 79 12 view .LVU286
 902 0072 1560     		str	r5, [r2]	@ float
  79:daisy_formant.cpp ****         a1 = c[3]; a2 = c[4];
 903              		.loc 15 79 20 is_stmt 1 view .LVU287
  79:daisy_formant.cpp ****         a1 = c[3]; a2 = c[4];
 904              		.loc 15 79 23 is_stmt 0 view .LVU288
 905 0074 5460     		str	r4, [r2, #4]	@ float
  79:daisy_formant.cpp ****         a1 = c[3]; a2 = c[4];
 906              		.loc 15 79 31 is_stmt 1 view .LVU289
  80:daisy_formant.cpp ****     }
 907              		.loc 15 80 9 view .LVU290
  80:daisy_formant.cpp ****     }
 908              		.loc 15 80 20 view .LVU291
 909              	.LBE462:
 910              	.LBE474:
 911              	.LBB475:
 912              	.LBB468:
  79:daisy_formant.cpp ****         a1 = c[3]; a2 = c[4];
 913              		.loc 15 79 12 is_stmt 0 view .LVU292
 914 0076 1D60     		str	r5, [r3]	@ float
  79:daisy_formant.cpp ****         a1 = c[3]; a2 = c[4];
 915              		.loc 15 79 23 view .LVU293
 916 0078 5C60     		str	r4, [r3, #4]	@ float
 917              	.LBE468:
 918              	.LBE475:
 919              	.LBB476:
 920              	.LBB463:
  80:daisy_formant.cpp ****     }
 921              		.loc 15 80 23 view .LVU294
 922 007a 1161     		str	r1, [r2, #16]	@ float
 923              	.LVL63:
  80:daisy_formant.cpp ****     }
 924              		.loc 15 80 23 view .LVU295
 925              	.LBE463:
 926              	.LBE476:
 193:daisy_formant.cpp ****     wahR.SetCoefs(coefs);
 927              		.loc 15 193 5 is_stmt 1 view .LVU296
 928              	.LBB477:
 929              	.LBI464:
  77:daisy_formant.cpp ****         // c = [b0, b1, b2, a1, a2]
 930              		.loc 15 77 10 view .LVU297
 931              	.LBB469:
  79:daisy_formant.cpp ****         a1 = c[3]; a2 = c[4];
 932              		.loc 15 79 9 view .LVU298
  79:daisy_formant.cpp ****         a1 = c[3]; a2 = c[4];
 933              		.loc 15 79 20 view .LVU299
ARM GAS  /var/folders/1b/1q9m9h2n5vq5b3524jm_htnw0000gn/T//ccCPcNPR.s 			page 42


  79:daisy_formant.cpp ****         a1 = c[3]; a2 = c[4];
 934              		.loc 15 79 31 view .LVU300
  80:daisy_formant.cpp ****     }
 935              		.loc 15 80 9 view .LVU301
  80:daisy_formant.cpp ****     }
 936              		.loc 15 80 20 view .LVU302
  80:daisy_formant.cpp ****     }
 937              		.loc 15 80 23 is_stmt 0 view .LVU303
 938 007c 1961     		str	r1, [r3, #16]	@ float
 939              	.LVL64:
  80:daisy_formant.cpp ****     }
 940              		.loc 15 80 23 view .LVU304
 941              	.LBE469:
 942              	.LBE477:
 196:daisy_formant.cpp ****     InterpFormants(k2, freqs);
 943              		.loc 15 196 5 is_stmt 1 view .LVU305
 944              		.loc 15 197 5 view .LVU306
 945              		.loc 15 197 19 is_stmt 0 view .LVU307
 946 007e FFF7FEFF 		bl	_Z14InterpFormantsfPf
 947              	.LVL65:
 198:daisy_formant.cpp ****     for(int i = 0; i < N_FORMANTS; i++) {
 948              		.loc 15 198 5 is_stmt 1 view .LVU308
 949              	.LBB478:
 950              		.loc 15 198 22 view .LVU309
 951              	.LBB479:
 952              	.LBB480:
 125:daisy_formant.cpp ****     float w0 = 2.0f * M_PI * fc / fs;
 953              		.loc 15 125 34 is_stmt 0 view .LVU310
 954 0082 B7EEC99A 		vcvt.f64.f32	d9, s18
 955              	.LVL66:
 125:daisy_formant.cpp ****     float w0 = 2.0f * M_PI * fc / fs;
 956              		.loc 15 125 34 view .LVU311
 957 0086 3A4D     		ldr	r5, .L29+56
 958 0088 3A4C     		ldr	r4, .L29+60
 959 008a 9FED3B7A 		vldr.32	s14, .L29+64
 960              	.LVL67:
 961              	.L27:
 125:daisy_formant.cpp ****     float w0 = 2.0f * M_PI * fc / fs;
 962              		.loc 15 125 34 view .LVU312
 963              	.LBE480:
 964              	.LBE479:
 199:daisy_formant.cpp ****         DesignResonator(coefs, freqs[i], FORMANT_BW[i], fs);
 965              		.loc 15 199 9 is_stmt 1 discriminator 2 view .LVU313
 966              	.LBB489:
 967              	.LBB481:
 125:daisy_formant.cpp ****     float w0 = 2.0f * M_PI * fc / fs;
 968              		.loc 15 125 29 is_stmt 0 discriminator 2 view .LVU314
 969 008e B7EEC77A 		vcvt.f64.f32	d7, s14
 970              	.LBE481:
 971              	.LBE489:
 972              		.loc 15 199 24 discriminator 2 view .LVU315
 973 0092 B6EC018A 		vldmia.32	r6!, {s16}
 974              	.LVL68:
 975              	.LBB490:
 976              	.LBI479:
 123:daisy_formant.cpp **** {
 977              		.loc 15 123 6 is_stmt 1 discriminator 2 view .LVU316
ARM GAS  /var/folders/1b/1q9m9h2n5vq5b3524jm_htnw0000gn/T//ccCPcNPR.s 			page 43


 978              	.LBB482:
 125:daisy_formant.cpp ****     float w0 = 2.0f * M_PI * fc / fs;
 979              		.loc 15 125 5 discriminator 2 view .LVU317
 980              	.LBE482:
 981              	.LBE490:
 198:daisy_formant.cpp ****         DesignResonator(coefs, freqs[i], FORMANT_BW[i], fs);
 982              		.loc 15 198 22 is_stmt 0 discriminator 2 view .LVU318
 983 0096 1C35     		adds	r5, r5, #28
 984 0098 1C34     		adds	r4, r4, #28
 985              	.LBB491:
 986              	.LBB483:
 125:daisy_formant.cpp ****     float w0 = 2.0f * M_PI * fc / fs;
 987              		.loc 15 125 27 discriminator 2 view .LVU319
 988 009a 9FED276B 		vldr.64	d6, .L29
 989 009e 27EE067B 		vmul.f64	d7, d7, d6
 125:daisy_formant.cpp ****     float w0 = 2.0f * M_PI * fc / fs;
 990              		.loc 15 125 32 discriminator 2 view .LVU320
 991 00a2 87EE090B 		vdiv.f64	d0, d7, d9
 125:daisy_formant.cpp ****     float w0 = 2.0f * M_PI * fc / fs;
 992              		.loc 15 125 20 discriminator 2 view .LVU321
 993 00a6 B7EEC00B 		vcvt.f32.f64	s0, d0
 994 00aa FFF7FEFF 		bl	expf
 995              	.LVL69:
 126:daisy_formant.cpp ****     float a1 = -2.0f * r * cosf(w0);
 996              		.loc 15 126 30 discriminator 2 view .LVU322
 997 00ae B7EEC87A 		vcvt.f64.f32	d7, s16
 125:daisy_formant.cpp ****     float w0 = 2.0f * M_PI * fc / fs;
 998              		.loc 15 125 20 discriminator 2 view .LVU323
 999 00b2 B0EE408A 		vmov.f32	s16, s0
 1000              	.LVL70:
 126:daisy_formant.cpp ****     float a1 = -2.0f * r * cosf(w0);
 1001              		.loc 15 126 5 is_stmt 1 discriminator 2 view .LVU324
 127:daisy_formant.cpp ****     float a2 = r * r;
 1002              		.loc 15 127 5 discriminator 2 view .LVU325
 126:daisy_formant.cpp ****     float a1 = -2.0f * r * cosf(w0);
 1003              		.loc 15 126 28 is_stmt 0 discriminator 2 view .LVU326
 1004 00b6 9FED226B 		vldr.64	d6, .L29+8
 1005 00ba 27EE067B 		vmul.f64	d7, d7, d6
 126:daisy_formant.cpp ****     float a1 = -2.0f * r * cosf(w0);
 1006              		.loc 15 126 33 discriminator 2 view .LVU327
 1007 00be 87EE090B 		vdiv.f64	d0, d7, d9
 1008              	.LVL71:
 127:daisy_formant.cpp ****     float a2 = r * r;
 1009              		.loc 15 127 32 discriminator 2 view .LVU328
 1010 00c2 B7EEC00B 		vcvt.f32.f64	s0, d0
 1011 00c6 FFF7FEFF 		bl	cosf
 1012              	.LVL72:
 127:daisy_formant.cpp ****     float a2 = r * r;
 1013              		.loc 15 127 22 discriminator 2 view .LVU329
 1014 00ca F8EE006A 		vmov.f32	s13, #-2.0e+0
 128:daisy_formant.cpp ****     float b0 = 1.0f + a1 + a2;      // A(1): H(DC) = b0/A(1) = 1
 1015              		.loc 15 128 11 discriminator 2 view .LVU330
 1016 00ce 28EE087A 		vmul.f32	s14, s16, s16
 131:daisy_formant.cpp ****     c[2] = 0.0f; // b2
 1017              		.loc 15 131 10 discriminator 2 view .LVU331
 1018 00d2 0023     		movs	r3, #0
 129:daisy_formant.cpp ****     c[0] = b0;   // b0
ARM GAS  /var/folders/1b/1q9m9h2n5vq5b3524jm_htnw0000gn/T//ccCPcNPR.s 			page 44


 1019              		.loc 15 129 21 discriminator 2 view .LVU332
 1020 00d4 F7EE007A 		vmov.f32	s15, #1.0e+0
 1021              	.LBE483:
 1022              	.LBE491:
 198:daisy_formant.cpp ****         DesignResonator(coefs, freqs[i], FORMANT_BW[i], fs);
 1023              		.loc 15 198 22 discriminator 2 view .LVU333
 1024 00d8 4645     		cmp	r6, r8
 1025              	.LBB492:
 1026              	.LBB484:
 127:daisy_formant.cpp ****     float a2 = r * r;
 1027              		.loc 15 127 22 discriminator 2 view .LVU334
 1028 00da 28EE268A 		vmul.f32	s16, s16, s13
 1029              	.LVL73:
 127:daisy_formant.cpp ****     float a2 = r * r;
 1030              		.loc 15 127 22 discriminator 2 view .LVU335
 1031              	.LBE484:
 1032              	.LBE492:
 1033              	.LBB493:
 1034              	.LBB494:
  79:daisy_formant.cpp ****         a1 = c[3]; a2 = c[4];
 1035              		.loc 15 79 23 discriminator 2 view .LVU336
 1036 00de 45F8183C 		str	r3, [r5, #-24]	@ float
  79:daisy_formant.cpp ****         a1 = c[3]; a2 = c[4];
 1037              		.loc 15 79 34 discriminator 2 view .LVU337
 1038 00e2 45F8143C 		str	r3, [r5, #-20]	@ float
  80:daisy_formant.cpp ****     }
 1039              		.loc 15 80 23 discriminator 2 view .LVU338
 1040 00e6 05ED037A 		vstr.32	s14, [r5, #-12]
 1041              	.LBE494:
 1042              	.LBE493:
 1043              	.LBB498:
 1044              	.LBB485:
 127:daisy_formant.cpp ****     float a2 = r * r;
 1045              		.loc 15 127 11 discriminator 2 view .LVU339
 1046 00ea 28EE000A 		vmul.f32	s0, s16, s0
 1047              	.LVL74:
 128:daisy_formant.cpp ****     float b0 = 1.0f + a1 + a2;      // A(1): H(DC) = b0/A(1) = 1
 1048              		.loc 15 128 5 is_stmt 1 discriminator 2 view .LVU340
 129:daisy_formant.cpp ****     c[0] = b0;   // b0
 1049              		.loc 15 129 5 discriminator 2 view .LVU341
 1050              	.LBE485:
 1051              	.LBE498:
 1052              	.LBB499:
 1053              	.LBB500:
  79:daisy_formant.cpp ****         a1 = c[3]; a2 = c[4];
 1054              		.loc 15 79 23 is_stmt 0 discriminator 2 view .LVU342
 1055 00ee 44F8183C 		str	r3, [r4, #-24]	@ float
  79:daisy_formant.cpp ****         a1 = c[3]; a2 = c[4];
 1056              		.loc 15 79 34 discriminator 2 view .LVU343
 1057 00f2 44F8143C 		str	r3, [r4, #-20]	@ float
  80:daisy_formant.cpp ****     }
 1058              		.loc 15 80 23 discriminator 2 view .LVU344
 1059 00f6 04ED037A 		vstr.32	s14, [r4, #-12]
 1060              	.LBE500:
 1061              	.LBE499:
 1062              	.LBB504:
 1063              	.LBB486:
ARM GAS  /var/folders/1b/1q9m9h2n5vq5b3524jm_htnw0000gn/T//ccCPcNPR.s 			page 45


 129:daisy_formant.cpp ****     c[0] = b0;   // b0
 1064              		.loc 15 129 21 discriminator 2 view .LVU345
 1065 00fa 70EE277A 		vadd.f32	s15, s0, s15
 131:daisy_formant.cpp ****     c[2] = 0.0f; // b2
 1066              		.loc 15 131 10 discriminator 2 view .LVU346
 1067 00fe 0193     		str	r3, [sp, #4]	@ float
 132:daisy_formant.cpp ****     c[3] = a1;   // a1
 1068              		.loc 15 132 10 discriminator 2 view .LVU347
 1069 0100 0293     		str	r3, [sp, #8]	@ float
 134:daisy_formant.cpp **** }
 1070              		.loc 15 134 10 discriminator 2 view .LVU348
 1071 0102 8DED047A 		vstr.32	s14, [sp, #16]
 129:daisy_formant.cpp ****     c[0] = b0;   // b0
 1072              		.loc 15 129 11 discriminator 2 view .LVU349
 1073 0106 77EE877A 		vadd.f32	s15, s15, s14
 1074              	.LVL75:
 130:daisy_formant.cpp ****     c[1] = 0.0f; // b1
 1075              		.loc 15 130 5 is_stmt 1 discriminator 2 view .LVU350
 1076              	.LBE486:
 1077              	.LBE504:
 1078              	.LBB505:
 1079              	.LBB495:
  80:daisy_formant.cpp ****     }
 1080              		.loc 15 80 12 is_stmt 0 discriminator 2 view .LVU351
 1081 010a 05ED040A 		vstr.32	s0, [r5, #-16]
 1082              	.LBE495:
 1083              	.LBE505:
 1084              	.LBB506:
 1085              	.LBB501:
 1086 010e 04ED040A 		vstr.32	s0, [r4, #-16]
 1087              	.LBE501:
 1088              	.LBE506:
 1089              	.LBB507:
 1090              	.LBB487:
 133:daisy_formant.cpp ****     c[4] = a2;   // a2
 1091              		.loc 15 133 10 discriminator 2 view .LVU352
 1092 0112 8DED030A 		vstr.32	s0, [sp, #12]
 1093              	.LBE487:
 1094              	.LBE507:
 1095              	.LBB508:
 1096              	.LBB496:
  79:daisy_formant.cpp ****         a1 = c[3]; a2 = c[4];
 1097              		.loc 15 79 12 discriminator 2 view .LVU353
 1098 0116 45ED077A 		vstr.32	s15, [r5, #-28]
 1099              	.LBE496:
 1100              	.LBE508:
 1101              	.LBB509:
 1102              	.LBB502:
 1103 011a 44ED077A 		vstr.32	s15, [r4, #-28]
 1104              	.LBE502:
 1105              	.LBE509:
 1106              	.LBB510:
 1107              	.LBB488:
 130:daisy_formant.cpp ****     c[1] = 0.0f; // b1
 1108              		.loc 15 130 10 discriminator 2 view .LVU354
 1109 011e CDED007A 		vstr.32	s15, [sp]
 131:daisy_formant.cpp ****     c[2] = 0.0f; // b2
ARM GAS  /var/folders/1b/1q9m9h2n5vq5b3524jm_htnw0000gn/T//ccCPcNPR.s 			page 46


 1110              		.loc 15 131 5 is_stmt 1 discriminator 2 view .LVU355
 132:daisy_formant.cpp ****     c[3] = a1;   // a1
 1111              		.loc 15 132 5 discriminator 2 view .LVU356
 133:daisy_formant.cpp ****     c[4] = a2;   // a2
 1112              		.loc 15 133 5 discriminator 2 view .LVU357
 134:daisy_formant.cpp **** }
 1113              		.loc 15 134 5 discriminator 2 view .LVU358
 1114              	.LVL76:
 134:daisy_formant.cpp **** }
 1115              		.loc 15 134 5 is_stmt 0 discriminator 2 view .LVU359
 1116              	.LBE488:
 1117              	.LBE510:
 200:daisy_formant.cpp ****         resonL[i].SetCoefs(coefs);
 1118              		.loc 15 200 9 is_stmt 1 discriminator 2 view .LVU360
 1119              	.LBB511:
 1120              	.LBI493:
  77:daisy_formant.cpp ****         // c = [b0, b1, b2, a1, a2]
 1121              		.loc 15 77 10 discriminator 2 view .LVU361
 1122              	.LBB497:
  79:daisy_formant.cpp ****         a1 = c[3]; a2 = c[4];
 1123              		.loc 15 79 9 discriminator 2 view .LVU362
  79:daisy_formant.cpp ****         a1 = c[3]; a2 = c[4];
 1124              		.loc 15 79 20 discriminator 2 view .LVU363
  79:daisy_formant.cpp ****         a1 = c[3]; a2 = c[4];
 1125              		.loc 15 79 31 discriminator 2 view .LVU364
  80:daisy_formant.cpp ****     }
 1126              		.loc 15 80 9 discriminator 2 view .LVU365
  80:daisy_formant.cpp ****     }
 1127              		.loc 15 80 20 discriminator 2 view .LVU366
  80:daisy_formant.cpp ****     }
 1128              		.loc 15 80 20 is_stmt 0 discriminator 2 view .LVU367
 1129              	.LBE497:
 1130              	.LBE511:
 201:daisy_formant.cpp ****         resonR[i].SetCoefs(coefs);
 1131              		.loc 15 201 9 is_stmt 1 discriminator 2 view .LVU368
 1132              	.LBB512:
 1133              	.LBI499:
  77:daisy_formant.cpp ****         // c = [b0, b1, b2, a1, a2]
 1134              		.loc 15 77 10 discriminator 2 view .LVU369
 1135              	.LBB503:
  79:daisy_formant.cpp ****         a1 = c[3]; a2 = c[4];
 1136              		.loc 15 79 9 discriminator 2 view .LVU370
  79:daisy_formant.cpp ****         a1 = c[3]; a2 = c[4];
 1137              		.loc 15 79 20 discriminator 2 view .LVU371
  79:daisy_formant.cpp ****         a1 = c[3]; a2 = c[4];
 1138              		.loc 15 79 31 discriminator 2 view .LVU372
  80:daisy_formant.cpp ****     }
 1139              		.loc 15 80 9 discriminator 2 view .LVU373
  80:daisy_formant.cpp ****     }
 1140              		.loc 15 80 20 discriminator 2 view .LVU374
  80:daisy_formant.cpp ****     }
 1141              		.loc 15 80 20 is_stmt 0 discriminator 2 view .LVU375
 1142              	.LBE503:
 1143              	.LBE512:
 198:daisy_formant.cpp ****         DesignResonator(coefs, freqs[i], FORMANT_BW[i], fs);
 1144              		.loc 15 198 5 is_stmt 1 discriminator 2 view .LVU376
 198:daisy_formant.cpp ****         DesignResonator(coefs, freqs[i], FORMANT_BW[i], fs);
ARM GAS  /var/folders/1b/1q9m9h2n5vq5b3524jm_htnw0000gn/T//ccCPcNPR.s 			page 47


 1145              		.loc 15 198 22 discriminator 2 view .LVU377
 1146 0122 02D0     		beq	.L25
 199:daisy_formant.cpp ****         resonL[i].SetCoefs(coefs);
 1147              		.loc 15 199 54 is_stmt 0 view .LVU378
 1148 0124 B7EC017A 		vldmia.32	r7!, {s14}
 1149 0128 B1E7     		b	.L27
 1150              	.L25:
 1151              	.LBE478:
 202:daisy_formant.cpp ****     }
 203:daisy_formant.cpp **** }
 1152              		.loc 15 203 1 view .LVU379
 1153 012a 0AB0     		add	sp, sp, #40
 1154              		.cfi_def_cfa_offset 40
 1155              		@ sp needed
 1156 012c BDEC048B 		vldm	sp!, {d8-d9}
 1157              		.cfi_restore 82
 1158              		.cfi_restore 83
 1159              		.cfi_restore 80
 1160              		.cfi_restore 81
 1161              		.cfi_def_cfa_offset 24
 1162 0130 BDE8F081 		pop	{r4, r5, r6, r7, r8, pc}
 1163              	.L30:
 1164 0134 AFF30080 		.align	3
 1165              	.L29:
 1166 0138 182D4454 		.word	1413754136
 1167 013c FB2109C0 		.word	-1073143301
 1168 0140 182D4454 		.word	1413754136
 1169 0144 FB211940 		.word	1075388923
 1170 0148 68000000 		.word	_ZL3pod+104
 1171 014c 00000000 		.word	.LANCHOR1
 1172 0150 00000000 		.word	.LANCHOR2
 1173 0154 04000000 		.word	.LANCHOR7+4
 1174 0158 88000000 		.word	_ZL3pod+136
 1175 015c 00000000 		.word	_ZL3pod
 1176 0160 00600645 		.word	1158045696
 1177 0164 0000AF43 		.word	1135542272
 1178 0168 00000000 		.word	.LANCHOR3
 1179 016c 00000000 		.word	.LANCHOR4
 1180 0170 00000000 		.word	.LANCHOR5
 1181 0174 00000000 		.word	.LANCHOR6
 1182 0178 00007042 		.word	1114636288
 1183              		.cfi_endproc
 1184              	.LFE4864:
 1186              		.section	.text._Z13AudioCallbackPKfPfj,"ax",%progbits
 1187              		.align	1
 1188              		.p2align 2,,3
 1189              		.global	_Z13AudioCallbackPKfPfj
 1190              		.syntax unified
 1191              		.thumb
 1192              		.thumb_func
 1194              	_Z13AudioCallbackPKfPfj:
 1195              	.LVL77:
 1196              	.LFB4866:
 204:daisy_formant.cpp **** 
 205:daisy_formant.cpp **** void Controls()
 206:daisy_formant.cpp **** {
 207:daisy_formant.cpp ****     pod.ProcessAnalogControls();
ARM GAS  /var/folders/1b/1q9m9h2n5vq5b3524jm_htnw0000gn/T//ccCPcNPR.s 			page 48


 208:daisy_formant.cpp ****     pod.ProcessDigitalControls();
 209:daisy_formant.cpp ****     UpdateKnobs();
 210:daisy_formant.cpp **** }
 211:daisy_formant.cpp **** 
 212:daisy_formant.cpp **** // ---------------------------------------------------------------------------
 213:daisy_formant.cpp **** // Audio callback
 214:daisy_formant.cpp **** // ---------------------------------------------------------------------------
 215:daisy_formant.cpp **** 
 216:daisy_formant.cpp **** void AudioCallback(AudioHandle::InterleavingInputBuffer  in,
 217:daisy_formant.cpp ****                    AudioHandle::InterleavingOutputBuffer out,
 218:daisy_formant.cpp ****                    size_t                                size)
 219:daisy_formant.cpp **** {
 1197              		.loc 15 219 1 is_stmt 1 view -0
 1198              		.cfi_startproc
 1199              		@ args = 0, pretend = 0, frame = 0
 1200              		@ frame_needed = 0, uses_anonymous_args = 0
 220:daisy_formant.cpp ****     Controls();
 1201              		.loc 15 220 5 view .LVU381
 1202              	.LBB550:
 1203              	.LBI550:
 205:daisy_formant.cpp **** {
 1204              		.loc 15 205 6 view .LVU382
 1205              	.LBB551:
 207:daisy_formant.cpp ****     pod.ProcessDigitalControls();
 1206              		.loc 15 207 5 view .LVU383
 1207              	.LBE551:
 1208              	.LBE550:
 219:daisy_formant.cpp ****     Controls();
 1209              		.loc 15 219 1 is_stmt 0 view .LVU384
 1210 0000 F8B5     		push	{r3, r4, r5, r6, r7, lr}
 1211              		.cfi_def_cfa_offset 24
 1212              		.cfi_offset 3, -24
 1213              		.cfi_offset 4, -20
 1214              		.cfi_offset 5, -16
 1215              		.cfi_offset 6, -12
 1216              		.cfi_offset 7, -8
 1217              		.cfi_offset 14, -4
 1218 0002 1746     		mov	r7, r2
 1219 0004 0646     		mov	r6, r0
 1220              	.LBB554:
 1221              	.LBB552:
 207:daisy_formant.cpp ****     pod.ProcessDigitalControls();
 1222              		.loc 15 207 30 view .LVU385
 1223 0006 9348     		ldr	r0, .L41
 1224              	.LVL78:
 207:daisy_formant.cpp ****     pod.ProcessDigitalControls();
 1225              		.loc 15 207 30 view .LVU386
 1226              	.LBE552:
 1227              	.LBE554:
 219:daisy_formant.cpp ****     Controls();
 1228              		.loc 15 219 1 view .LVU387
 1229 0008 0C46     		mov	r4, r1
 1230 000a 2DED028B 		vpush.64	{d8}
 1231              		.cfi_def_cfa_offset 32
 1232              		.cfi_offset 80, -32
 1233              		.cfi_offset 81, -28
 1234              	.LBB555:
ARM GAS  /var/folders/1b/1q9m9h2n5vq5b3524jm_htnw0000gn/T//ccCPcNPR.s 			page 49


 1235              	.LBB553:
 207:daisy_formant.cpp ****     pod.ProcessDigitalControls();
 1236              		.loc 15 207 30 view .LVU388
 1237 000e FFF7FEFF 		bl	_ZN5daisy8DaisyPod21ProcessAnalogControlsEv
 1238              	.LVL79:
 208:daisy_formant.cpp ****     UpdateKnobs();
 1239              		.loc 15 208 5 is_stmt 1 view .LVU389
 208:daisy_formant.cpp ****     UpdateKnobs();
 1240              		.loc 15 208 31 is_stmt 0 view .LVU390
 1241 0012 9048     		ldr	r0, .L41
 1242 0014 FFF7FEFF 		bl	_ZN5daisy8DaisyPod22ProcessDigitalControlsEv
 1243              	.LVL80:
 209:daisy_formant.cpp **** }
 1244              		.loc 15 209 5 is_stmt 1 view .LVU391
 209:daisy_formant.cpp **** }
 1245              		.loc 15 209 16 is_stmt 0 view .LVU392
 1246 0018 FFF7FEFF 		bl	_Z11UpdateKnobsv
 1247              	.LVL81:
 209:daisy_formant.cpp **** }
 1248              		.loc 15 209 16 view .LVU393
 1249              	.LBE553:
 1250              	.LBE555:
 1251              	.LBB556:
 221:daisy_formant.cpp **** 
 222:daisy_formant.cpp ****     for(size_t i = 0; i < size; i += 2)
 1252              		.loc 15 222 25 is_stmt 1 view .LVU394
 1253 001c 002F     		cmp	r7, #0
 1254 001e 00F01681 		beq	.L31
 1255 0022 013F     		subs	r7, r7, #1
 1256              	.LVL82:
 1257              		.loc 15 222 25 is_stmt 0 view .LVU395
 1258 0024 B446     		mov	ip, r6
 1259 0026 A646     		mov	lr, r4
 1260 0028 8B4D     		ldr	r5, .L41+4
 1261 002a 7B08     		lsrs	r3, r7, #1
 1262 002c 06F10807 		add	r7, r6, #8
 1263              	.LVL83:
 1264              		.loc 15 222 25 view .LVU396
 1265 0030 8A4C     		ldr	r4, .L41+8
 1266              	.LVL84:
 1267              		.loc 15 222 25 view .LVU397
 1268 0032 07EBC307 		add	r7, r7, r3, lsl #3
 1269 0036 8A48     		ldr	r0, .L41+12
 1270 0038 8A49     		ldr	r1, .L41+16
 1271 003a 8B4E     		ldr	r6, .L41+20
 1272              	.LVL85:
 1273              	.L34:
 1274              	.LBB557:
 223:daisy_formant.cpp ****     {
 224:daisy_formant.cpp ****         float inl = in[i];
 1275              		.loc 15 224 9 is_stmt 1 view .LVU398
 225:daisy_formant.cpp ****         float inr = in[i + 1];
 226:daisy_formant.cpp **** 
 227:daisy_formant.cpp ****         // ── 1. Hard-clip saturation ───────────────────
 228:daisy_formant.cpp ****         // Drives the signal toward a square wave for maximum harmonic density.
 229:daisy_formant.cpp ****         // The formant resonators need harmonics to shape — a clean guitar
 230:daisy_formant.cpp ****         // signal has too few for the effect to be audible.
ARM GAS  /var/folders/1b/1q9m9h2n5vq5b3524jm_htnw0000gn/T//ccCPcNPR.s 			page 50


 231:daisy_formant.cpp ****         float drvL = fclamp(inl * DRIVE, -1.0f, 1.0f);
 1276              		.loc 15 231 28 is_stmt 0 view .LVU399
 1277 003c F2EE046A 		vmov.f32	s13, #1.0e+1
 224:daisy_formant.cpp ****         float inr = in[i + 1];
 1278              		.loc 15 224 15 view .LVU400
 1279 0040 9CED000A 		vldr.32	s0, [ip]
 1280              	.LVL86:
 225:daisy_formant.cpp ****         float inr = in[i + 1];
 1281              		.loc 15 225 9 is_stmt 1 view .LVU401
 1282              	.LBB558:
 1283              	.LBB559:
  86:daisy_formant.cpp ****         z1 = b1 * x - a1 * y + z2;
 1284              		.loc 15 86 15 is_stmt 0 view .LVU402
 1285 0044 95ED056A 		vldr.32	s12, [r5, #20]
 1286              	.LBE559:
 1287              	.LBE558:
 1288              	.LBB573:
 1289              	.LBB574:
 1290              	.LBB575:
  44:../../DaisySP/Source/Utility/dsp.h **** #else
 1291              		.loc 16 44 5 view .LVU403
 1292 0048 FFEE004A 		vmov.f32	s9, #-1.0e+0
 1293              	.LBE575:
 1294              	.LBE574:
 1295              	.LBE573:
 1296              	.LBB582:
 1297              	.LBB560:
  86:daisy_formant.cpp ****         z1 = b1 * x - a1 * y + z2;
 1298              		.loc 15 86 15 view .LVU404
 1299 004c D5ED007A 		vldr.32	s15, [r5]
 1300              	.LBE560:
 1301              	.LBE582:
 1302              	.LBB583:
 1303              	.LBB577:
 1304              	.LBB578:
  55:../../DaisySP/Source/Utility/dsp.h **** #else
 1305              		.loc 16 55 5 view .LVU405
 1306 0050 B7EE005A 		vmov.f32	s10, #1.0e+0
 1307              	.LBE578:
 1308              	.LBE577:
 1309              	.LBE583:
 1310              		.loc 15 231 28 view .LVU406
 1311 0054 60EE265A 		vmul.f32	s11, s0, s13
 225:daisy_formant.cpp **** 
 1312              		.loc 15 225 15 view .LVU407
 1313 0058 DCED010A 		vldr.32	s1, [ip, #4]
 1314              	.LVL87:
 1315              		.loc 15 231 9 is_stmt 1 view .LVU408
 1316              	.LBB584:
 1317              	.LBI573:
  64:../../DaisySP/Source/Utility/dsp.h **** {
 1318              		.loc 16 64 14 view .LVU409
 1319              	.LBE584:
 1320              	.LBE557:
 1321              	.LBE556:
 1322              		.loc 16 66 5 view .LVU410
 1323              	.LBB754:
ARM GAS  /var/folders/1b/1q9m9h2n5vq5b3524jm_htnw0000gn/T//ccCPcNPR.s 			page 51


 1324              	.LBB747:
 1325              	.LBB585:
 1326              	.LBB580:
 1327              	.LBI574:
  40:../../DaisySP/Source/Utility/dsp.h **** {
 1328              		.loc 16 40 14 view .LVU411
 1329              	.LBB576:
  42:../../DaisySP/Source/Utility/dsp.h **** #ifdef __arm__
 1330              		.loc 16 42 5 view .LVU412
  44:../../DaisySP/Source/Utility/dsp.h **** #else
 1331              		.loc 16 44 5 view .LVU413
 1332              		.syntax unified
 1333              	@ 44 "../../DaisySP/Source/Utility/dsp.h" 1
 1334 005c C5FEA45A 		vmaxnm.f32 s11, s11, s9
 1335              	@ 0 "" 2
 1336              	.LVL88:
  48:../../DaisySP/Source/Utility/dsp.h **** }
 1337              		.loc 16 48 5 view .LVU414
  48:../../DaisySP/Source/Utility/dsp.h **** }
 1338              		.loc 16 48 5 is_stmt 0 view .LVU415
 1339              		.thumb
 1340              		.syntax unified
 1341              	.LBE576:
 1342              	.LBE580:
 1343              	.LBB581:
 1344              	.LBI577:
  51:../../DaisySP/Source/Utility/dsp.h **** {
 1345              		.loc 16 51 14 is_stmt 1 view .LVU416
 1346              	.LBB579:
  53:../../DaisySP/Source/Utility/dsp.h **** #ifdef __arm__
 1347              		.loc 16 53 5 view .LVU417
  55:../../DaisySP/Source/Utility/dsp.h **** #else
 1348              		.loc 16 55 5 view .LVU418
 1349              		.syntax unified
 1350              	@ 55 "../../DaisySP/Source/Utility/dsp.h" 1
 1351 0060 C5FEC55A 		vminnm.f32 s11, s11, s10
 1352              	@ 0 "" 2
 1353              	.LVL89:
  59:../../DaisySP/Source/Utility/dsp.h **** }
 1354              		.loc 16 59 5 view .LVU419
  59:../../DaisySP/Source/Utility/dsp.h **** }
 1355              		.loc 16 59 5 is_stmt 0 view .LVU420
 1356              		.thumb
 1357              		.syntax unified
 1358              	.LBE579:
 1359              	.LBE581:
 1360              	.LBE585:
 232:daisy_formant.cpp ****         float drvR = fclamp(inr * DRIVE, -1.0f, 1.0f);
 1361              		.loc 15 232 9 is_stmt 1 view .LVU421
 1362              	.LBB586:
 1363              	.LBI586:
  64:../../DaisySP/Source/Utility/dsp.h **** {
 1364              		.loc 16 64 14 view .LVU422
 1365              	.LBE586:
 1366              	.LBE747:
 1367              	.LBE754:
 1368              		.loc 16 66 5 view .LVU423
ARM GAS  /var/folders/1b/1q9m9h2n5vq5b3524jm_htnw0000gn/T//ccCPcNPR.s 			page 52


 1369              	.LBB755:
 1370              	.LBB748:
 1371              	.LBB593:
 1372              	.LBB587:
 1373              	.LBI587:
  40:../../DaisySP/Source/Utility/dsp.h **** {
 1374              		.loc 16 40 14 view .LVU424
 1375              	.LBB588:
  42:../../DaisySP/Source/Utility/dsp.h **** #ifdef __arm__
 1376              		.loc 16 42 5 view .LVU425
  44:../../DaisySP/Source/Utility/dsp.h **** #else
 1377              		.loc 16 44 5 view .LVU426
 1378              	.LBE588:
 1379              	.LBE587:
 1380              	.LBE593:
 1381              	.LBB594:
 1382              	.LBB561:
  86:daisy_formant.cpp ****         z1 = b1 * x - a1 * y + z2;
 1383              		.loc 15 86 15 is_stmt 0 view .LVU427
 1384 0064 A5EEA76A 		vfma.f32	s12, s11, s15
 1385              	.LBE561:
 1386              	.LBE594:
 1387              	.LBB595:
 1388              	.LBB596:
 1389 0068 D4ED053A 		vldr.32	s7, [r4, #20]
 1390              	.LBE596:
 1391              	.LBE595:
 1392              		.loc 15 232 28 view .LVU428
 1393 006c 20EEA67A 		vmul.f32	s14, s1, s13
 1394              	.LVL90:
 1395              	.LBB609:
 1396              	.LBB610:
  86:daisy_formant.cpp ****         z1 = b1 * x - a1 * y + z2;
 1397              		.loc 15 86 15 view .LVU429
 1398 0070 D0ED057A 		vldr.32	s15, [r0, #20]
 1399              	.LBE610:
 1400              	.LBE609:
 1401              	.LBB623:
 1402              	.LBB597:
 1403 0074 F0EE636A 		vmov.f32	s13, s7
 1404 0078 94ED003A 		vldr.32	s6, [r4]
 1405              	.LBE597:
 1406              	.LBE623:
 1407              	.LBB624:
 1408              	.LBB611:
 1409 007c 90ED004A 		vldr.32	s8, [r0]
 1410              	.LBE611:
 1411              	.LBE624:
 1412              	.LBB625:
 1413              	.LBB590:
 1414              	.LBB589:
  44:../../DaisySP/Source/Utility/dsp.h **** #else
 1415              		.loc 16 44 5 view .LVU430
 1416              		.syntax unified
 1417              	@ 44 "../../DaisySP/Source/Utility/dsp.h" 1
 1418 0080 87FE247A 		vmaxnm.f32 s14, s14, s9
 1419              	@ 0 "" 2
ARM GAS  /var/folders/1b/1q9m9h2n5vq5b3524jm_htnw0000gn/T//ccCPcNPR.s 			page 53


 1420              	.LVL91:
  48:../../DaisySP/Source/Utility/dsp.h **** }
 1421              		.loc 16 48 5 is_stmt 1 view .LVU431
  48:../../DaisySP/Source/Utility/dsp.h **** }
 1422              		.loc 16 48 5 is_stmt 0 view .LVU432
 1423              		.thumb
 1424              		.syntax unified
 1425              	.LBE589:
 1426              	.LBE590:
 1427              	.LBB591:
 1428              	.LBI591:
  51:../../DaisySP/Source/Utility/dsp.h **** {
 1429              		.loc 16 51 14 is_stmt 1 view .LVU433
 1430              	.LBB592:
  53:../../DaisySP/Source/Utility/dsp.h **** #ifdef __arm__
 1431              		.loc 16 53 5 view .LVU434
  55:../../DaisySP/Source/Utility/dsp.h **** #else
 1432              		.loc 16 55 5 view .LVU435
 1433              		.syntax unified
 1434              	@ 55 "../../DaisySP/Source/Utility/dsp.h" 1
 1435 0084 87FE457A 		vminnm.f32 s14, s14, s10
 1436              	@ 0 "" 2
 1437              	.LVL92:
  59:../../DaisySP/Source/Utility/dsp.h **** }
 1438              		.loc 16 59 5 view .LVU436
  59:../../DaisySP/Source/Utility/dsp.h **** }
 1439              		.loc 16 59 5 is_stmt 0 view .LVU437
 1440              		.thumb
 1441              		.syntax unified
 1442              	.LBE592:
 1443              	.LBE591:
 1444              	.LBE625:
 233:daisy_formant.cpp **** 
 234:daisy_formant.cpp ****         // ── 2. High-shelf pre-emphasis ──────────────────
 235:daisy_formant.cpp ****         // Tilts the spectrum so F3/F4/F5 (2–4 kHz) have enough energy.
 236:daisy_formant.cpp ****         float empL = shelfL.Process(drvL);
 1445              		.loc 15 236 9 is_stmt 1 view .LVU438
 1446              	.LBB626:
 1447              	.LBI558:
  85:daisy_formant.cpp ****         float y = b0 * x + z1;
 1448              		.loc 15 85 11 view .LVU439
 1449              	.LBB562:
  86:daisy_formant.cpp ****         z1 = b1 * x - a1 * y + z2;
 1450              		.loc 15 86 9 view .LVU440
  87:daisy_formant.cpp ****         z2 = b2 * x - a2 * y;
 1451              		.loc 15 87 9 view .LVU441
 1452              	.LBE562:
 1453              	.LBE626:
 1454              	.LBB627:
 1455              	.LBB612:
  86:daisy_formant.cpp ****         z1 = b1 * x - a1 * y + z2;
 1456              		.loc 15 86 15 is_stmt 0 view .LVU442
 1457 0088 E4EE067A 		vfma.f32	s15, s8, s12
 1458              	.LBE612:
 1459              	.LBE627:
 1460              	.LBB628:
 1461              	.LBB563:
ARM GAS  /var/folders/1b/1q9m9h2n5vq5b3524jm_htnw0000gn/T//ccCPcNPR.s 			page 54


  87:daisy_formant.cpp ****         z2 = b2 * x - a2 * y;
 1462              		.loc 15 87 26 view .LVU443
 1463 008c 95ED032A 		vldr.32	s4, [r5, #12]
 1464              	.LBE563:
 1465              	.LBE628:
 1466              	.LBB629:
 1467              	.LBB598:
  86:daisy_formant.cpp ****         z1 = b1 * x - a1 * y + z2;
 1468              		.loc 15 86 15 view .LVU444
 1469 0090 E7EE036A 		vfma.f32	s13, s14, s6
  87:daisy_formant.cpp ****         z2 = b2 * x - a2 * y;
 1470              		.loc 15 87 26 view .LVU445
 1471 0094 D4ED032A 		vldr.32	s5, [r4, #12]
 1472              	.LBE598:
 1473              	.LBE629:
 1474              	.LBB630:
 1475              	.LBB613:
 1476 0098 90ED033A 		vldr.32	s6, [r0, #12]
 1477              	.LBE613:
 1478              	.LBE630:
 1479              	.LBB631:
 1480              	.LBB564:
  87:daisy_formant.cpp ****         z2 = b2 * x - a2 * y;
 1481              		.loc 15 87 21 view .LVU446
 1482 009c 22EE462A 		vnmul.f32	s4, s4, s12
 1483 00a0 95ED011A 		vldr.32	s2, [r5, #4]
 1484              	.LBE564:
 1485              	.LBE631:
 1486              	.LBB632:
 1487              	.LBB599:
 1488 00a4 D4ED011A 		vldr.32	s3, [r4, #4]
 1489              	.LBE599:
 1490              	.LBE632:
 1491              	.LBB633:
 1492              	.LBB614:
 1493 00a8 90ED015A 		vldr.32	s10, [r0, #4]
 1494              	.LBE614:
 1495              	.LBE633:
 1496              	.LBB634:
 1497              	.LBB565:
 1498 00ac A5EE812A 		vfma.f32	s4, s11, s2
 1499              	.LBE565:
 1500              	.LBE634:
 1501              	.LBB635:
 1502              	.LBB615:
 1503 00b0 23EE673A 		vnmul.f32	s6, s6, s15
 1504              	.LBE615:
 1505              	.LBE635:
 1506              	.LBB636:
 1507              	.LBB566:
  88:daisy_formant.cpp ****         return y;
 1508              		.loc 15 88 26 view .LVU447
 1509 00b4 D5ED043A 		vldr.32	s7, [r5, #16]
 1510              	.LBE566:
 1511              	.LBE636:
 1512              	.LBB637:
 1513              	.LBB600:
ARM GAS  /var/folders/1b/1q9m9h2n5vq5b3524jm_htnw0000gn/T//ccCPcNPR.s 			page 55


  87:daisy_formant.cpp ****         z2 = b2 * x - a2 * y;
 1514              		.loc 15 87 21 view .LVU448
 1515 00b8 62EEE62A 		vnmul.f32	s5, s5, s13
  88:daisy_formant.cpp ****         return y;
 1516              		.loc 15 88 26 view .LVU449
 1517 00bc 94ED044A 		vldr.32	s8, [r4, #16]
 1518              	.LBE600:
 1519              	.LBE637:
 1520              	.LBB638:
 1521              	.LBB616:
 1522 00c0 D0ED044A 		vldr.32	s9, [r0, #16]
 1523              	.LBE616:
 1524              	.LBE638:
 1525              	.LBB639:
 1526              	.LBB567:
  88:daisy_formant.cpp ****         return y;
 1527              		.loc 15 88 21 view .LVU450
 1528 00c4 63EEC63A 		vnmul.f32	s7, s7, s12
 1529              	.LBE567:
 1530              	.LBE639:
 1531              	.LBB640:
 1532              	.LBB617:
  87:daisy_formant.cpp ****         z2 = b2 * x - a2 * y;
 1533              		.loc 15 87 21 view .LVU451
 1534 00c8 A5EE063A 		vfma.f32	s6, s10, s12
 1535              	.LBE617:
 1536              	.LBE640:
 1537              	.LBB641:
 1538              	.LBB642:
  86:daisy_formant.cpp ****         z1 = b1 * x - a1 * y + z2;
 1539              		.loc 15 86 15 view .LVU452
 1540 00cc 91ED058A 		vldr.32	s16, [r1, #20]
 1541              	.LBE642:
 1542              	.LBE641:
 1543              	.LBB652:
 1544              	.LBB601:
  87:daisy_formant.cpp ****         z2 = b2 * x - a2 * y;
 1545              		.loc 15 87 21 view .LVU453
 1546 00d0 E7EE212A 		vfma.f32	s5, s14, s3
 1547              	.LBE601:
 1548              	.LBE652:
 1549              	.LBB653:
 1550              	.LBB643:
  86:daisy_formant.cpp ****         z1 = b1 * x - a1 * y + z2;
 1551              		.loc 15 86 15 view .LVU454
 1552 00d4 D1ED008A 		vldr.32	s17, [r1]
 1553              	.LBE643:
 1554              	.LBE653:
 1555              	.LBB654:
 1556              	.LBB618:
  88:daisy_formant.cpp ****         return y;
 1557              		.loc 15 88 21 view .LVU455
 1558 00d8 64EEE74A 		vnmul.f32	s9, s9, s15
 1559              	.LBE618:
 1560              	.LBE654:
 1561              	.LBB655:
 1562              	.LBB568:
ARM GAS  /var/folders/1b/1q9m9h2n5vq5b3524jm_htnw0000gn/T//ccCPcNPR.s 			page 56


 1563 00dc 95ED021A 		vldr.32	s2, [r5, #8]
 1564              	.LBE568:
 1565              	.LBE655:
 1566              	.LBB656:
 1567              	.LBB602:
 1568 00e0 24EE664A 		vnmul.f32	s8, s8, s13
 1569 00e4 D4ED021A 		vldr.32	s3, [r4, #8]
 1570              	.LBE602:
 1571              	.LBE656:
 1572              	.LBB657:
 1573              	.LBB619:
 1574 00e8 90ED025A 		vldr.32	s10, [r0, #8]
 1575              	.LBE619:
 1576              	.LBE657:
 1577              	.LBB658:
 1578              	.LBB644:
  86:daisy_formant.cpp ****         z1 = b1 * x - a1 * y + z2;
 1579              		.loc 15 86 15 view .LVU456
 1580 00ec A8EEA68A 		vfma.f32	s16, s17, s13
 1581              	.LBE644:
 1582              	.LBE658:
 1583              	.LBB659:
 1584              	.LBB569:
  88:daisy_formant.cpp ****         return y;
 1585              		.loc 15 88 21 view .LVU457
 1586 00f0 E5EE813A 		vfma.f32	s7, s11, s2
  87:daisy_formant.cpp ****         z2 = b2 * x - a2 * y;
 1587              		.loc 15 87 30 view .LVU458
 1588 00f4 95ED061A 		vldr.32	s2, [r5, #24]
 1589              	.LBE569:
 1590              	.LBE659:
 1591              	.LBB660:
 1592              	.LBB603:
  88:daisy_formant.cpp ****         return y;
 1593              		.loc 15 88 21 view .LVU459
 1594 00f8 A7EE214A 		vfma.f32	s8, s14, s3
 1595              	.LBE603:
 1596              	.LBE660:
 1597              	.LBB661:
 1598              	.LBB620:
  87:daisy_formant.cpp ****         z2 = b2 * x - a2 * y;
 1599              		.loc 15 87 30 view .LVU460
 1600 00fc 90ED067A 		vldr.32	s14, [r0, #24]
 1601              	.LVL93:
  88:daisy_formant.cpp ****         return y;
 1602              		.loc 15 88 21 view .LVU461
 1603 0100 E5EE064A 		vfma.f32	s9, s10, s12
 1604              	.LBE620:
 1605              	.LBE661:
 1606              	.LBB662:
 1607              	.LBB604:
  87:daisy_formant.cpp ****         z2 = b2 * x - a2 * y;
 1608              		.loc 15 87 30 view .LVU462
 1609 0104 D4ED061A 		vldr.32	s3, [r4, #24]
 1610              	.LBE604:
 1611              	.LBE662:
 1612              	.LBB663:
ARM GAS  /var/folders/1b/1q9m9h2n5vq5b3524jm_htnw0000gn/T//ccCPcNPR.s 			page 57


 1613              	.LBB621:
 1614 0108 37EE033A 		vadd.f32	s6, s14, s6
 1615              	.LBE621:
 1616              	.LBE663:
 1617              	.LBB664:
 1618              	.LBB645:
  87:daisy_formant.cpp ****         z2 = b2 * x - a2 * y;
 1619              		.loc 15 87 26 view .LVU463
 1620 010c 91ED035A 		vldr.32	s10, [r1, #12]
 1621              	.LBE645:
 1622              	.LBE664:
 1623              	.LBB665:
 1624              	.LBB570:
  87:daisy_formant.cpp ****         z2 = b2 * x - a2 * y;
 1625              		.loc 15 87 30 view .LVU464
 1626 0110 31EE022A 		vadd.f32	s4, s2, s4
 1627              	.LBE570:
 1628              	.LBE665:
 237:daisy_formant.cpp ****         float empR = shelfR.Process(drvR);
 238:daisy_formant.cpp **** 
 239:daisy_formant.cpp ****         // ── 3. Wah BPF (knob1) ────────────────────�
 240:daisy_formant.cpp ****         float wahOutL = wahL.Process(empL);
 241:daisy_formant.cpp ****         float wahOutR = wahR.Process(empR);
 242:daisy_formant.cpp ****         float wahMixL = (1.0f - WAH_WET) * empL + WAH_WET * wahOutL;
 1629              		.loc 15 242 59 view .LVU465
 1630 0114 9FED557A 		vldr.32	s14, .L41+24
 1631              	.LBB666:
 1632              	.LBB605:
  87:daisy_formant.cpp ****         z2 = b2 * x - a2 * y;
 1633              		.loc 15 87 30 view .LVU466
 1634 0118 71EEA22A 		vadd.f32	s5, s3, s5
 1635 011c 544B     		ldr	r3, .L41+28
 1636              	.LBE605:
 1637              	.LBE666:
 1638              	.LBB667:
 1639              	.LBB646:
  87:daisy_formant.cpp ****         z2 = b2 * x - a2 * y;
 1640              		.loc 15 87 21 view .LVU467
 1641 011e 25EE485A 		vnmul.f32	s10, s10, s16
 1642              	.LBE646:
 1643              	.LBE667:
 1644              	.LBB668:
 1645              	.LBB571:
  88:daisy_formant.cpp ****         return y;
 1646              		.loc 15 88 12 view .LVU468
 1647 0122 C5ED063A 		vstr.32	s7, [r5, #24]
 1648              	.LBE571:
 1649              	.LBE668:
 1650              	.LBB669:
 1651              	.LBB606:
 1652 0126 84ED064A 		vstr.32	s8, [r4, #24]
 1653              	.LBE606:
 1654              	.LBE669:
 1655              		.loc 15 242 59 view .LVU469
 1656 012a 67EE877A 		vmul.f32	s15, s15, s14
 1657              	.LBB670:
 1658              	.LBB572:
ARM GAS  /var/folders/1b/1q9m9h2n5vq5b3524jm_htnw0000gn/T//ccCPcNPR.s 			page 58


  87:daisy_formant.cpp ****         z2 = b2 * x - a2 * y;
 1659              		.loc 15 87 12 view .LVU470
 1660 012e 85ED052A 		vstr.32	s4, [r5, #20]
  88:daisy_formant.cpp ****         return y;
 1661              		.loc 15 88 9 is_stmt 1 view .LVU471
  89:daisy_formant.cpp ****     }
 1662              		.loc 15 89 9 view .LVU472
 1663              	.LVL94:
  89:daisy_formant.cpp ****     }
 1664              		.loc 15 89 9 is_stmt 0 view .LVU473
 1665              	.LBE572:
 1666              	.LBE670:
 237:daisy_formant.cpp ****         float empR = shelfR.Process(drvR);
 1667              		.loc 15 237 9 is_stmt 1 view .LVU474
 1668              	.LBB671:
 1669              	.LBI595:
  85:daisy_formant.cpp ****         float y = b0 * x + z1;
 1670              		.loc 15 85 11 view .LVU475
 1671              	.LBB607:
  86:daisy_formant.cpp ****         z1 = b1 * x - a1 * y + z2;
 1672              		.loc 15 86 9 view .LVU476
  87:daisy_formant.cpp ****         z2 = b2 * x - a2 * y;
 1673              		.loc 15 87 9 view .LVU477
 1674              	.LBE607:
 1675              	.LBE671:
 243:daisy_formant.cpp ****         float wahMixR = (1.0f - WAH_WET) * empR + WAH_WET * wahOutR;
 1676              		.loc 15 243 59 is_stmt 0 view .LVU478
 1677 0132 28EE077A 		vmul.f32	s14, s16, s14
 1678              	.LBB672:
 1679              	.LBB608:
  87:daisy_formant.cpp ****         z2 = b2 * x - a2 * y;
 1680              		.loc 15 87 12 view .LVU479
 1681 0136 C4ED052A 		vstr.32	s5, [r4, #20]
  88:daisy_formant.cpp ****         return y;
 1682              		.loc 15 88 9 is_stmt 1 view .LVU480
  89:daisy_formant.cpp ****     }
 1683              		.loc 15 89 9 view .LVU481
 1684              	.LVL95:
  89:daisy_formant.cpp ****     }
 1685              		.loc 15 89 9 is_stmt 0 view .LVU482
 1686              	.LBE608:
 1687              	.LBE672:
 240:daisy_formant.cpp ****         float wahOutR = wahR.Process(empR);
 1688              		.loc 15 240 9 is_stmt 1 view .LVU483
 1689              	.LBB673:
 1690              	.LBI609:
  85:daisy_formant.cpp ****         float y = b0 * x + z1;
 1691              		.loc 15 85 11 view .LVU484
 1692              	.LBB622:
  86:daisy_formant.cpp ****         z1 = b1 * x - a1 * y + z2;
 1693              		.loc 15 86 9 view .LVU485
  87:daisy_formant.cpp ****         z2 = b2 * x - a2 * y;
 1694              		.loc 15 87 9 view .LVU486
  87:daisy_formant.cpp ****         z2 = b2 * x - a2 * y;
 1695              		.loc 15 87 12 is_stmt 0 view .LVU487
 1696 013a 80ED053A 		vstr.32	s6, [r0, #20]
  88:daisy_formant.cpp ****         return y;
ARM GAS  /var/folders/1b/1q9m9h2n5vq5b3524jm_htnw0000gn/T//ccCPcNPR.s 			page 59


 1697              		.loc 15 88 9 is_stmt 1 view .LVU488
  88:daisy_formant.cpp ****         return y;
 1698              		.loc 15 88 12 is_stmt 0 view .LVU489
 1699 013e C0ED064A 		vstr.32	s9, [r0, #24]
  89:daisy_formant.cpp ****     }
 1700              		.loc 15 89 9 is_stmt 1 view .LVU490
 1701              	.LVL96:
  89:daisy_formant.cpp ****     }
 1702              		.loc 15 89 9 is_stmt 0 view .LVU491
 1703              	.LBE622:
 1704              	.LBE673:
 241:daisy_formant.cpp ****         float wahMixL = (1.0f - WAH_WET) * empL + WAH_WET * wahOutL;
 1705              		.loc 15 241 9 is_stmt 1 view .LVU492
 1706              	.LBB674:
 1707              	.LBI641:
  85:daisy_formant.cpp ****         float y = b0 * x + z1;
 1708              		.loc 15 85 11 view .LVU493
 1709              	.LBB647:
  86:daisy_formant.cpp ****         z1 = b1 * x - a1 * y + z2;
 1710              		.loc 15 86 9 view .LVU494
  87:daisy_formant.cpp ****         z2 = b2 * x - a2 * y;
 1711              		.loc 15 87 9 view .LVU495
  87:daisy_formant.cpp ****         z2 = b2 * x - a2 * y;
 1712              		.loc 15 87 21 is_stmt 0 view .LVU496
 1713 0142 D1ED014A 		vldr.32	s9, [r1, #4]
  88:daisy_formant.cpp ****         return y;
 1714              		.loc 15 88 26 view .LVU497
 1715 0146 D1ED045A 		vldr.32	s11, [r1, #16]
 1716              	.LVL97:
  87:daisy_formant.cpp ****         z2 = b2 * x - a2 * y;
 1717              		.loc 15 87 21 view .LVU498
 1718 014a A4EEA65A 		vfma.f32	s10, s9, s13
 1719              	.LBE647:
 1720              	.LBE674:
 242:daisy_formant.cpp ****         float wahMixR = (1.0f - WAH_WET) * empR + WAH_WET * wahOutR;
 1721              		.loc 15 242 15 view .LVU499
 1722 014e 9FED494A 		vldr.32	s8, .L41+32
 1723              	.LBB675:
 1724              	.LBB648:
  88:daisy_formant.cpp ****         return y;
 1725              		.loc 15 88 21 view .LVU500
 1726 0152 65EEC85A 		vnmul.f32	s11, s11, s16
 1727 0156 D1ED023A 		vldr.32	s7, [r1, #8]
 1728              	.LBE648:
 1729              	.LBE675:
 242:daisy_formant.cpp ****         float wahMixR = (1.0f - WAH_WET) * empR + WAH_WET * wahOutR;
 1730              		.loc 15 242 15 view .LVU501
 1731 015a E6EE047A 		vfma.f32	s15, s12, s8
 1732              	.LBB676:
 1733              	.LBB649:
  87:daisy_formant.cpp ****         z2 = b2 * x - a2 * y;
 1734              		.loc 15 87 30 view .LVU502
 1735 015e D1ED064A 		vldr.32	s9, [r1, #24]
 1736              	.LBE649:
 1737              	.LBE676:
 1738              		.loc 15 243 15 view .LVU503
 1739 0162 A6EE847A 		vfma.f32	s14, s13, s8
ARM GAS  /var/folders/1b/1q9m9h2n5vq5b3524jm_htnw0000gn/T//ccCPcNPR.s 			page 60


 1740 0166 444A     		ldr	r2, .L41+36
 1741              	.LBB677:
 1742              	.LBB650:
  88:daisy_formant.cpp ****         return y;
 1743              		.loc 15 88 21 view .LVU504
 1744 0168 E3EEA65A 		vfma.f32	s11, s7, s13
  87:daisy_formant.cpp ****         z2 = b2 * x - a2 * y;
 1745              		.loc 15 87 30 view .LVU505
 1746 016c 34EE855A 		vadd.f32	s10, s9, s10
  87:daisy_formant.cpp ****         z2 = b2 * x - a2 * y;
 1747              		.loc 15 87 12 view .LVU506
 1748 0170 81ED055A 		vstr.32	s10, [r1, #20]
  88:daisy_formant.cpp ****         return y;
 1749              		.loc 15 88 9 is_stmt 1 view .LVU507
  89:daisy_formant.cpp ****     }
 1750              		.loc 15 89 9 view .LVU508
 1751              	.LVL98:
  89:daisy_formant.cpp ****     }
 1752              		.loc 15 89 9 is_stmt 0 view .LVU509
 1753              	.LBE650:
 1754              	.LBE677:
 242:daisy_formant.cpp ****         float wahMixR = (1.0f - WAH_WET) * empR + WAH_WET * wahOutR;
 1755              		.loc 15 242 9 is_stmt 1 view .LVU510
 1756              		.loc 15 243 9 view .LVU511
 244:daisy_formant.cpp **** 
 245:daisy_formant.cpp ****         // ── 4. Vocal tract: F1→F2→F3→F4→F5 cascade (knob2) ────────�
 246:daisy_formant.cpp ****         // Each resonator's output feeds the next (series, not parallel).
 247:daisy_formant.cpp ****         // This creates anti-formant notches between peaks — the key
 248:daisy_formant.cpp ****         // difference from a wah pedal, and what gives vowels their identity.
 249:daisy_formant.cpp ****         float vtL = wahMixL;
 1757              		.loc 15 249 9 view .LVU512
 250:daisy_formant.cpp ****         float vtR = wahMixR;
 1758              		.loc 15 250 9 view .LVU513
 251:daisy_formant.cpp ****         for(int k = 0; k < N_FORMANTS; k++) {
 1759              		.loc 15 251 9 view .LVU514
 1760              	.LBB678:
 1761              		.loc 15 251 26 view .LVU515
 1762              	.LBE678:
 1763              	.LBB717:
 1764              	.LBB651:
  88:daisy_formant.cpp ****         return y;
 1765              		.loc 15 88 12 is_stmt 0 view .LVU516
 1766 0174 C1ED065A 		vstr.32	s11, [r1, #24]
 1767              	.LVL99:
 1768              	.L33:
  88:daisy_formant.cpp ****         return y;
 1769              		.loc 15 88 12 view .LVU517
 1770              	.LBE651:
 1771              	.LBE717:
 1772              	.LBB718:
 252:daisy_formant.cpp ****             vtL = resonL[k].Process(vtL);
 1773              		.loc 15 252 13 is_stmt 1 discriminator 2 view .LVU518
 1774              	.LBB679:
 1775              	.LBI679:
  85:daisy_formant.cpp ****         float y = b0 * x + z1;
 1776              		.loc 15 85 11 discriminator 2 view .LVU519
 1777              	.LBB680:
ARM GAS  /var/folders/1b/1q9m9h2n5vq5b3524jm_htnw0000gn/T//ccCPcNPR.s 			page 61


  86:daisy_formant.cpp ****         z1 = b1 * x - a1 * y + z2;
 1778              		.loc 15 86 9 discriminator 2 view .LVU520
  86:daisy_formant.cpp ****         z1 = b1 * x - a1 * y + z2;
 1779              		.loc 15 86 15 is_stmt 0 discriminator 2 view .LVU521
 1780 0178 D3ED005A 		vldr.32	s11, [r3]
 1781 017c B0EE673A 		vmov.f32	s6, s15
 1782 0180 93ED056A 		vldr.32	s12, [r3, #20]
 1783 0184 F0EE473A 		vmov.f32	s7, s14
 1784              	.LBE680:
 1785              	.LBE679:
 1786              	.LBB690:
 1787              	.LBB691:
 1788 0188 D2ED056A 		vldr.32	s13, [r2, #20]
 1789              	.LBE691:
 1790              	.LBE690:
 251:daisy_formant.cpp ****             vtL = resonL[k].Process(vtL);
 1791              		.loc 15 251 26 discriminator 2 view .LVU522
 1792 018c 1C33     		adds	r3, r3, #28
 1793              	.LBB700:
 1794              	.LBB681:
  86:daisy_formant.cpp ****         z1 = b1 * x - a1 * y + z2;
 1795              		.loc 15 86 15 discriminator 2 view .LVU523
 1796 018e A5EEA76A 		vfma.f32	s12, s11, s15
  87:daisy_formant.cpp ****         z2 = b2 * x - a2 * y;
 1797              		.loc 15 87 26 discriminator 2 view .LVU524
 1798 0192 13ED045A 		vldr.32	s10, [r3, #-16]
  87:daisy_formant.cpp ****         z2 = b2 * x - a2 * y;
 1799              		.loc 15 87 21 discriminator 2 view .LVU525
 1800 0196 13ED061A 		vldr.32	s2, [r3, #-24]
 1801              	.LBE681:
 1802              	.LBE700:
 251:daisy_formant.cpp ****             vtL = resonL[k].Process(vtL);
 1803              		.loc 15 251 26 discriminator 2 view .LVU526
 1804 019a 1C32     		adds	r2, r2, #28
 1805              	.LBB701:
 1806              	.LBB682:
  88:daisy_formant.cpp ****         return y;
 1807              		.loc 15 88 26 discriminator 2 view .LVU527
 1808 019c 53ED035A 		vldr.32	s11, [r3, #-12]
 1809              	.LBE682:
 1810              	.LBE701:
 1811              	.LBB702:
 1812              	.LBB692:
  87:daisy_formant.cpp ****         z2 = b2 * x - a2 * y;
 1813              		.loc 15 87 21 discriminator 2 view .LVU528
 1814 01a0 12ED062A 		vldr.32	s4, [r2, #-24]
 1815              	.LBE692:
 1816              	.LBE702:
 1817              	.LBB703:
 1818              	.LBB683:
  88:daisy_formant.cpp ****         return y;
 1819              		.loc 15 88 21 discriminator 2 view .LVU529
 1820 01a4 53ED051A 		vldr.32	s3, [r3, #-20]
 1821              	.LBE683:
 1822              	.LBE703:
 1823              	.LBB704:
 1824              	.LBB693:
ARM GAS  /var/folders/1b/1q9m9h2n5vq5b3524jm_htnw0000gn/T//ccCPcNPR.s 			page 62


 1825 01a8 52ED052A 		vldr.32	s5, [r2, #-20]
 1826              	.LBE693:
 1827              	.LBE704:
 1828              	.LBB705:
 1829              	.LBB684:
  86:daisy_formant.cpp ****         z1 = b1 * x - a1 * y + z2;
 1830              		.loc 15 86 15 discriminator 2 view .LVU530
 1831 01ac F0EE467A 		vmov.f32	s15, s12
 1832              	.LVL100:
  87:daisy_formant.cpp ****         z2 = b2 * x - a2 * y;
 1833              		.loc 15 87 9 is_stmt 1 discriminator 2 view .LVU531
 1834              	.LBE684:
 1835              	.LBE705:
 1836              	.LBB706:
 1837              	.LBB694:
  86:daisy_formant.cpp ****         z1 = b1 * x - a1 * y + z2;
 1838              		.loc 15 86 15 is_stmt 0 discriminator 2 view .LVU532
 1839 01b0 12ED076A 		vldr.32	s12, [r2, #-28]
 1840              	.LVL101:
  86:daisy_formant.cpp ****         z1 = b1 * x - a1 * y + z2;
 1841              		.loc 15 86 15 discriminator 2 view .LVU533
 1842              	.LBE694:
 1843              	.LBE706:
 1844              	.LBB707:
 1845              	.LBB685:
  87:daisy_formant.cpp ****         z2 = b2 * x - a2 * y;
 1846              		.loc 15 87 30 discriminator 2 view .LVU534
 1847 01b4 13ED014A 		vldr.32	s8, [r3, #-4]
 1848              	.LBE685:
 1849              	.LBE707:
 251:daisy_formant.cpp ****             vtL = resonL[k].Process(vtL);
 1850              		.loc 15 251 26 discriminator 2 view .LVU535
 1851 01b8 B342     		cmp	r3, r6
 1852              	.LBB708:
 1853              	.LBB695:
  86:daisy_formant.cpp ****         z1 = b1 * x - a1 * y + z2;
 1854              		.loc 15 86 15 discriminator 2 view .LVU536
 1855 01ba E7EE066A 		vfma.f32	s13, s14, s12
  87:daisy_formant.cpp ****         z2 = b2 * x - a2 * y;
 1856              		.loc 15 87 26 discriminator 2 view .LVU537
 1857 01be 12ED046A 		vldr.32	s12, [r2, #-16]
 1858              	.LBE695:
 1859              	.LBE708:
 1860              	.LBB709:
 1861              	.LBB686:
  87:daisy_formant.cpp ****         z2 = b2 * x - a2 * y;
 1862              		.loc 15 87 21 discriminator 2 view .LVU538
 1863 01c2 25EE675A 		vnmul.f32	s10, s10, s15
 1864              	.LBE686:
 1865              	.LBE709:
 1866              	.LBB710:
 1867              	.LBB696:
  87:daisy_formant.cpp ****         z2 = b2 * x - a2 * y;
 1868              		.loc 15 87 30 discriminator 2 view .LVU539
 1869 01c6 52ED014A 		vldr.32	s9, [r2, #-4]
 1870              	.LBE696:
 1871              	.LBE710:
ARM GAS  /var/folders/1b/1q9m9h2n5vq5b3524jm_htnw0000gn/T//ccCPcNPR.s 			page 63


 1872              	.LBB711:
 1873              	.LBB687:
  88:daisy_formant.cpp ****         return y;
 1874              		.loc 15 88 21 discriminator 2 view .LVU540
 1875 01ca 65EEE75A 		vnmul.f32	s11, s11, s15
  87:daisy_formant.cpp ****         z2 = b2 * x - a2 * y;
 1876              		.loc 15 87 21 discriminator 2 view .LVU541
 1877 01ce A1EE035A 		vfma.f32	s10, s2, s6
  88:daisy_formant.cpp ****         return y;
 1878              		.loc 15 88 21 discriminator 2 view .LVU542
 1879 01d2 E1EE835A 		vfma.f32	s11, s3, s6
 1880              	.LBE687:
 1881              	.LBE711:
 1882              	.LBB712:
 1883              	.LBB697:
  86:daisy_formant.cpp ****         z1 = b1 * x - a1 * y + z2;
 1884              		.loc 15 86 15 discriminator 2 view .LVU543
 1885 01d6 B0EE667A 		vmov.f32	s14, s13
 1886              	.LVL102:
  88:daisy_formant.cpp ****         return y;
 1887              		.loc 15 88 26 discriminator 2 view .LVU544
 1888 01da 52ED036A 		vldr.32	s13, [r2, #-12]
  87:daisy_formant.cpp ****         z2 = b2 * x - a2 * y;
 1889              		.loc 15 87 21 discriminator 2 view .LVU545
 1890 01de 26EE476A 		vnmul.f32	s12, s12, s14
  88:daisy_formant.cpp ****         return y;
 1891              		.loc 15 88 21 discriminator 2 view .LVU546
 1892 01e2 66EEC76A 		vnmul.f32	s13, s13, s14
 1893              	.LBE697:
 1894              	.LBE712:
 1895              	.LBB713:
 1896              	.LBB688:
  87:daisy_formant.cpp ****         z2 = b2 * x - a2 * y;
 1897              		.loc 15 87 30 discriminator 2 view .LVU547
 1898 01e6 34EE055A 		vadd.f32	s10, s8, s10
  88:daisy_formant.cpp ****         return y;
 1899              		.loc 15 88 12 discriminator 2 view .LVU548
 1900 01ea 43ED015A 		vstr.32	s11, [r3, #-4]
 1901              	.LBE688:
 1902              	.LBE713:
 1903              	.LBB714:
 1904              	.LBB698:
  87:daisy_formant.cpp ****         z2 = b2 * x - a2 * y;
 1905              		.loc 15 87 21 discriminator 2 view .LVU549
 1906 01ee A3EE826A 		vfma.f32	s12, s7, s4
  88:daisy_formant.cpp ****         return y;
 1907              		.loc 15 88 21 discriminator 2 view .LVU550
 1908 01f2 E3EEA26A 		vfma.f32	s13, s7, s5
 1909              	.LBE698:
 1910              	.LBE714:
 1911              	.LBB715:
 1912              	.LBB689:
  87:daisy_formant.cpp ****         z2 = b2 * x - a2 * y;
 1913              		.loc 15 87 12 discriminator 2 view .LVU551
 1914 01f6 03ED025A 		vstr.32	s10, [r3, #-8]
  88:daisy_formant.cpp ****         return y;
 1915              		.loc 15 88 9 is_stmt 1 discriminator 2 view .LVU552
ARM GAS  /var/folders/1b/1q9m9h2n5vq5b3524jm_htnw0000gn/T//ccCPcNPR.s 			page 64


  89:daisy_formant.cpp ****     }
 1916              		.loc 15 89 9 discriminator 2 view .LVU553
 1917              	.LVL103:
  89:daisy_formant.cpp ****     }
 1918              		.loc 15 89 9 is_stmt 0 discriminator 2 view .LVU554
 1919              	.LBE689:
 1920              	.LBE715:
 253:daisy_formant.cpp ****             vtR = resonR[k].Process(vtR);
 1921              		.loc 15 253 13 is_stmt 1 discriminator 2 view .LVU555
 1922              	.LBB716:
 1923              	.LBI690:
  85:daisy_formant.cpp ****         float y = b0 * x + z1;
 1924              		.loc 15 85 11 discriminator 2 view .LVU556
 1925              	.LBB699:
  86:daisy_formant.cpp ****         z1 = b1 * x - a1 * y + z2;
 1926              		.loc 15 86 9 discriminator 2 view .LVU557
  87:daisy_formant.cpp ****         z2 = b2 * x - a2 * y;
 1927              		.loc 15 87 9 discriminator 2 view .LVU558
  87:daisy_formant.cpp ****         z2 = b2 * x - a2 * y;
 1928              		.loc 15 87 30 is_stmt 0 discriminator 2 view .LVU559
 1929 01fa 34EE866A 		vadd.f32	s12, s9, s12
  88:daisy_formant.cpp ****         return y;
 1930              		.loc 15 88 12 discriminator 2 view .LVU560
 1931 01fe 42ED016A 		vstr.32	s13, [r2, #-4]
  87:daisy_formant.cpp ****         z2 = b2 * x - a2 * y;
 1932              		.loc 15 87 12 discriminator 2 view .LVU561
 1933 0202 02ED026A 		vstr.32	s12, [r2, #-8]
  88:daisy_formant.cpp ****         return y;
 1934              		.loc 15 88 9 is_stmt 1 discriminator 2 view .LVU562
  89:daisy_formant.cpp ****     }
 1935              		.loc 15 89 9 discriminator 2 view .LVU563
 1936              	.LVL104:
  89:daisy_formant.cpp ****     }
 1937              		.loc 15 89 9 is_stmt 0 discriminator 2 view .LVU564
 1938              	.LBE699:
 1939              	.LBE716:
 251:daisy_formant.cpp ****             vtL = resonL[k].Process(vtL);
 1940              		.loc 15 251 9 is_stmt 1 discriminator 2 view .LVU565
 251:daisy_formant.cpp ****             vtL = resonL[k].Process(vtL);
 1941              		.loc 15 251 26 discriminator 2 view .LVU566
 1942 0206 B7D1     		bne	.L33
 1943              	.LBE718:
 254:daisy_formant.cpp ****         }
 255:daisy_formant.cpp **** 
 256:daisy_formant.cpp ****         // ── 5. Wet/dry blend ─────────────────────�
 257:daisy_formant.cpp ****         // Dry signal is the pre-drive input for a clean bypass at wet=0.
 258:daisy_formant.cpp ****         float outL = (1.0f - FORMANT_WET) * inl + FORMANT_WET * vtL;
 1944              		.loc 15 258 9 discriminator 2 view .LVU567
 1945              		.loc 15 258 63 is_stmt 0 discriminator 2 view .LVU568
 1946 0208 9FED1C6A 		vldr.32	s12, .L41+40
 1947              	.LBE748:
 222:daisy_formant.cpp ****     {
 1948              		.loc 15 222 25 discriminator 2 view .LVU569
 1949 020c 0CF1080C 		add	ip, ip, #8
 1950              	.LBB749:
 1951              		.loc 15 258 15 discriminator 2 view .LVU570
 1952 0210 DFED1B6A 		vldr.32	s13, .L41+44
ARM GAS  /var/folders/1b/1q9m9h2n5vq5b3524jm_htnw0000gn/T//ccCPcNPR.s 			page 65


 1953              	.LBE749:
 222:daisy_formant.cpp ****     {
 1954              		.loc 15 222 25 discriminator 2 view .LVU571
 1955 0214 0EF1080E 		add	lr, lr, #8
 1956              	.LBB750:
 1957              		.loc 15 258 63 discriminator 2 view .LVU572
 1958 0218 67EE867A 		vmul.f32	s15, s15, s12
 1959              	.LVL105:
 1960              		.loc 15 258 63 discriminator 2 view .LVU573
 1961              	.LBE750:
 222:daisy_formant.cpp ****     {
 1962              		.loc 15 222 25 discriminator 2 view .LVU574
 1963 021c BC45     		cmp	ip, r7
 1964              	.LBB751:
 259:daisy_formant.cpp ****         float outR = (1.0f - FORMANT_WET) * inr + FORMANT_WET * vtR;
 1965              		.loc 15 259 63 discriminator 2 view .LVU575
 1966 021e 27EE067A 		vmul.f32	s14, s14, s12
 1967              	.LVL106:
 1968              	.LBB719:
 1969              	.LBB720:
 1970              	.LBB721:
  44:../../DaisySP/Source/Utility/dsp.h **** #else
 1971              		.loc 16 44 5 discriminator 2 view .LVU576
 1972 0222 FFEE005A 		vmov.f32	s11, #-1.0e+0
 1973              	.LBE721:
 1974              	.LBE720:
 1975              	.LBE719:
 258:daisy_formant.cpp ****         float outR = (1.0f - FORMANT_WET) * inr + FORMANT_WET * vtR;
 1976              		.loc 15 258 15 discriminator 2 view .LVU577
 1977 0226 E0EE267A 		vfma.f32	s15, s0, s13
 1978              	.LVL107:
 1979              		.loc 15 259 9 is_stmt 1 discriminator 2 view .LVU578
 1980              		.loc 15 259 15 is_stmt 0 discriminator 2 view .LVU579
 1981 022a A0EEA67A 		vfma.f32	s14, s1, s13
 1982              	.LVL108:
 260:daisy_formant.cpp **** 
 261:daisy_formant.cpp ****         // ── 6. Safety clip ──────────────────────
 262:daisy_formant.cpp ****         out[i]     = fclamp(outL, -1.0f, 1.0f);
 1983              		.loc 15 262 9 is_stmt 1 discriminator 2 view .LVU580
 1984              	.LBB732:
 1985              	.LBI719:
  64:../../DaisySP/Source/Utility/dsp.h **** {
 1986              		.loc 16 64 14 discriminator 2 view .LVU581
 1987              	.LBE732:
 1988              	.LBE751:
 1989              	.LBE755:
 1990              		.loc 16 66 5 discriminator 2 view .LVU582
 1991              	.LBB756:
 1992              	.LBB752:
 1993              	.LBB733:
 1994              	.LBB724:
 1995              	.LBI720:
  40:../../DaisySP/Source/Utility/dsp.h **** {
 1996              		.loc 16 40 14 discriminator 2 view .LVU583
 1997              	.LBB722:
  42:../../DaisySP/Source/Utility/dsp.h **** #ifdef __arm__
 1998              		.loc 16 42 5 discriminator 2 view .LVU584
ARM GAS  /var/folders/1b/1q9m9h2n5vq5b3524jm_htnw0000gn/T//ccCPcNPR.s 			page 66


  44:../../DaisySP/Source/Utility/dsp.h **** #else
 1999              		.loc 16 44 5 discriminator 2 view .LVU585
 2000              	.LBE722:
 2001              	.LBE724:
 2002              	.LBB725:
 2003              	.LBB726:
  55:../../DaisySP/Source/Utility/dsp.h **** #else
 2004              		.loc 16 55 5 is_stmt 0 discriminator 2 view .LVU586
 2005 022e B7EE006A 		vmov.f32	s12, #1.0e+0
 2006              	.LBE726:
 2007              	.LBE725:
 2008              	.LBB729:
 2009              	.LBB723:
  44:../../DaisySP/Source/Utility/dsp.h **** #else
 2010              		.loc 16 44 5 discriminator 2 view .LVU587
 2011              		.syntax unified
 2012              	@ 44 "../../DaisySP/Source/Utility/dsp.h" 1
 2013 0232 C7FEA56A 		vmaxnm.f32 s13, s15, s11
 2014              	@ 0 "" 2
 2015              	.LVL109:
  48:../../DaisySP/Source/Utility/dsp.h **** }
 2016              		.loc 16 48 5 is_stmt 1 discriminator 2 view .LVU588
  48:../../DaisySP/Source/Utility/dsp.h **** }
 2017              		.loc 16 48 5 is_stmt 0 discriminator 2 view .LVU589
 2018              		.thumb
 2019              		.syntax unified
 2020              	.LBE723:
 2021              	.LBE729:
 2022              	.LBB730:
 2023              	.LBI725:
  51:../../DaisySP/Source/Utility/dsp.h **** {
 2024              		.loc 16 51 14 is_stmt 1 discriminator 2 view .LVU590
 2025              	.LBB727:
  53:../../DaisySP/Source/Utility/dsp.h **** #ifdef __arm__
 2026              		.loc 16 53 5 discriminator 2 view .LVU591
  55:../../DaisySP/Source/Utility/dsp.h **** #else
 2027              		.loc 16 55 5 discriminator 2 view .LVU592
 2028              	.LBE727:
 2029              	.LBE730:
 2030              	.LBE733:
 2031              	.LBB734:
 2032              	.LBB735:
 2033              	.LBB736:
  44:../../DaisySP/Source/Utility/dsp.h **** #else
 2034              		.loc 16 44 5 is_stmt 0 discriminator 2 view .LVU593
 2035              		.syntax unified
 2036              	@ 44 "../../DaisySP/Source/Utility/dsp.h" 1
 2037 0236 C7FE257A 		vmaxnm.f32 s15, s14, s11
 2038              	@ 0 "" 2
 2039              	.LVL110:
  44:../../DaisySP/Source/Utility/dsp.h **** #else
 2040              		.loc 16 44 5 discriminator 2 view .LVU594
 2041              		.thumb
 2042              		.syntax unified
 2043              	.LBE736:
 2044              	.LBE735:
 2045              	.LBE734:
ARM GAS  /var/folders/1b/1q9m9h2n5vq5b3524jm_htnw0000gn/T//ccCPcNPR.s 			page 67


 2046              	.LBB743:
 2047              	.LBB731:
 2048              	.LBB728:
  55:../../DaisySP/Source/Utility/dsp.h **** #else
 2049              		.loc 16 55 5 discriminator 2 view .LVU595
 2050              		.syntax unified
 2051              	@ 55 "../../DaisySP/Source/Utility/dsp.h" 1
 2052 023a 86FEC67A 		vminnm.f32 s14, s13, s12
 2053              	@ 0 "" 2
 2054              	.LVL111:
  59:../../DaisySP/Source/Utility/dsp.h **** }
 2055              		.loc 16 59 5 is_stmt 1 discriminator 2 view .LVU596
  59:../../DaisySP/Source/Utility/dsp.h **** }
 2056              		.loc 16 59 5 is_stmt 0 discriminator 2 view .LVU597
 2057              		.thumb
 2058              		.syntax unified
 2059              	.LBE728:
 2060              	.LBE731:
 2061              	.LBE743:
 2062              	.LBB744:
 2063              	.LBB738:
 2064              	.LBB739:
  55:../../DaisySP/Source/Utility/dsp.h **** #else
 2065              		.loc 16 55 5 discriminator 2 view .LVU598
 2066              		.syntax unified
 2067              	@ 55 "../../DaisySP/Source/Utility/dsp.h" 1
 2068 023e C7FEC67A 		vminnm.f32 s15, s15, s12
 2069              	@ 0 "" 2
 2070              		.thumb
 2071              		.syntax unified
 2072              	.LBE739:
 2073              	.LBE738:
 2074              	.LBE744:
 2075              		.loc 15 262 20 discriminator 2 view .LVU599
 2076 0242 0EED027A 		vstr.32	s14, [lr, #-8]
 263:daisy_formant.cpp ****         out[i + 1] = fclamp(outR, -1.0f, 1.0f);
 2077              		.loc 15 263 9 is_stmt 1 discriminator 2 view .LVU600
 2078              	.LVL112:
 2079              	.LBB745:
 2080              	.LBI734:
  64:../../DaisySP/Source/Utility/dsp.h **** {
 2081              		.loc 16 64 14 discriminator 2 view .LVU601
 2082              	.LBE745:
 2083              	.LBE752:
 2084              	.LBE756:
 2085              		.loc 16 66 5 discriminator 2 view .LVU602
 2086              	.LBB757:
 2087              	.LBB753:
 2088              	.LBB746:
 2089              	.LBB741:
 2090              	.LBI735:
  40:../../DaisySP/Source/Utility/dsp.h **** {
 2091              		.loc 16 40 14 discriminator 2 view .LVU603
 2092              	.LBB737:
  42:../../DaisySP/Source/Utility/dsp.h **** #ifdef __arm__
 2093              		.loc 16 42 5 discriminator 2 view .LVU604
  44:../../DaisySP/Source/Utility/dsp.h **** #else
ARM GAS  /var/folders/1b/1q9m9h2n5vq5b3524jm_htnw0000gn/T//ccCPcNPR.s 			page 68


 2094              		.loc 16 44 5 discriminator 2 view .LVU605
  48:../../DaisySP/Source/Utility/dsp.h **** }
 2095              		.loc 16 48 5 discriminator 2 view .LVU606
  48:../../DaisySP/Source/Utility/dsp.h **** }
 2096              		.loc 16 48 5 is_stmt 0 discriminator 2 view .LVU607
 2097              	.LBE737:
 2098              	.LBE741:
 2099              	.LBB742:
 2100              	.LBI738:
  51:../../DaisySP/Source/Utility/dsp.h **** {
 2101              		.loc 16 51 14 is_stmt 1 discriminator 2 view .LVU608
 2102              	.LBB740:
  53:../../DaisySP/Source/Utility/dsp.h **** #ifdef __arm__
 2103              		.loc 16 53 5 discriminator 2 view .LVU609
  55:../../DaisySP/Source/Utility/dsp.h **** #else
 2104              		.loc 16 55 5 discriminator 2 view .LVU610
  59:../../DaisySP/Source/Utility/dsp.h **** }
 2105              		.loc 16 59 5 discriminator 2 view .LVU611
  59:../../DaisySP/Source/Utility/dsp.h **** }
 2106              		.loc 16 59 5 is_stmt 0 discriminator 2 view .LVU612
 2107              	.LBE740:
 2108              	.LBE742:
 2109              	.LBE746:
 2110              		.loc 15 263 20 discriminator 2 view .LVU613
 2111 0246 4EED017A 		vstr.32	s15, [lr, #-4]
 2112              	.LBE753:
 222:daisy_formant.cpp ****     {
 2113              		.loc 15 222 5 is_stmt 1 discriminator 2 view .LVU614
 222:daisy_formant.cpp ****     {
 2114              		.loc 15 222 25 discriminator 2 view .LVU615
 2115 024a 7FF4F7AE 		bne	.L34
 2116              	.LVL113:
 2117              	.L31:
 222:daisy_formant.cpp ****     {
 2118              		.loc 15 222 25 is_stmt 0 discriminator 2 view .LVU616
 2119              	.LBE757:
 264:daisy_formant.cpp ****     }
 265:daisy_formant.cpp **** }
 2120              		.loc 15 265 1 view .LVU617
 2121 024e BDEC028B 		vldm	sp!, {d8}
 2122              		.cfi_restore 80
 2123              		.cfi_restore 81
 2124              		.cfi_def_cfa_offset 24
 2125 0252 F8BD     		pop	{r3, r4, r5, r6, r7, pc}
 2126              	.L42:
 2127              		.align	2
 2128              	.L41:
 2129 0254 00000000 		.word	_ZL3pod
 2130 0258 00000000 		.word	.LANCHOR8
 2131 025c 00000000 		.word	.LANCHOR9
 2132 0260 00000000 		.word	.LANCHOR3
 2133 0264 00000000 		.word	.LANCHOR4
 2134 0268 8C000000 		.word	.LANCHOR5+140
 2135 026c CDCC4C3F 		.word	1061997773
 2136 0270 00000000 		.word	.LANCHOR5
 2137 0274 CCCC4C3E 		.word	1045220556
 2138 0278 00000000 		.word	.LANCHOR6
ARM GAS  /var/folders/1b/1q9m9h2n5vq5b3524jm_htnw0000gn/T//ccCPcNPR.s 			page 69


 2139 027c 3333733F 		.word	1064514355
 2140 0280 D0CC4C3D 		.word	1028443344
 2141              		.cfi_endproc
 2142              	.LFE4866:
 2144              		.section	.text._Z8Controlsv,"ax",%progbits
 2145              		.align	1
 2146              		.p2align 2,,3
 2147              		.global	_Z8Controlsv
 2148              		.syntax unified
 2149              		.thumb
 2150              		.thumb_func
 2152              	_Z8Controlsv:
 2153              	.LFB4865:
 206:daisy_formant.cpp ****     pod.ProcessAnalogControls();
 2154              		.loc 15 206 1 is_stmt 1 view -0
 2155              		.cfi_startproc
 2156              		@ args = 0, pretend = 0, frame = 0
 2157              		@ frame_needed = 0, uses_anonymous_args = 0
 207:daisy_formant.cpp ****     pod.ProcessDigitalControls();
 2158              		.loc 15 207 5 view .LVU619
 206:daisy_formant.cpp ****     pod.ProcessAnalogControls();
 2159              		.loc 15 206 1 is_stmt 0 view .LVU620
 2160 0000 08B5     		push	{r3, lr}
 2161              		.cfi_def_cfa_offset 8
 2162              		.cfi_offset 3, -8
 2163              		.cfi_offset 14, -4
 207:daisy_formant.cpp ****     pod.ProcessDigitalControls();
 2164              		.loc 15 207 30 view .LVU621
 2165 0002 0548     		ldr	r0, .L45
 2166 0004 FFF7FEFF 		bl	_ZN5daisy8DaisyPod21ProcessAnalogControlsEv
 2167              	.LVL114:
 208:daisy_formant.cpp ****     UpdateKnobs();
 2168              		.loc 15 208 5 is_stmt 1 view .LVU622
 208:daisy_formant.cpp ****     UpdateKnobs();
 2169              		.loc 15 208 31 is_stmt 0 view .LVU623
 2170 0008 0348     		ldr	r0, .L45
 2171 000a FFF7FEFF 		bl	_ZN5daisy8DaisyPod22ProcessDigitalControlsEv
 2172              	.LVL115:
 209:daisy_formant.cpp **** }
 2173              		.loc 15 209 5 is_stmt 1 view .LVU624
 210:daisy_formant.cpp **** 
 2174              		.loc 15 210 1 is_stmt 0 view .LVU625
 2175 000e BDE80840 		pop	{r3, lr}
 2176              		.cfi_restore 14
 2177              		.cfi_restore 3
 2178              		.cfi_def_cfa_offset 0
 209:daisy_formant.cpp **** }
 2179              		.loc 15 209 16 view .LVU626
 2180 0012 FFF7FEBF 		b	_Z11UpdateKnobsv
 2181              	.LVL116:
 2182              	.L46:
 2183 0016 00BF     		.align	2
 2184              	.L45:
 2185 0018 00000000 		.word	_ZL3pod
 2186              		.cfi_endproc
 2187              	.LFE4865:
 2189              		.section	.text.startup.main,"ax",%progbits
ARM GAS  /var/folders/1b/1q9m9h2n5vq5b3524jm_htnw0000gn/T//ccCPcNPR.s 			page 70


 2190              		.align	1
 2191              		.p2align 2,,3
 2192              		.global	main
 2193              		.syntax unified
 2194              		.thumb
 2195              		.thumb_func
 2197              	main:
 2198              	.LFB4867:
 266:daisy_formant.cpp **** 
 267:daisy_formant.cpp **** // ---------------------------------------------------------------------------
 268:daisy_formant.cpp **** // Main
 269:daisy_formant.cpp **** // ---------------------------------------------------------------------------
 270:daisy_formant.cpp **** 
 271:daisy_formant.cpp **** int main(void)
 272:daisy_formant.cpp **** {
 2199              		.loc 15 272 1 is_stmt 1 view -0
 2200              		.cfi_startproc
 2201              		@ args = 0, pretend = 0, frame = 40
 2202              		@ frame_needed = 0, uses_anonymous_args = 0
 273:daisy_formant.cpp ****     pod.Init();
 2203              		.loc 15 273 5 view .LVU628
 272:daisy_formant.cpp ****     pod.Init();
 2204              		.loc 15 272 1 is_stmt 0 view .LVU629
 2205 0000 2DE9F041 		push	{r4, r5, r6, r7, r8, lr}
 2206              		.cfi_def_cfa_offset 24
 2207              		.cfi_offset 4, -24
 2208              		.cfi_offset 5, -20
 2209              		.cfi_offset 6, -16
 2210              		.cfi_offset 7, -12
 2211              		.cfi_offset 8, -8
 2212              		.cfi_offset 14, -4
 2213              		.loc 15 273 13 view .LVU630
 2214 0004 0021     		movs	r1, #0
 2215 0006 5848     		ldr	r0, .L52+16
 2216 0008 584D     		ldr	r5, .L52+20
 2217 000a 594F     		ldr	r7, .L52+24
 272:daisy_formant.cpp ****     pod.Init();
 2218              		.loc 15 272 1 view .LVU631
 2219 000c 2DED048B 		vpush.64	{d8, d9}
 2220              		.cfi_def_cfa_offset 40
 2221              		.cfi_offset 80, -40
 2222              		.cfi_offset 81, -36
 2223              		.cfi_offset 82, -32
 2224              		.cfi_offset 83, -28
 2225 0010 8AB0     		sub	sp, sp, #40
 2226              		.cfi_def_cfa_offset 80
 2227              		.loc 15 273 13 view .LVU632
 2228 0012 FFF7FEFF 		bl	_ZN5daisy8DaisyPod4InitEb
 2229              	.LVL117:
 274:daisy_formant.cpp ****     pod.SetAudioBlockSize(4);   // 4-sample blocks, same as HW4
 2230              		.loc 15 274 5 is_stmt 1 view .LVU633
 2231              		.loc 15 274 26 is_stmt 0 view .LVU634
 2232 0016 0421     		movs	r1, #4
 2233 0018 5348     		ldr	r0, .L52+16
 2234 001a 0DF12808 		add	r8, sp, #40
 2235 001e FFF7FEFF 		bl	_ZN5daisy8DaisyPod17SetAudioBlockSizeEj
 2236              	.LVL118:
ARM GAS  /var/folders/1b/1q9m9h2n5vq5b3524jm_htnw0000gn/T//ccCPcNPR.s 			page 71


 275:daisy_formant.cpp **** 
 276:daisy_formant.cpp ****     float fs = pod.AudioSampleRate();
 2237              		.loc 15 276 5 is_stmt 1 view .LVU635
 2238              		.loc 15 276 35 is_stmt 0 view .LVU636
 2239 0022 5148     		ldr	r0, .L52+16
 2240 0024 FFF7FEFF 		bl	_ZN5daisy8DaisyPod15AudioSampleRateEv
 2241              	.LVL119:
 2242 0028 B0EE409A 		vmov.f32	s18, s0
 277:daisy_formant.cpp ****     float coefs[5];
 278:daisy_formant.cpp **** 
 279:daisy_formant.cpp ****     // High-shelf pre-emphasis: fixed +6 dB above 1 kHz.
 280:daisy_formant.cpp ****     // Computed once here since it never changes.
 281:daisy_formant.cpp ****     DesignHighShelf(coefs, 1000.0f, PRE_EMPHASIS_DB, fs);
 2243              		.loc 15 281 20 view .LVU637
 2244 002c F1EE080A 		vmov.f32	s1, #6.0e+0
 2245 0030 9FED500A 		vldr.32	s0, .L52+28
 2246              	.LVL120:
 277:daisy_formant.cpp ****     float coefs[5];
 2247              		.loc 15 277 5 is_stmt 1 view .LVU638
 2248              		.loc 15 281 5 view .LVU639
 2249              		.loc 15 281 20 is_stmt 0 view .LVU640
 2250 0034 6846     		mov	r0, sp
 2251 0036 B0EE491A 		vmov.f32	s2, s18
 2252 003a FFF7FEFF 		bl	_Z15DesignHighShelfPffff
 2253              	.LVL121:
 282:daisy_formant.cpp ****     shelfL.SetCoefs(coefs);
 2254              		.loc 15 282 5 is_stmt 1 view .LVU641
 2255              	.LBB773:
 2256              	.LBI773:
  77:daisy_formant.cpp ****         // c = [b0, b1, b2, a1, a2]
 2257              		.loc 15 77 10 view .LVU642
 2258              	.LBB774:
  79:daisy_formant.cpp ****         a1 = c[3]; a2 = c[4];
 2259              		.loc 15 79 9 view .LVU643
  79:daisy_formant.cpp ****         a1 = c[3]; a2 = c[4];
 2260              		.loc 15 79 12 is_stmt 0 view .LVU644
 2261 003e 4E4A     		ldr	r2, .L52+32
 2262              	.LBE774:
 2263              	.LBE773:
 2264              	.LBB783:
 2265              	.LBB784:
 2266 0040 4E4B     		ldr	r3, .L52+36
 2267              	.LBE784:
 2268              	.LBE783:
 283:daisy_formant.cpp ****     shelfR.SetCoefs(coefs);
 284:daisy_formant.cpp **** 
 285:daisy_formant.cpp ****     // Initialize wah and formants with knobs at their default positions
 286:daisy_formant.cpp ****     // (heel position: wah at min freq, vowel at OO).
 287:daisy_formant.cpp ****     float wahFreq = WAH_F_MIN;
 288:daisy_formant.cpp ****     DesignBPF(coefs, wahFreq, WAH_Q, fs);
 2269              		.loc 15 288 14 view .LVU645
 2270 0042 B0EE491A 		vmov.f32	s2, s18
 2271              	.LBB790:
 2272              	.LBB775:
  79:daisy_formant.cpp ****         a1 = c[3]; a2 = c[4];
 2273              		.loc 15 79 23 view .LVU646
 2274 0046 0199     		ldr	r1, [sp, #4]	@ float
ARM GAS  /var/folders/1b/1q9m9h2n5vq5b3524jm_htnw0000gn/T//ccCPcNPR.s 			page 72


 2275              	.LBE775:
 2276              	.LBE790:
 2277              		.loc 15 288 14 view .LVU647
 2278 0048 6846     		mov	r0, sp
 2279              	.LBB791:
 2280              	.LBB776:
  79:daisy_formant.cpp ****         a1 = c[3]; a2 = c[4];
 2281              		.loc 15 79 17 view .LVU648
 2282 004a 009C     		ldr	r4, [sp]	@ float
 2283              	.LBE776:
 2284              	.LBE791:
 2285              		.loc 15 288 14 view .LVU649
 2286 004c F1EE000A 		vmov.f32	s1, #4.0e+0
 2287              	.LBB792:
 2288              	.LBB777:
  79:daisy_formant.cpp ****         a1 = c[3]; a2 = c[4];
 2289              		.loc 15 79 23 view .LVU650
 2290 0050 5160     		str	r1, [r2, #4]	@ float
 2291              	.LBE777:
 2292              	.LBE792:
 2293              	.LBB793:
 2294              	.LBB785:
 2295 0052 5960     		str	r1, [r3, #4]	@ float
 2296              	.LBE785:
 2297              	.LBE793:
 2298              	.LBB794:
 2299              	.LBB778:
  79:daisy_formant.cpp ****         a1 = c[3]; a2 = c[4];
 2300              		.loc 15 79 34 view .LVU651
 2301 0054 0299     		ldr	r1, [sp, #8]	@ float
 2302              	.LBE778:
 2303              	.LBE794:
 2304              		.loc 15 288 14 view .LVU652
 2305 0056 9FED4A0A 		vldr.32	s0, .L52+40
 2306              	.LBB795:
 2307              	.LBB779:
  79:daisy_formant.cpp ****         a1 = c[3]; a2 = c[4];
 2308              		.loc 15 79 34 view .LVU653
 2309 005a 9160     		str	r1, [r2, #8]	@ float
 2310              	.LBE779:
 2311              	.LBE795:
 2312              	.LBB796:
 2313              	.LBB786:
 2314 005c 9960     		str	r1, [r3, #8]	@ float
 2315              	.LBE786:
 2316              	.LBE796:
 2317              	.LBB797:
 2318              	.LBB780:
  80:daisy_formant.cpp ****     }
 2319              		.loc 15 80 12 view .LVU654
 2320 005e 0399     		ldr	r1, [sp, #12]	@ float
  79:daisy_formant.cpp ****         a1 = c[3]; a2 = c[4];
 2321              		.loc 15 79 12 view .LVU655
 2322 0060 1460     		str	r4, [r2]	@ float
  79:daisy_formant.cpp ****         a1 = c[3]; a2 = c[4];
 2323              		.loc 15 79 20 is_stmt 1 view .LVU656
  79:daisy_formant.cpp ****         a1 = c[3]; a2 = c[4];
ARM GAS  /var/folders/1b/1q9m9h2n5vq5b3524jm_htnw0000gn/T//ccCPcNPR.s 			page 73


 2324              		.loc 15 79 31 view .LVU657
  80:daisy_formant.cpp ****     }
 2325              		.loc 15 80 9 view .LVU658
  80:daisy_formant.cpp ****     }
 2326              		.loc 15 80 12 is_stmt 0 view .LVU659
 2327 0062 D160     		str	r1, [r2, #12]	@ float
  80:daisy_formant.cpp ****     }
 2328              		.loc 15 80 20 is_stmt 1 view .LVU660
 2329              	.LBE780:
 2330              	.LBE797:
 2331              	.LBB798:
 2332              	.LBB787:
  80:daisy_formant.cpp ****     }
 2333              		.loc 15 80 12 is_stmt 0 view .LVU661
 2334 0064 D960     		str	r1, [r3, #12]	@ float
 2335              	.LBE787:
 2336              	.LBE798:
 2337              	.LBB799:
 2338              	.LBB781:
  80:daisy_formant.cpp ****     }
 2339              		.loc 15 80 23 view .LVU662
 2340 0066 0499     		ldr	r1, [sp, #16]	@ float
 2341              	.LBE781:
 2342              	.LBE799:
 2343              	.LBB800:
 2344              	.LBB788:
  79:daisy_formant.cpp ****         a1 = c[3]; a2 = c[4];
 2345              		.loc 15 79 12 view .LVU663
 2346 0068 1C60     		str	r4, [r3]	@ float
 2347              	.LBE788:
 2348              	.LBE800:
 2349              	.LBB801:
 2350              	.LBB782:
  80:daisy_formant.cpp ****     }
 2351              		.loc 15 80 23 view .LVU664
 2352 006a 1161     		str	r1, [r2, #16]	@ float
 2353              	.LVL122:
  80:daisy_formant.cpp ****     }
 2354              		.loc 15 80 23 view .LVU665
 2355              	.LBE782:
 2356              	.LBE801:
 283:daisy_formant.cpp ****     shelfR.SetCoefs(coefs);
 2357              		.loc 15 283 5 is_stmt 1 view .LVU666
 2358              	.LBB802:
 2359              	.LBI783:
  77:daisy_formant.cpp ****         // c = [b0, b1, b2, a1, a2]
 2360              		.loc 15 77 10 view .LVU667
 2361              	.LBB789:
  79:daisy_formant.cpp ****         a1 = c[3]; a2 = c[4];
 2362              		.loc 15 79 9 view .LVU668
  79:daisy_formant.cpp ****         a1 = c[3]; a2 = c[4];
 2363              		.loc 15 79 20 view .LVU669
  79:daisy_formant.cpp ****         a1 = c[3]; a2 = c[4];
 2364              		.loc 15 79 31 view .LVU670
  80:daisy_formant.cpp ****     }
 2365              		.loc 15 80 9 view .LVU671
  80:daisy_formant.cpp ****     }
ARM GAS  /var/folders/1b/1q9m9h2n5vq5b3524jm_htnw0000gn/T//ccCPcNPR.s 			page 74


 2366              		.loc 15 80 20 view .LVU672
  80:daisy_formant.cpp ****     }
 2367              		.loc 15 80 23 is_stmt 0 view .LVU673
 2368 006c 1961     		str	r1, [r3, #16]	@ float
 2369              	.LVL123:
  80:daisy_formant.cpp ****     }
 2370              		.loc 15 80 23 view .LVU674
 2371              	.LBE789:
 2372              	.LBE802:
 287:daisy_formant.cpp ****     DesignBPF(coefs, wahFreq, WAH_Q, fs);
 2373              		.loc 15 287 5 is_stmt 1 view .LVU675
 2374              		.loc 15 288 5 view .LVU676
 2375              		.loc 15 288 14 is_stmt 0 view .LVU677
 2376 006e FFF7FEFF 		bl	_Z9DesignBPFPffff
 2377              	.LVL124:
 289:daisy_formant.cpp ****     wahL.SetCoefs(coefs);
 2378              		.loc 15 289 5 is_stmt 1 view .LVU678
 2379              	.LBB803:
 2380              	.LBI803:
  77:daisy_formant.cpp ****         // c = [b0, b1, b2, a1, a2]
 2381              		.loc 15 77 10 view .LVU679
 2382              	.LBB804:
  79:daisy_formant.cpp ****         a1 = c[3]; a2 = c[4];
 2383              		.loc 15 79 9 view .LVU680
  79:daisy_formant.cpp ****         a1 = c[3]; a2 = c[4];
 2384              		.loc 15 79 12 is_stmt 0 view .LVU681
 2385 0072 444A     		ldr	r2, .L52+44
 2386              	.LBE804:
 2387              	.LBE803:
 2388              	.LBB811:
 2389              	.LBB812:
 2390 0074 444B     		ldr	r3, .L52+48
 2391              	.LBE812:
 2392              	.LBE811:
 2393              	.LBB818:
 2394              	.LBB805:
  79:daisy_formant.cpp ****         a1 = c[3]; a2 = c[4];
 2395              		.loc 15 79 34 view .LVU682
 2396 0076 0299     		ldr	r1, [sp, #8]	@ float
  79:daisy_formant.cpp ****         a1 = c[3]; a2 = c[4];
 2397              		.loc 15 79 23 view .LVU683
 2398 0078 0198     		ldr	r0, [sp, #4]	@ float
  79:daisy_formant.cpp ****         a1 = c[3]; a2 = c[4];
 2399              		.loc 15 79 34 view .LVU684
 2400 007a 9160     		str	r1, [r2, #8]	@ float
 2401              	.LBE805:
 2402              	.LBE818:
 2403              	.LBB819:
 2404              	.LBB813:
 2405 007c 9960     		str	r1, [r3, #8]	@ float
 2406              	.LBE813:
 2407              	.LBE819:
 2408              	.LBB820:
 2409              	.LBB806:
  80:daisy_formant.cpp ****     }
 2410              		.loc 15 80 12 view .LVU685
 2411 007e 0399     		ldr	r1, [sp, #12]	@ float
ARM GAS  /var/folders/1b/1q9m9h2n5vq5b3524jm_htnw0000gn/T//ccCPcNPR.s 			page 75


  79:daisy_formant.cpp ****         a1 = c[3]; a2 = c[4];
 2412              		.loc 15 79 17 view .LVU686
 2413 0080 009C     		ldr	r4, [sp]	@ float
  79:daisy_formant.cpp ****         a1 = c[3]; a2 = c[4];
 2414              		.loc 15 79 23 view .LVU687
 2415 0082 5060     		str	r0, [r2, #4]	@ float
 2416              	.LBE806:
 2417              	.LBE820:
 2418              	.LBB821:
 2419              	.LBB814:
 2420 0084 5860     		str	r0, [r3, #4]	@ float
 2421              	.LBE814:
 2422              	.LBE821:
 290:daisy_formant.cpp ****     wahR.SetCoefs(coefs);
 291:daisy_formant.cpp **** 
 292:daisy_formant.cpp ****     float freqs[N_FORMANTS];
 293:daisy_formant.cpp ****     InterpFormants(0.0f, freqs);   // OO at startup
 2423              		.loc 15 293 19 view .LVU688
 2424 0086 05A8     		add	r0, sp, #20
 2425              	.LBB822:
 2426              	.LBB807:
  80:daisy_formant.cpp ****     }
 2427              		.loc 15 80 12 view .LVU689
 2428 0088 D160     		str	r1, [r2, #12]	@ float
 2429              	.LBE807:
 2430              	.LBE822:
 2431              	.LBB823:
 2432              	.LBB815:
 2433 008a D960     		str	r1, [r3, #12]	@ float
 2434 008c 0646     		mov	r6, r0
 2435              	.LBE815:
 2436              	.LBE823:
 2437              	.LBB824:
 2438              	.LBB808:
  80:daisy_formant.cpp ****     }
 2439              		.loc 15 80 23 view .LVU690
 2440 008e 0499     		ldr	r1, [sp, #16]	@ float
 2441              	.LBE808:
 2442              	.LBE824:
 2443              		.loc 15 293 19 view .LVU691
 2444 0090 9FED3E0A 		vldr.32	s0, .L52+52
 2445              	.LBB825:
 2446              	.LBB809:
  79:daisy_formant.cpp ****         a1 = c[3]; a2 = c[4];
 2447              		.loc 15 79 12 view .LVU692
 2448 0094 1460     		str	r4, [r2]	@ float
  79:daisy_formant.cpp ****         a1 = c[3]; a2 = c[4];
 2449              		.loc 15 79 20 is_stmt 1 view .LVU693
  79:daisy_formant.cpp ****         a1 = c[3]; a2 = c[4];
 2450              		.loc 15 79 31 view .LVU694
  80:daisy_formant.cpp ****     }
 2451              		.loc 15 80 9 view .LVU695
  80:daisy_formant.cpp ****     }
 2452              		.loc 15 80 20 view .LVU696
 2453              	.LBE809:
 2454              	.LBE825:
 2455              	.LBB826:
ARM GAS  /var/folders/1b/1q9m9h2n5vq5b3524jm_htnw0000gn/T//ccCPcNPR.s 			page 76


 2456              	.LBB816:
  79:daisy_formant.cpp ****         a1 = c[3]; a2 = c[4];
 2457              		.loc 15 79 12 is_stmt 0 view .LVU697
 2458 0096 1C60     		str	r4, [r3]	@ float
 2459              	.LBE816:
 2460              	.LBE826:
 2461              	.LBB827:
 2462              	.LBB810:
  80:daisy_formant.cpp ****     }
 2463              		.loc 15 80 23 view .LVU698
 2464 0098 1161     		str	r1, [r2, #16]	@ float
 2465              	.LVL125:
  80:daisy_formant.cpp ****     }
 2466              		.loc 15 80 23 view .LVU699
 2467              	.LBE810:
 2468              	.LBE827:
 290:daisy_formant.cpp ****     wahR.SetCoefs(coefs);
 2469              		.loc 15 290 5 is_stmt 1 view .LVU700
 2470              	.LBB828:
 2471              	.LBI811:
  77:daisy_formant.cpp ****         // c = [b0, b1, b2, a1, a2]
 2472              		.loc 15 77 10 view .LVU701
 2473              	.LBB817:
  79:daisy_formant.cpp ****         a1 = c[3]; a2 = c[4];
 2474              		.loc 15 79 9 view .LVU702
  79:daisy_formant.cpp ****         a1 = c[3]; a2 = c[4];
 2475              		.loc 15 79 20 view .LVU703
  79:daisy_formant.cpp ****         a1 = c[3]; a2 = c[4];
 2476              		.loc 15 79 31 view .LVU704
  80:daisy_formant.cpp ****     }
 2477              		.loc 15 80 9 view .LVU705
  80:daisy_formant.cpp ****     }
 2478              		.loc 15 80 20 view .LVU706
  80:daisy_formant.cpp ****     }
 2479              		.loc 15 80 23 is_stmt 0 view .LVU707
 2480 009a 1961     		str	r1, [r3, #16]	@ float
 2481              	.LVL126:
  80:daisy_formant.cpp ****     }
 2482              		.loc 15 80 23 view .LVU708
 2483              	.LBE817:
 2484              	.LBE828:
 292:daisy_formant.cpp ****     InterpFormants(0.0f, freqs);   // OO at startup
 2485              		.loc 15 292 5 is_stmt 1 view .LVU709
 2486              		.loc 15 293 5 view .LVU710
 2487              		.loc 15 293 19 is_stmt 0 view .LVU711
 2488 009c FFF7FEFF 		bl	_Z14InterpFormantsfPf
 2489              	.LVL127:
 294:daisy_formant.cpp ****     for(int i = 0; i < N_FORMANTS; i++) {
 2490              		.loc 15 294 5 is_stmt 1 view .LVU712
 2491              	.LBB829:
 2492              		.loc 15 294 22 view .LVU713
 2493              	.LBB830:
 2494              	.LBB831:
 125:daisy_formant.cpp ****     float w0 = 2.0f * M_PI * fc / fs;
 2495              		.loc 15 125 34 is_stmt 0 view .LVU714
 2496 00a0 B7EEC99A 		vcvt.f64.f32	d9, s18
 2497              	.LVL128:
ARM GAS  /var/folders/1b/1q9m9h2n5vq5b3524jm_htnw0000gn/T//ccCPcNPR.s 			page 77


 125:daisy_formant.cpp ****     float w0 = 2.0f * M_PI * fc / fs;
 2498              		.loc 15 125 34 view .LVU715
 2499 00a4 3A4C     		ldr	r4, .L52+56
 2500 00a6 9FED3B7A 		vldr.32	s14, .L52+60
 2501              	.LVL129:
 2502              	.L49:
 125:daisy_formant.cpp ****     float w0 = 2.0f * M_PI * fc / fs;
 2503              		.loc 15 125 34 view .LVU716
 2504              	.LBE831:
 2505              	.LBE830:
 295:daisy_formant.cpp ****         DesignResonator(coefs, freqs[i], FORMANT_BW[i], fs);
 2506              		.loc 15 295 9 is_stmt 1 discriminator 2 view .LVU717
 2507              	.LBB840:
 2508              	.LBB832:
 125:daisy_formant.cpp ****     float w0 = 2.0f * M_PI * fc / fs;
 2509              		.loc 15 125 29 is_stmt 0 discriminator 2 view .LVU718
 2510 00aa B7EEC77A 		vcvt.f64.f32	d7, s14
 2511              	.LBE832:
 2512              	.LBE840:
 2513              		.loc 15 295 24 discriminator 2 view .LVU719
 2514 00ae B6EC018A 		vldmia.32	r6!, {s16}
 2515              	.LVL130:
 2516              	.LBB841:
 2517              	.LBI830:
 123:daisy_formant.cpp **** {
 2518              		.loc 15 123 6 is_stmt 1 discriminator 2 view .LVU720
 2519              	.LBB833:
 125:daisy_formant.cpp ****     float w0 = 2.0f * M_PI * fc / fs;
 2520              		.loc 15 125 5 discriminator 2 view .LVU721
 2521              	.LBE833:
 2522              	.LBE841:
 294:daisy_formant.cpp ****         DesignResonator(coefs, freqs[i], FORMANT_BW[i], fs);
 2523              		.loc 15 294 22 is_stmt 0 discriminator 2 view .LVU722
 2524 00b2 1C35     		adds	r5, r5, #28
 2525 00b4 1C34     		adds	r4, r4, #28
 2526              	.LBB842:
 2527              	.LBB834:
 125:daisy_formant.cpp ****     float w0 = 2.0f * M_PI * fc / fs;
 2528              		.loc 15 125 27 discriminator 2 view .LVU723
 2529 00b6 9FED286B 		vldr.64	d6, .L52
 2530 00ba 27EE067B 		vmul.f64	d7, d7, d6
 125:daisy_formant.cpp ****     float w0 = 2.0f * M_PI * fc / fs;
 2531              		.loc 15 125 32 discriminator 2 view .LVU724
 2532 00be 87EE090B 		vdiv.f64	d0, d7, d9
 125:daisy_formant.cpp ****     float w0 = 2.0f * M_PI * fc / fs;
 2533              		.loc 15 125 20 discriminator 2 view .LVU725
 2534 00c2 B7EEC00B 		vcvt.f32.f64	s0, d0
 2535 00c6 FFF7FEFF 		bl	expf
 2536              	.LVL131:
 126:daisy_formant.cpp ****     float a1 = -2.0f * r * cosf(w0);
 2537              		.loc 15 126 30 discriminator 2 view .LVU726
 2538 00ca B7EEC87A 		vcvt.f64.f32	d7, s16
 125:daisy_formant.cpp ****     float w0 = 2.0f * M_PI * fc / fs;
 2539              		.loc 15 125 20 discriminator 2 view .LVU727
 2540 00ce B0EE408A 		vmov.f32	s16, s0
 2541              	.LVL132:
 126:daisy_formant.cpp ****     float a1 = -2.0f * r * cosf(w0);
ARM GAS  /var/folders/1b/1q9m9h2n5vq5b3524jm_htnw0000gn/T//ccCPcNPR.s 			page 78


 2542              		.loc 15 126 5 is_stmt 1 discriminator 2 view .LVU728
 127:daisy_formant.cpp ****     float a2 = r * r;
 2543              		.loc 15 127 5 discriminator 2 view .LVU729
 126:daisy_formant.cpp ****     float a1 = -2.0f * r * cosf(w0);
 2544              		.loc 15 126 28 is_stmt 0 discriminator 2 view .LVU730
 2545 00d2 9FED236B 		vldr.64	d6, .L52+8
 2546 00d6 27EE067B 		vmul.f64	d7, d7, d6
 126:daisy_formant.cpp ****     float a1 = -2.0f * r * cosf(w0);
 2547              		.loc 15 126 33 discriminator 2 view .LVU731
 2548 00da 87EE090B 		vdiv.f64	d0, d7, d9
 2549              	.LVL133:
 127:daisy_formant.cpp ****     float a2 = r * r;
 2550              		.loc 15 127 32 discriminator 2 view .LVU732
 2551 00de B7EEC00B 		vcvt.f32.f64	s0, d0
 2552 00e2 FFF7FEFF 		bl	cosf
 2553              	.LVL134:
 127:daisy_formant.cpp ****     float a2 = r * r;
 2554              		.loc 15 127 22 discriminator 2 view .LVU733
 2555 00e6 F8EE006A 		vmov.f32	s13, #-2.0e+0
 128:daisy_formant.cpp ****     float b0 = 1.0f + a1 + a2;      // A(1): H(DC) = b0/A(1) = 1
 2556              		.loc 15 128 11 discriminator 2 view .LVU734
 2557 00ea 28EE087A 		vmul.f32	s14, s16, s16
 131:daisy_formant.cpp ****     c[2] = 0.0f; // b2
 2558              		.loc 15 131 10 discriminator 2 view .LVU735
 2559 00ee 0023     		movs	r3, #0
 129:daisy_formant.cpp ****     c[0] = b0;   // b0
 2560              		.loc 15 129 21 discriminator 2 view .LVU736
 2561 00f0 F7EE007A 		vmov.f32	s15, #1.0e+0
 2562              	.LBE834:
 2563              	.LBE842:
 294:daisy_formant.cpp ****         DesignResonator(coefs, freqs[i], FORMANT_BW[i], fs);
 2564              		.loc 15 294 22 discriminator 2 view .LVU737
 2565 00f4 4645     		cmp	r6, r8
 2566              	.LBB843:
 2567              	.LBB835:
 127:daisy_formant.cpp ****     float a2 = r * r;
 2568              		.loc 15 127 22 discriminator 2 view .LVU738
 2569 00f6 28EE268A 		vmul.f32	s16, s16, s13
 2570              	.LVL135:
 127:daisy_formant.cpp ****     float a2 = r * r;
 2571              		.loc 15 127 22 discriminator 2 view .LVU739
 2572              	.LBE835:
 2573              	.LBE843:
 2574              	.LBB844:
 2575              	.LBB845:
  79:daisy_formant.cpp ****         a1 = c[3]; a2 = c[4];
 2576              		.loc 15 79 23 discriminator 2 view .LVU740
 2577 00fa 45F8183C 		str	r3, [r5, #-24]	@ float
  79:daisy_formant.cpp ****         a1 = c[3]; a2 = c[4];
 2578              		.loc 15 79 34 discriminator 2 view .LVU741
 2579 00fe 45F8143C 		str	r3, [r5, #-20]	@ float
  80:daisy_formant.cpp ****     }
 2580              		.loc 15 80 23 discriminator 2 view .LVU742
 2581 0102 05ED037A 		vstr.32	s14, [r5, #-12]
 2582              	.LBE845:
 2583              	.LBE844:
 2584              	.LBB849:
ARM GAS  /var/folders/1b/1q9m9h2n5vq5b3524jm_htnw0000gn/T//ccCPcNPR.s 			page 79


 2585              	.LBB836:
 127:daisy_formant.cpp ****     float a2 = r * r;
 2586              		.loc 15 127 11 discriminator 2 view .LVU743
 2587 0106 28EE000A 		vmul.f32	s0, s16, s0
 2588              	.LVL136:
 128:daisy_formant.cpp ****     float b0 = 1.0f + a1 + a2;      // A(1): H(DC) = b0/A(1) = 1
 2589              		.loc 15 128 5 is_stmt 1 discriminator 2 view .LVU744
 129:daisy_formant.cpp ****     c[0] = b0;   // b0
 2590              		.loc 15 129 5 discriminator 2 view .LVU745
 2591              	.LBE836:
 2592              	.LBE849:
 2593              	.LBB850:
 2594              	.LBB851:
  79:daisy_formant.cpp ****         a1 = c[3]; a2 = c[4];
 2595              		.loc 15 79 23 is_stmt 0 discriminator 2 view .LVU746
 2596 010a 44F8183C 		str	r3, [r4, #-24]	@ float
  79:daisy_formant.cpp ****         a1 = c[3]; a2 = c[4];
 2597              		.loc 15 79 34 discriminator 2 view .LVU747
 2598 010e 44F8143C 		str	r3, [r4, #-20]	@ float
  80:daisy_formant.cpp ****     }
 2599              		.loc 15 80 23 discriminator 2 view .LVU748
 2600 0112 04ED037A 		vstr.32	s14, [r4, #-12]
 2601              	.LBE851:
 2602              	.LBE850:
 2603              	.LBB855:
 2604              	.LBB837:
 129:daisy_formant.cpp ****     c[0] = b0;   // b0
 2605              		.loc 15 129 21 discriminator 2 view .LVU749
 2606 0116 70EE277A 		vadd.f32	s15, s0, s15
 131:daisy_formant.cpp ****     c[2] = 0.0f; // b2
 2607              		.loc 15 131 10 discriminator 2 view .LVU750
 2608 011a 0193     		str	r3, [sp, #4]	@ float
 132:daisy_formant.cpp ****     c[3] = a1;   // a1
 2609              		.loc 15 132 10 discriminator 2 view .LVU751
 2610 011c 0293     		str	r3, [sp, #8]	@ float
 134:daisy_formant.cpp **** }
 2611              		.loc 15 134 10 discriminator 2 view .LVU752
 2612 011e 8DED047A 		vstr.32	s14, [sp, #16]
 129:daisy_formant.cpp ****     c[0] = b0;   // b0
 2613              		.loc 15 129 11 discriminator 2 view .LVU753
 2614 0122 77EE877A 		vadd.f32	s15, s15, s14
 2615              	.LVL137:
 130:daisy_formant.cpp ****     c[1] = 0.0f; // b1
 2616              		.loc 15 130 5 is_stmt 1 discriminator 2 view .LVU754
 2617              	.LBE837:
 2618              	.LBE855:
 2619              	.LBB856:
 2620              	.LBB846:
  80:daisy_formant.cpp ****     }
 2621              		.loc 15 80 12 is_stmt 0 discriminator 2 view .LVU755
 2622 0126 05ED040A 		vstr.32	s0, [r5, #-16]
 2623              	.LBE846:
 2624              	.LBE856:
 2625              	.LBB857:
 2626              	.LBB852:
 2627 012a 04ED040A 		vstr.32	s0, [r4, #-16]
 2628              	.LBE852:
ARM GAS  /var/folders/1b/1q9m9h2n5vq5b3524jm_htnw0000gn/T//ccCPcNPR.s 			page 80


 2629              	.LBE857:
 2630              	.LBB858:
 2631              	.LBB838:
 133:daisy_formant.cpp ****     c[4] = a2;   // a2
 2632              		.loc 15 133 10 discriminator 2 view .LVU756
 2633 012e 8DED030A 		vstr.32	s0, [sp, #12]
 2634              	.LBE838:
 2635              	.LBE858:
 2636              	.LBB859:
 2637              	.LBB847:
  79:daisy_formant.cpp ****         a1 = c[3]; a2 = c[4];
 2638              		.loc 15 79 12 discriminator 2 view .LVU757
 2639 0132 45ED077A 		vstr.32	s15, [r5, #-28]
 2640              	.LBE847:
 2641              	.LBE859:
 2642              	.LBB860:
 2643              	.LBB853:
 2644 0136 44ED077A 		vstr.32	s15, [r4, #-28]
 2645              	.LBE853:
 2646              	.LBE860:
 2647              	.LBB861:
 2648              	.LBB839:
 130:daisy_formant.cpp ****     c[1] = 0.0f; // b1
 2649              		.loc 15 130 10 discriminator 2 view .LVU758
 2650 013a CDED007A 		vstr.32	s15, [sp]
 131:daisy_formant.cpp ****     c[2] = 0.0f; // b2
 2651              		.loc 15 131 5 is_stmt 1 discriminator 2 view .LVU759
 132:daisy_formant.cpp ****     c[3] = a1;   // a1
 2652              		.loc 15 132 5 discriminator 2 view .LVU760
 133:daisy_formant.cpp ****     c[4] = a2;   // a2
 2653              		.loc 15 133 5 discriminator 2 view .LVU761
 134:daisy_formant.cpp **** }
 2654              		.loc 15 134 5 discriminator 2 view .LVU762
 2655              	.LVL138:
 134:daisy_formant.cpp **** }
 2656              		.loc 15 134 5 is_stmt 0 discriminator 2 view .LVU763
 2657              	.LBE839:
 2658              	.LBE861:
 296:daisy_formant.cpp ****         resonL[i].SetCoefs(coefs);
 2659              		.loc 15 296 9 is_stmt 1 discriminator 2 view .LVU764
 2660              	.LBB862:
 2661              	.LBI844:
  77:daisy_formant.cpp ****         // c = [b0, b1, b2, a1, a2]
 2662              		.loc 15 77 10 discriminator 2 view .LVU765
 2663              	.LBB848:
  79:daisy_formant.cpp ****         a1 = c[3]; a2 = c[4];
 2664              		.loc 15 79 9 discriminator 2 view .LVU766
  79:daisy_formant.cpp ****         a1 = c[3]; a2 = c[4];
 2665              		.loc 15 79 20 discriminator 2 view .LVU767
  79:daisy_formant.cpp ****         a1 = c[3]; a2 = c[4];
 2666              		.loc 15 79 31 discriminator 2 view .LVU768
  80:daisy_formant.cpp ****     }
 2667              		.loc 15 80 9 discriminator 2 view .LVU769
  80:daisy_formant.cpp ****     }
 2668              		.loc 15 80 20 discriminator 2 view .LVU770
  80:daisy_formant.cpp ****     }
 2669              		.loc 15 80 20 is_stmt 0 discriminator 2 view .LVU771
ARM GAS  /var/folders/1b/1q9m9h2n5vq5b3524jm_htnw0000gn/T//ccCPcNPR.s 			page 81


 2670              	.LBE848:
 2671              	.LBE862:
 297:daisy_formant.cpp ****         resonR[i].SetCoefs(coefs);
 2672              		.loc 15 297 9 is_stmt 1 discriminator 2 view .LVU772
 2673              	.LBB863:
 2674              	.LBI850:
  77:daisy_formant.cpp ****         // c = [b0, b1, b2, a1, a2]
 2675              		.loc 15 77 10 discriminator 2 view .LVU773
 2676              	.LBB854:
  79:daisy_formant.cpp ****         a1 = c[3]; a2 = c[4];
 2677              		.loc 15 79 9 discriminator 2 view .LVU774
  79:daisy_formant.cpp ****         a1 = c[3]; a2 = c[4];
 2678              		.loc 15 79 20 discriminator 2 view .LVU775
  79:daisy_formant.cpp ****         a1 = c[3]; a2 = c[4];
 2679              		.loc 15 79 31 discriminator 2 view .LVU776
  80:daisy_formant.cpp ****     }
 2680              		.loc 15 80 9 discriminator 2 view .LVU777
  80:daisy_formant.cpp ****     }
 2681              		.loc 15 80 20 discriminator 2 view .LVU778
  80:daisy_formant.cpp ****     }
 2682              		.loc 15 80 20 is_stmt 0 discriminator 2 view .LVU779
 2683              	.LBE854:
 2684              	.LBE863:
 294:daisy_formant.cpp ****         DesignResonator(coefs, freqs[i], FORMANT_BW[i], fs);
 2685              		.loc 15 294 5 is_stmt 1 discriminator 2 view .LVU780
 294:daisy_formant.cpp ****         DesignResonator(coefs, freqs[i], FORMANT_BW[i], fs);
 2686              		.loc 15 294 22 discriminator 2 view .LVU781
 2687 013e 02D0     		beq	.L48
 295:daisy_formant.cpp ****         resonL[i].SetCoefs(coefs);
 2688              		.loc 15 295 54 is_stmt 0 view .LVU782
 2689 0140 B7EC017A 		vldmia.32	r7!, {s14}
 2690 0144 B1E7     		b	.L49
 2691              	.L48:
 2692              	.LBE829:
 298:daisy_formant.cpp ****     }
 299:daisy_formant.cpp **** 
 300:daisy_formant.cpp ****     pod.StartAdc();
 2693              		.loc 15 300 5 is_stmt 1 view .LVU783
 2694              		.loc 15 300 17 is_stmt 0 view .LVU784
 2695 0146 0848     		ldr	r0, .L52+16
 2696 0148 FFF7FEFF 		bl	_ZN5daisy8DaisyPod8StartAdcEv
 2697              	.LVL139:
 301:daisy_formant.cpp ****     pod.StartAudio(AudioCallback);
 2698              		.loc 15 301 5 is_stmt 1 view .LVU785
 2699              		.loc 15 301 19 is_stmt 0 view .LVU786
 2700 014c 1249     		ldr	r1, .L52+64
 2701 014e 0648     		ldr	r0, .L52+16
 2702 0150 FFF7FEFF 		bl	_ZN5daisy8DaisyPod10StartAudioEPFvPKfPfjE
 2703              	.LVL140:
 2704              	.L50:
 302:daisy_formant.cpp **** 
 303:daisy_formant.cpp ****     while(1) {}
 2705              		.loc 15 303 5 is_stmt 1 discriminator 1 view .LVU787
 2706              		.loc 15 303 5 discriminator 1 view .LVU788
 2707              		.loc 15 303 5 discriminator 1 view .LVU789
 2708              		.loc 15 303 5 discriminator 1 view .LVU790
 2709 0154 FEE7     		b	.L50
ARM GAS  /var/folders/1b/1q9m9h2n5vq5b3524jm_htnw0000gn/T//ccCPcNPR.s 			page 82


 2710              	.L53:
 2711 0156 00BF     		.align	3
 2712              	.L52:
 2713 0158 182D4454 		.word	1413754136
 2714 015c FB2109C0 		.word	-1073143301
 2715 0160 182D4454 		.word	1413754136
 2716 0164 FB211940 		.word	1075388923
 2717 0168 00000000 		.word	_ZL3pod
 2718 016c 00000000 		.word	.LANCHOR5
 2719 0170 04000000 		.word	.LANCHOR7+4
 2720 0174 00007A44 		.word	1148846080
 2721 0178 00000000 		.word	.LANCHOR8
 2722 017c 00000000 		.word	.LANCHOR9
 2723 0180 0000AF43 		.word	1135542272
 2724 0184 00000000 		.word	.LANCHOR3
 2725 0188 00000000 		.word	.LANCHOR4
 2726 018c 00000000 		.word	0
 2727 0190 00000000 		.word	.LANCHOR6
 2728 0194 00007042 		.word	1114636288
 2729 0198 00000000 		.word	_Z13AudioCallbackPKfPfj
 2730              		.cfi_endproc
 2731              	.LFE4867:
 2733              		.section	.text.startup._GLOBAL__sub_I__Z9DesignBPFPffff,"ax",%progbits
 2734              		.align	1
 2735              		.p2align 2,,3
 2736              		.syntax unified
 2737              		.thumb
 2738              		.thumb_func
 2740              	_GLOBAL__sub_I__Z9DesignBPFPffff:
 2741              	.LFB5451:
 304:daisy_formant.cpp **** }...
 2742              		.loc 15 304 1 view -0
 2743              		.cfi_startproc
 2744              		@ args = 0, pretend = 0, frame = 0
 2745              		@ frame_needed = 0, uses_anonymous_args = 0
 2746              	.LBB964:
 2747              	.LBI964:
 2748              		.loc 15 304 1 view .LVU792
 2749              	.LVL141:
 2750              	.LBB965:
 2751              	.LBB966:
 2752              	.LBI966:
  35:../../libDaisy/src/daisy_pod.h ****     ~DaisyPod() {}
 2753              		.loc 1 35 5 view .LVU793
 2754              	.LBB967:
 2755              	.LBB968:
 2756              	.LBI968:
  21:../../libDaisy/src/daisy_seed.h ****     ~DaisySeed() {}
 2757              		.loc 10 21 5 view .LVU794
 2758              	.LBB969:
 2759              	.LBB970:
 2760              	.LBI970:
 2761              		.file 17 "../../libDaisy/src/per/qspi.h"
   1:../../libDaisy/src/per/qspi.h **** #ifndef DSY_QSPI
   2:../../libDaisy/src/per/qspi.h **** #define DSY_QSPI /**< Macro */
   3:../../libDaisy/src/per/qspi.h **** 
   4:../../libDaisy/src/per/qspi.h **** #ifndef UNIT_TEST // for unit tests, a dummy implementation
ARM GAS  /var/folders/1b/1q9m9h2n5vq5b3524jm_htnw0000gn/T//ccCPcNPR.s 			page 83


   5:../../libDaisy/src/per/qspi.h **** 
   6:../../libDaisy/src/per/qspi.h **** #include <cstdint>
   7:../../libDaisy/src/per/qspi.h **** #include "daisy_core.h" // Added for dsy_gpio_pin typedef
   8:../../libDaisy/src/per/qspi.h **** 
   9:../../libDaisy/src/per/qspi.h **** #define DSY_QSPI_TEXT       \
  10:../../libDaisy/src/per/qspi.h ****     __attribute__((section( \
  11:../../libDaisy/src/per/qspi.h ****         ".qspiflash_text"))) /**< used for reading memory in memory_mapped mode. */
  12:../../libDaisy/src/per/qspi.h **** #define DSY_QSPI_DATA       \
  13:../../libDaisy/src/per/qspi.h ****     __attribute__((section( \
  14:../../libDaisy/src/per/qspi.h ****         ".qspiflash_data"))) /**< used for reading memory in memory_mapped mode. */
  15:../../libDaisy/src/per/qspi.h **** #define DSY_QSPI_BSS        \
  16:../../libDaisy/src/per/qspi.h ****     __attribute__((section( \
  17:../../libDaisy/src/per/qspi.h ****         ".qspiflash_bss"))) /**< used for reading memory in memory_mapped mode. */
  18:../../libDaisy/src/per/qspi.h **** 
  19:../../libDaisy/src/per/qspi.h **** namespace daisy
  20:../../libDaisy/src/per/qspi.h **** {
  21:../../libDaisy/src/per/qspi.h **** /** @addtogroup serial
  22:../../libDaisy/src/per/qspi.h **** @{
  23:../../libDaisy/src/per/qspi.h **** */
  24:../../libDaisy/src/per/qspi.h **** 
  25:../../libDaisy/src/per/qspi.h **** /** 
  26:../../libDaisy/src/per/qspi.h ****  Driver for QSPI peripheral to interface with external flash memory. \n 
  27:../../libDaisy/src/per/qspi.h ****     Currently supported QSPI Devices: \n 
  28:../../libDaisy/src/per/qspi.h ****     * IS25LP080D
  29:../../libDaisy/src/per/qspi.h **** */
  30:../../libDaisy/src/per/qspi.h **** class QSPIHandle
  31:../../libDaisy/src/per/qspi.h **** {
  32:../../libDaisy/src/per/qspi.h ****   public:
  33:../../libDaisy/src/per/qspi.h ****     enum Result
  34:../../libDaisy/src/per/qspi.h ****     {
  35:../../libDaisy/src/per/qspi.h ****         OK = 0,
  36:../../libDaisy/src/per/qspi.h ****         ERR
  37:../../libDaisy/src/per/qspi.h ****     };
  38:../../libDaisy/src/per/qspi.h **** 
  39:../../libDaisy/src/per/qspi.h ****     /** Indicates the current status of the module. 
  40:../../libDaisy/src/per/qspi.h ****          *  Warnings are indicated by a leading W.
  41:../../libDaisy/src/per/qspi.h ****          *  Errors are indicated by a leading E and cause an immediate exit.
  42:../../libDaisy/src/per/qspi.h ****          * 
  43:../../libDaisy/src/per/qspi.h ****          *  \param GOOD - No errors have been reported.
  44:../../libDaisy/src/per/qspi.h ****          *  \param E_HAL_ERROR - HAL code did not return HAL_OK.
  45:../../libDaisy/src/per/qspi.h ****          *  \param E_SWITCHING_MODES - An error was encountered while switching QSPI peripheral mod
  46:../../libDaisy/src/per/qspi.h ****          *  \param E_INVALID_MODE - QSPI should not be written to while the program is executing fr
  47:../../libDaisy/src/per/qspi.h ****          */
  48:../../libDaisy/src/per/qspi.h ****     enum Status
  49:../../libDaisy/src/per/qspi.h ****     {
  50:../../libDaisy/src/per/qspi.h ****         GOOD = 0,
  51:../../libDaisy/src/per/qspi.h ****         E_HAL_ERROR,
  52:../../libDaisy/src/per/qspi.h ****         E_SWITCHING_MODES,
  53:../../libDaisy/src/per/qspi.h ****         E_INVALID_MODE,
  54:../../libDaisy/src/per/qspi.h ****     };
  55:../../libDaisy/src/per/qspi.h **** 
  56:../../libDaisy/src/per/qspi.h ****     /** Configuration structure for interfacing with QSPI Driver */
  57:../../libDaisy/src/per/qspi.h ****     struct Config
  58:../../libDaisy/src/per/qspi.h ****     {
  59:../../libDaisy/src/per/qspi.h ****         /** Flash Devices supported. (Both of these are more-or-less the same, just different sizes
  60:../../libDaisy/src/per/qspi.h ****         enum Device
  61:../../libDaisy/src/per/qspi.h ****         {
ARM GAS  /var/folders/1b/1q9m9h2n5vq5b3524jm_htnw0000gn/T//ccCPcNPR.s 			page 84


  62:../../libDaisy/src/per/qspi.h ****             IS25LP080D,  /**< & */
  63:../../libDaisy/src/per/qspi.h ****             IS25LP064A,  /**< & */
  64:../../libDaisy/src/per/qspi.h ****             DEVICE_LAST, /**< & */
  65:../../libDaisy/src/per/qspi.h ****         };
  66:../../libDaisy/src/per/qspi.h **** 
  67:../../libDaisy/src/per/qspi.h ****         /** 
  68:../../libDaisy/src/per/qspi.h ****         Modes of operation.
  69:../../libDaisy/src/per/qspi.h ****         Memory Mapped mode: QSPI configured so that the QSPI can be
  70:../../libDaisy/src/per/qspi.h ****         read from starting address 0x90000000. Writing is not
  71:../../libDaisy/src/per/qspi.h ****         possible in this mode. \n 
  72:../../libDaisy/src/per/qspi.h ****         Indirect Polling mode: Device driver enabled. 
  73:../../libDaisy/src/per/qspi.h ****         */
  74:../../libDaisy/src/per/qspi.h ****         enum Mode
  75:../../libDaisy/src/per/qspi.h ****         {
  76:../../libDaisy/src/per/qspi.h ****             MEMORY_MAPPED,    /**< & */
  77:../../libDaisy/src/per/qspi.h ****             INDIRECT_POLLING, /**< & */
  78:../../libDaisy/src/per/qspi.h ****             MODE_LAST,
  79:../../libDaisy/src/per/qspi.h ****         };
  80:../../libDaisy/src/per/qspi.h **** 
  81:../../libDaisy/src/per/qspi.h ****         //SCK,  CE# (active low)
  82:../../libDaisy/src/per/qspi.h ****         struct
  83:../../libDaisy/src/per/qspi.h ****         {
  84:../../libDaisy/src/per/qspi.h ****             dsy_gpio_pin io0; /**< & */
  85:../../libDaisy/src/per/qspi.h ****             dsy_gpio_pin io1; /**< & */
  86:../../libDaisy/src/per/qspi.h ****             dsy_gpio_pin io2; /**< & */
  87:../../libDaisy/src/per/qspi.h ****             dsy_gpio_pin io3; /**< & */
  88:../../libDaisy/src/per/qspi.h ****             dsy_gpio_pin clk; /**< & */
  89:../../libDaisy/src/per/qspi.h ****             dsy_gpio_pin ncs; /**< & */
  90:../../libDaisy/src/per/qspi.h ****         } pin_config;
  91:../../libDaisy/src/per/qspi.h **** 
  92:../../libDaisy/src/per/qspi.h ****         Device device;
  93:../../libDaisy/src/per/qspi.h ****         Mode   mode;
  94:../../libDaisy/src/per/qspi.h ****     };
  95:../../libDaisy/src/per/qspi.h **** 
  96:../../libDaisy/src/per/qspi.h ****     /** 
  97:../../libDaisy/src/per/qspi.h ****         Initializes QSPI peripheral, and Resets, and prepares memory for access.
  98:../../libDaisy/src/per/qspi.h ****         \param config should be populated with the mode, device and pin_config before calling this 
  99:../../libDaisy/src/per/qspi.h ****         \return Result::OK or Result::ERR
 100:../../libDaisy/src/per/qspi.h ****         */
 101:../../libDaisy/src/per/qspi.h ****     Result Init(const Config& config);
 102:../../libDaisy/src/per/qspi.h **** 
 103:../../libDaisy/src/per/qspi.h ****     /** Returns the current config. */
 104:../../libDaisy/src/per/qspi.h ****     const Config& GetConfig() const;
 105:../../libDaisy/src/per/qspi.h **** 
 106:../../libDaisy/src/per/qspi.h ****     // Couldn't this just be called before anything else in init? That
 107:../../libDaisy/src/per/qspi.h ****     // would make manually calling it unnecessary.
 108:../../libDaisy/src/per/qspi.h ****     /** 
 109:../../libDaisy/src/per/qspi.h ****         Deinitializes the peripheral
 110:../../libDaisy/src/per/qspi.h ****         This should be called before reinitializing QSPI in a different mode.
 111:../../libDaisy/src/per/qspi.h ****         \return Result::OK or Result::ERR
 112:../../libDaisy/src/per/qspi.h ****         */
 113:../../libDaisy/src/per/qspi.h ****     Result DeInit();
 114:../../libDaisy/src/per/qspi.h **** 
 115:../../libDaisy/src/per/qspi.h ****     /** 
 116:../../libDaisy/src/per/qspi.h ****         Writes a single page to to the specified address on the QSPI chip.
 117:../../libDaisy/src/per/qspi.h ****         For IS25LP*, page size is 256 bytes.
 118:../../libDaisy/src/per/qspi.h ****         \param address Address to write to
ARM GAS  /var/folders/1b/1q9m9h2n5vq5b3524jm_htnw0000gn/T//ccCPcNPR.s 			page 85


 119:../../libDaisy/src/per/qspi.h ****         \param size Buffer size
 120:../../libDaisy/src/per/qspi.h ****         \param buffer Buffer to write
 121:../../libDaisy/src/per/qspi.h ****         \return Result::OK or Result::ERR
 122:../../libDaisy/src/per/qspi.h ****         */
 123:../../libDaisy/src/per/qspi.h ****     Result WritePage(uint32_t address, uint32_t size, uint8_t* buffer);
 124:../../libDaisy/src/per/qspi.h **** 
 125:../../libDaisy/src/per/qspi.h ****     /** 
 126:../../libDaisy/src/per/qspi.h ****         Writes data in buffer to to the QSPI. Starting at address to address+size 
 127:../../libDaisy/src/per/qspi.h ****         \param address Address to write to
 128:../../libDaisy/src/per/qspi.h ****         \param size Buffer size
 129:../../libDaisy/src/per/qspi.h ****         \param buffer Buffer to write
 130:../../libDaisy/src/per/qspi.h ****         \return Result::OK or Result::ERR
 131:../../libDaisy/src/per/qspi.h ****         */
 132:../../libDaisy/src/per/qspi.h ****     Result Write(uint32_t address, uint32_t size, uint8_t* buffer);
 133:../../libDaisy/src/per/qspi.h **** 
 134:../../libDaisy/src/per/qspi.h ****     /** 
 135:../../libDaisy/src/per/qspi.h ****         Erases the area specified on the chip.
 136:../../libDaisy/src/per/qspi.h ****         Erasures will happen by 4K, 32K or 64K increments.
 137:../../libDaisy/src/per/qspi.h ****         Smallest erase possible is 4kB at a time. (on IS25LP*)
 138:../../libDaisy/src/per/qspi.h ****         \param start_addr Address to begin erasing from
 139:../../libDaisy/src/per/qspi.h ****         \param end_addr  Address to stop erasing at
 140:../../libDaisy/src/per/qspi.h ****         \return Result::OK or Result::ERR
 141:../../libDaisy/src/per/qspi.h ****         */
 142:../../libDaisy/src/per/qspi.h ****     Result Erase(uint32_t start_addr, uint32_t end_addr);
 143:../../libDaisy/src/per/qspi.h **** 
 144:../../libDaisy/src/per/qspi.h ****     /**  
 145:../../libDaisy/src/per/qspi.h ****          Erases a single sector of the chip.  
 146:../../libDaisy/src/per/qspi.h ****         TODO: Document the size of this function. 
 147:../../libDaisy/src/per/qspi.h ****         \param address Address of sector to erase
 148:../../libDaisy/src/per/qspi.h ****         \return Result::OK or Result::ERR
 149:../../libDaisy/src/per/qspi.h ****         */
 150:../../libDaisy/src/per/qspi.h ****     Result EraseSector(uint32_t address);
 151:../../libDaisy/src/per/qspi.h **** 
 152:../../libDaisy/src/per/qspi.h ****     /** Returns the current class status. Useful for debugging.
 153:../../libDaisy/src/per/qspi.h ****      *  \returns Status
 154:../../libDaisy/src/per/qspi.h ****      */
 155:../../libDaisy/src/per/qspi.h ****     Status GetStatus();
 156:../../libDaisy/src/per/qspi.h **** 
 157:../../libDaisy/src/per/qspi.h ****     /** Returns a pointer to the actual memory used 
 158:../../libDaisy/src/per/qspi.h ****      *  The memory at this address is read-only
 159:../../libDaisy/src/per/qspi.h ****      *  to write to it use the Write function.
 160:../../libDaisy/src/per/qspi.h ****      * 
 161:../../libDaisy/src/per/qspi.h ****      *  \param offset returns the pointer starting this 
 162:../../libDaisy/src/per/qspi.h ****      *                many bytes into the memory
 163:../../libDaisy/src/per/qspi.h ****     */
 164:../../libDaisy/src/per/qspi.h ****     void* GetData(uint32_t offset = 0);
 165:../../libDaisy/src/per/qspi.h **** 
 166:../../libDaisy/src/per/qspi.h ****     QSPIHandle() : pimpl_(nullptr) {}
 2762              		.loc 17 166 5 view .LVU795
 2763              	.LBE970:
 2764              	.LBE969:
 2765              	.LBE968:
 2766              	.LBE967:
 2767              	.LBE966:
 2768              	.LBE965:
 2769              	.LBE964:
 2770              		.loc 15 304 1 is_stmt 0 view .LVU796
ARM GAS  /var/folders/1b/1q9m9h2n5vq5b3524jm_htnw0000gn/T//ccCPcNPR.s 			page 86


 2771 0000 38B5     		push	{r3, r4, r5, lr}
 2772              		.cfi_def_cfa_offset 16
 2773              		.cfi_offset 3, -16
 2774              		.cfi_offset 4, -12
 2775              		.cfi_offset 5, -8
 2776              		.cfi_offset 14, -4
 2777              	.LBB1122:
 2778              	.LBB1121:
 2779              	.LBB1059:
 2780              	.LBB1056:
 2781              	.LBB991:
 2782              	.LBB989:
 2783              	.LBB975:
 2784              	.LBB971:
 2785              	.LBB972:
 2786              		.loc 17 166 34 view .LVU797
 2787 0002 3A4C     		ldr	r4, .L60
 2788 0004 0025     		movs	r5, #0
 2789              	.LBE972:
 2790              	.LBE971:
 2791              	.LBE975:
 2792              	.LBE989:
 2793              	.LBE991:
 2794              	.LBB992:
 2795              	.LBB993:
 2796              	.LBB994:
 2797              	.LBB995:
 157:../../libDaisy/src/hid/midi.h **** 
 158:../../libDaisy/src/hid/midi.h ****     struct Config
 2798              		.loc 2 158 12 view .LVU798
 2799 0006 04F5C070 		add	r0, r4, #384
 2800              	.LBE995:
 2801              	.LBE994:
 2802              	.LBE993:
 2803              	.LBE992:
 2804              	.LBB1035:
 2805              	.LBB990:
 2806              	.LBB976:
 2807              	.LBB974:
 2808              	.LBB973:
 2809              		.loc 17 166 34 view .LVU799
 2810 000a 2560     		str	r5, [r4]
 2811              	.LVL142:
 2812              		.loc 17 166 34 view .LVU800
 2813              	.LBE973:
 2814              	.LBE974:
 2815              	.LBE976:
 2816              	.LBB977:
 2817              	.LBI977:
  95:../../libDaisy/src/hid/audio.h ****     ~AudioHandle() {}
 2818              		.loc 14 95 5 is_stmt 1 view .LVU801
 2819              	.LBB978:
 2820              	.LBB979:
  95:../../libDaisy/src/hid/audio.h ****     ~AudioHandle() {}
 2821              		.loc 14 95 35 is_stmt 0 view .LVU802
 2822 000c 6561     		str	r5, [r4, #20]
 2823              	.LVL143:
ARM GAS  /var/folders/1b/1q9m9h2n5vq5b3524jm_htnw0000gn/T//ccCPcNPR.s 			page 87


  95:../../libDaisy/src/hid/audio.h ****     ~AudioHandle() {}
 2824              		.loc 14 95 35 view .LVU803
 2825              	.LBE979:
 2826              	.LBE978:
 2827              	.LBE977:
 2828              	.LBB980:
 2829              	.LBI980:
 109:../../libDaisy/src/per/adc.h ****     ~AdcHandle() {}
 2830              		.loc 13 109 5 is_stmt 1 view .LVU804
 109:../../libDaisy/src/per/adc.h ****     ~AdcHandle() {}
 2831              		.loc 13 109 5 is_stmt 0 view .LVU805
 2832              	.LBE980:
 2833              	.LBB981:
 2834              	.LBI981:
 2835              		.file 18 "../../libDaisy/src/per/dac.h"
   1:../../libDaisy/src/per/dac.h **** #pragma once
   2:../../libDaisy/src/per/dac.h **** #ifndef DSY_DAC_H
   3:../../libDaisy/src/per/dac.h **** #define DSY_DAC_H
   4:../../libDaisy/src/per/dac.h **** 
   5:../../libDaisy/src/per/dac.h **** #include "daisy_core.h"
   6:../../libDaisy/src/per/dac.h **** 
   7:../../libDaisy/src/per/dac.h **** namespace daisy
   8:../../libDaisy/src/per/dac.h **** {
   9:../../libDaisy/src/per/dac.h **** /** @brief DAC handle for Built-in DAC Peripheral 
  10:../../libDaisy/src/per/dac.h ****  *  @ingroup per_analog
  11:../../libDaisy/src/per/dac.h ****  ** 
  12:../../libDaisy/src/per/dac.h ****  ** For now only Normal Mode is supported,
  13:../../libDaisy/src/per/dac.h ****  ** Sample and hold mode provides reduced power consumption, but requires a bit more setup.
  14:../../libDaisy/src/per/dac.h ****  **
  15:../../libDaisy/src/per/dac.h ****  ** For now connecting the DAC through other internal peripherals is also not supported.
  16:../../libDaisy/src/per/dac.h ****  **
  17:../../libDaisy/src/per/dac.h ****  ** Since the DAC channels have dedicated pins we don't need to pass in a pin config like with
  18:../../libDaisy/src/per/dac.h ****  ** other modules. However, it is still important to not try to use the DAC pins for anything else.
  19:../../libDaisy/src/per/dac.h ****  ** DAC Channel 1 is on PA4, and DAC Channel 2 is on PA5
  20:../../libDaisy/src/per/dac.h ****  ***/
  21:../../libDaisy/src/per/dac.h **** class DacHandle
  22:../../libDaisy/src/per/dac.h **** {
  23:../../libDaisy/src/per/dac.h ****   public:
  24:../../libDaisy/src/per/dac.h ****     /** Return Values for the DacHandle class */
  25:../../libDaisy/src/per/dac.h ****     enum class Result
  26:../../libDaisy/src/per/dac.h ****     {
  27:../../libDaisy/src/per/dac.h ****         OK,
  28:../../libDaisy/src/per/dac.h ****         ERR,
  29:../../libDaisy/src/per/dac.h ****     };
  30:../../libDaisy/src/per/dac.h **** 
  31:../../libDaisy/src/per/dac.h ****     /** Selects which channel(s) will be configured for use. */
  32:../../libDaisy/src/per/dac.h ****     enum class Channel
  33:../../libDaisy/src/per/dac.h ****     {
  34:../../libDaisy/src/per/dac.h ****         ONE,
  35:../../libDaisy/src/per/dac.h ****         TWO,
  36:../../libDaisy/src/per/dac.h ****         BOTH,
  37:../../libDaisy/src/per/dac.h ****     };
  38:../../libDaisy/src/per/dac.h **** 
  39:../../libDaisy/src/per/dac.h ****     /** Sets the Mode for the DAC channels.
  40:../../libDaisy/src/per/dac.h ****      **
  41:../../libDaisy/src/per/dac.h ****      ** Polling mode uses the blocking mode to transmit a single value at a time.
  42:../../libDaisy/src/per/dac.h ****      **
ARM GAS  /var/folders/1b/1q9m9h2n5vq5b3524jm_htnw0000gn/T//ccCPcNPR.s 			page 88


  43:../../libDaisy/src/per/dac.h ****      ** DMA mode uses a buffer, and periodically transmits it triggering a 
  44:../../libDaisy/src/per/dac.h ****      ** callback to fill the buffer when it is ready for more samples.
  45:../../libDaisy/src/per/dac.h ****      ***/
  46:../../libDaisy/src/per/dac.h ****     enum class Mode
  47:../../libDaisy/src/per/dac.h ****     {
  48:../../libDaisy/src/per/dac.h ****         POLLING,
  49:../../libDaisy/src/per/dac.h ****         DMA,
  50:../../libDaisy/src/per/dac.h ****     };
  51:../../libDaisy/src/per/dac.h **** 
  52:../../libDaisy/src/per/dac.h ****     /** Sets the number of bits per sample transmitted out of the DAC.
  53:../../libDaisy/src/per/dac.h ****      ** The output range will be: 0V - VDDA
  54:../../libDaisy/src/per/dac.h ****      ** The resolution will be roughly: bitdepth / (VDDA - 0V) 
  55:../../libDaisy/src/per/dac.h ****      ***/
  56:../../libDaisy/src/per/dac.h ****     enum class BitDepth
  57:../../libDaisy/src/per/dac.h ****     {
  58:../../libDaisy/src/per/dac.h ****         BITS_8,
  59:../../libDaisy/src/per/dac.h ****         BITS_12
  60:../../libDaisy/src/per/dac.h ****     };
  61:../../libDaisy/src/per/dac.h **** 
  62:../../libDaisy/src/per/dac.h ****     /** Sets whether the DAC output is buffered for higher drive ability. */
  63:../../libDaisy/src/per/dac.h ****     enum class BufferState
  64:../../libDaisy/src/per/dac.h ****     {
  65:../../libDaisy/src/per/dac.h ****         ENABLED,
  66:../../libDaisy/src/per/dac.h ****         DISABLED,
  67:../../libDaisy/src/per/dac.h ****     };
  68:../../libDaisy/src/per/dac.h **** 
  69:../../libDaisy/src/per/dac.h ****     /** Configuration structure for initializing the DAC structure. */
  70:../../libDaisy/src/per/dac.h ****     struct Config
  71:../../libDaisy/src/per/dac.h ****     {
  72:../../libDaisy/src/per/dac.h ****         /** Target Samplerate in Hz used to configure the internal 
  73:../../libDaisy/src/per/dac.h ****          ** timebase for DMA mode. Does nothing in POLLING mode.
  74:../../libDaisy/src/per/dac.h ****          ** If the value is 0 at Init time this will default to 48000Hz 
  75:../../libDaisy/src/per/dac.h ****          ** otherwise the driver will attempt meet the target.*/
  76:../../libDaisy/src/per/dac.h ****         uint32_t target_samplerate;
  77:../../libDaisy/src/per/dac.h **** 
  78:../../libDaisy/src/per/dac.h ****         Channel     chn;
  79:../../libDaisy/src/per/dac.h ****         Mode        mode;
  80:../../libDaisy/src/per/dac.h ****         BitDepth    bitdepth;
  81:../../libDaisy/src/per/dac.h ****         BufferState buff_state;
  82:../../libDaisy/src/per/dac.h ****     };
  83:../../libDaisy/src/per/dac.h **** 
  84:../../libDaisy/src/per/dac.h ****     DacHandle() : pimpl_(nullptr) {}
 2836              		.loc 18 84 5 is_stmt 1 view .LVU806
 2837              	.LBB982:
 2838              	.LBB983:
 2839              		.loc 18 84 33 is_stmt 0 view .LVU807
 2840 000e 2562     		str	r5, [r4, #32]
 2841              	.LVL144:
 2842              		.loc 18 84 33 view .LVU808
 2843              	.LBE983:
 2844              	.LBE982:
 2845              	.LBE981:
 2846              	.LBB984:
 2847              	.LBI984:
  40:../../libDaisy/src/hid/usb.h **** 
 2848              		.loc 12 40 5 is_stmt 1 view .LVU809
  40:../../libDaisy/src/hid/usb.h **** 
ARM GAS  /var/folders/1b/1q9m9h2n5vq5b3524jm_htnw0000gn/T//ccCPcNPR.s 			page 89


 2849              		.loc 12 40 5 is_stmt 0 view .LVU810
 2850              	.LBE984:
 2851              	.LBB985:
 2852              	.LBI985:
  96:../../libDaisy/src/sys/system.h ****     ~System() {}
 2853              		.loc 11 96 5 is_stmt 1 view .LVU811
  96:../../libDaisy/src/sys/system.h ****     ~System() {}
 2854              		.loc 11 96 5 is_stmt 0 view .LVU812
 2855              	.LBE985:
 2856              	.LBB986:
 2857              	.LBI986:
 2858              		.file 19 "../../libDaisy/src/per/sai.h"
   1:../../libDaisy/src/per/sai.h **** #pragma once
   2:../../libDaisy/src/per/sai.h **** #ifndef DSY_SAI_H
   3:../../libDaisy/src/per/sai.h **** #define DSY_SAI_H
   4:../../libDaisy/src/per/sai.h **** 
   5:../../libDaisy/src/per/sai.h **** #include "daisy_core.h"
   6:../../libDaisy/src/per/sai.h **** 
   7:../../libDaisy/src/per/sai.h **** namespace daisy
   8:../../libDaisy/src/per/sai.h **** {
   9:../../libDaisy/src/per/sai.h **** /** 
  10:../../libDaisy/src/per/sai.h ****  * Support for I2S Audio Protocol with different bit-depth, samplerate options
  11:../../libDaisy/src/per/sai.h ****  * Allows for master or slave, as well as freedom of selecting direction, 
  12:../../libDaisy/src/per/sai.h ****  * and other behavior for each peripheral, and block.
  13:../../libDaisy/src/per/sai.h ****  * 
  14:../../libDaisy/src/per/sai.h ****  * DMA Transfer commands must use buffers located within non-cached memory or use cache maintenance
  15:../../libDaisy/src/per/sai.h ****  * To declare an unitialized global element in the DMA memory section:
  16:../../libDaisy/src/per/sai.h ****  *    int32_t DSY_DMA_BUFFER_SECTOR my_buffer[96];
  17:../../libDaisy/src/per/sai.h ****  *
  18:../../libDaisy/src/per/sai.h ****  * Callback functions will be called once per half of the buffer. In the above example, 
  19:../../libDaisy/src/per/sai.h ****  * the callback function would be called once for every 48 samples.
  20:../../libDaisy/src/per/sai.h ****  * 
  21:../../libDaisy/src/per/sai.h ****  * Use SAI Handle like this:
  22:../../libDaisy/src/per/sai.h ****  * 
  23:../../libDaisy/src/per/sai.h ****  *  SaiHandle::Config sai_config;
  24:../../libDaisy/src/per/sai.h ****  *  sai_config.periph          = SaiHandle::Config::Peripheral::SAI_1;
  25:../../libDaisy/src/per/sai.h ****  *  sai_config.sr              = SaiHandle::Config::SampleRate::SAI_48KHZ;
  26:../../libDaisy/src/per/sai.h ****  *  sai_config.bit_depth       = SaiHandle::Config::BitDepth::SAI_24BIT;
  27:../../libDaisy/src/per/sai.h ****  *  sai_config.a_sync          = SaiHandle::Config::Sync::MASTER;
  28:../../libDaisy/src/per/sai.h ****  *  sai_config.b_sync          = SaiHandle::Config::Sync::SLAVE;
  29:../../libDaisy/src/per/sai.h ****  *  sai_config.a_dir           = SaiHandle::Config::Direction::RECEIVE;
  30:../../libDaisy/src/per/sai.h ****  *  sai_config.b_dir           = SaiHandle::Config::Direction::TRANSMIT;
  31:../../libDaisy/src/per/sai.h ****  *  sai_config.pin_config.fs   = {DSY_GPIOE, 4};
  32:../../libDaisy/src/per/sai.h ****  *  sai_config.pin_config.mclk = {DSY_GPIOE, 2};
  33:../../libDaisy/src/per/sai.h ****  *  sai_config.pin_config.sck  = {DSY_GPIOE, 5};
  34:../../libDaisy/src/per/sai.h ****  *  sai_config.pin_config.sa   = {DSY_GPIOE, 6};
  35:../../libDaisy/src/per/sai.h ****  *  sai_config.pin_config.sb   = {DSY_GPIOE, 3};
  36:../../libDaisy/src/per/sai.h ****  *  // Then Initialize
  37:../../libDaisy/src/per/sai.h ****  *  SaiHandle sai;
  38:../../libDaisy/src/per/sai.h ****  *  sai.Init(sai_config);
  39:../../libDaisy/src/per/sai.h ****  *  // Now you can use it:
  40:../../libDaisy/src/per/sai.h ****  *  sai.StartDma(. . .);
  41:../../libDaisy/src/per/sai.h ****  */
  42:../../libDaisy/src/per/sai.h **** class SaiHandle
  43:../../libDaisy/src/per/sai.h **** {
  44:../../libDaisy/src/per/sai.h ****   public:
  45:../../libDaisy/src/per/sai.h ****     /** Contains settings for initialising an SAI Interface */
ARM GAS  /var/folders/1b/1q9m9h2n5vq5b3524jm_htnw0000gn/T//ccCPcNPR.s 			page 90


  46:../../libDaisy/src/per/sai.h ****     struct Config
  47:../../libDaisy/src/per/sai.h ****     {
  48:../../libDaisy/src/per/sai.h ****         /** Specifies the internal peripheral to use (mapped to different hardware pins) */
  49:../../libDaisy/src/per/sai.h ****         enum class Peripheral
  50:../../libDaisy/src/per/sai.h ****         {
  51:../../libDaisy/src/per/sai.h ****             SAI_1,
  52:../../libDaisy/src/per/sai.h ****             SAI_2,
  53:../../libDaisy/src/per/sai.h ****         };
  54:../../libDaisy/src/per/sai.h **** 
  55:../../libDaisy/src/per/sai.h ****         /** Rate at which samples will be streaming to/from the device. */
  56:../../libDaisy/src/per/sai.h ****         enum class SampleRate
  57:../../libDaisy/src/per/sai.h ****         {
  58:../../libDaisy/src/per/sai.h ****             SAI_8KHZ,
  59:../../libDaisy/src/per/sai.h ****             SAI_16KHZ,
  60:../../libDaisy/src/per/sai.h ****             SAI_32KHZ,
  61:../../libDaisy/src/per/sai.h ****             SAI_48KHZ,
  62:../../libDaisy/src/per/sai.h ****             SAI_96KHZ,
  63:../../libDaisy/src/per/sai.h ****         };
  64:../../libDaisy/src/per/sai.h **** 
  65:../../libDaisy/src/per/sai.h ****         /** Bit Depth that the hardware expects to be transferred to/from the device. */
  66:../../libDaisy/src/per/sai.h ****         enum class BitDepth
  67:../../libDaisy/src/per/sai.h ****         {
  68:../../libDaisy/src/per/sai.h ****             SAI_16BIT,
  69:../../libDaisy/src/per/sai.h ****             SAI_24BIT,
  70:../../libDaisy/src/per/sai.h ****             SAI_32BIT,
  71:../../libDaisy/src/per/sai.h ****         };
  72:../../libDaisy/src/per/sai.h **** 
  73:../../libDaisy/src/per/sai.h ****         /** Specifies whether a particular block is the master or the slave 
  74:../../libDaisy/src/per/sai.h ****          ** If both are set to slave, no MCLK signal will be used, and it is
  75:../../libDaisy/src/per/sai.h ****          ** expected that the codec will have its own xtal.
  76:../../libDaisy/src/per/sai.h ****          */
  77:../../libDaisy/src/per/sai.h ****         enum class Sync
  78:../../libDaisy/src/per/sai.h ****         {
  79:../../libDaisy/src/per/sai.h ****             MASTER,
  80:../../libDaisy/src/per/sai.h ****             SLAVE,
  81:../../libDaisy/src/per/sai.h ****         };
  82:../../libDaisy/src/per/sai.h **** 
  83:../../libDaisy/src/per/sai.h ****         /** Specifies the direction for each peripheral block. */
  84:../../libDaisy/src/per/sai.h ****         enum class Direction
  85:../../libDaisy/src/per/sai.h ****         {
  86:../../libDaisy/src/per/sai.h ****             TRANSMIT,
  87:../../libDaisy/src/per/sai.h ****             RECEIVE,
  88:../../libDaisy/src/per/sai.h ****         };
  89:../../libDaisy/src/per/sai.h **** 
  90:../../libDaisy/src/per/sai.h ****         Peripheral periph;
  91:../../libDaisy/src/per/sai.h ****         struct
  92:../../libDaisy/src/per/sai.h ****         {
  93:../../libDaisy/src/per/sai.h ****             dsy_gpio_pin mclk, fs, sck, sa, sb;
  94:../../libDaisy/src/per/sai.h ****         } pin_config;
  95:../../libDaisy/src/per/sai.h ****         SampleRate sr;
  96:../../libDaisy/src/per/sai.h ****         BitDepth   bit_depth;
  97:../../libDaisy/src/per/sai.h ****         Sync       a_sync, b_sync;
  98:../../libDaisy/src/per/sai.h ****         Direction  a_dir, b_dir;
  99:../../libDaisy/src/per/sai.h ****     };
 100:../../libDaisy/src/per/sai.h **** 
 101:../../libDaisy/src/per/sai.h ****     /** Return values for SAI functions */
 102:../../libDaisy/src/per/sai.h ****     enum class Result
ARM GAS  /var/folders/1b/1q9m9h2n5vq5b3524jm_htnw0000gn/T//ccCPcNPR.s 			page 91


 103:../../libDaisy/src/per/sai.h ****     {
 104:../../libDaisy/src/per/sai.h ****         OK,
 105:../../libDaisy/src/per/sai.h ****         ERR,
 106:../../libDaisy/src/per/sai.h ****     };
 107:../../libDaisy/src/per/sai.h **** 
 108:../../libDaisy/src/per/sai.h ****     SaiHandle() : pimpl_(nullptr) {}
 2859              		.loc 19 108 5 is_stmt 1 view .LVU813
 2860              	.LBB987:
 2861              	.LBB988:
 2862              		.loc 19 108 33 is_stmt 0 view .LVU814
 2863 0010 E563     		str	r5, [r4, #60]
 2864              	.LVL145:
 2865              		.loc 19 108 33 view .LVU815
 2866              	.LBE988:
 2867              	.LBE987:
 2868              	.LBE986:
 2869              	.LBE990:
 2870              	.LBE1035:
 2871              	.LBB1036:
 2872              	.LBI1036:
  20:../../libDaisy/src/hid/encoder.h ****     ~Encoder() {}
 2873              		.loc 9 20 5 is_stmt 1 view .LVU816
 2874              	.LBB1037:
 2875              	.LBB1038:
 2876              	.LBI1038:
  41:../../libDaisy/src/hid/switch.h ****     ~Switch() {}
 2877              		.loc 7 41 5 view .LVU817
  41:../../libDaisy/src/hid/switch.h ****     ~Switch() {}
 2878              		.loc 7 41 5 is_stmt 0 view .LVU818
 2879              	.LBE1038:
 2880              	.LBE1037:
 2881              	.LBE1036:
 2882              	.LBB1039:
 2883              	.LBI1039:
  21:../../libDaisy/src/hid/ctrl.h ****     /** destructor */
 2884              		.loc 8 21 5 is_stmt 1 view .LVU819
  21:../../libDaisy/src/hid/ctrl.h ****     /** destructor */
 2885              		.loc 8 21 5 is_stmt 0 view .LVU820
 2886              	.LBE1039:
 2887              	.LBB1040:
 2888              	.LBI1040:
  21:../../libDaisy/src/hid/ctrl.h ****     /** destructor */
 2889              		.loc 8 21 5 is_stmt 1 view .LVU821
  21:../../libDaisy/src/hid/ctrl.h ****     /** destructor */
 2890              		.loc 8 21 5 is_stmt 0 view .LVU822
 2891              	.LBE1040:
 2892              	.LBB1041:
 2893              	.LBI1041:
  41:../../libDaisy/src/hid/switch.h ****     ~Switch() {}
 2894              		.loc 7 41 5 is_stmt 1 view .LVU823
  41:../../libDaisy/src/hid/switch.h ****     ~Switch() {}
 2895              		.loc 7 41 5 is_stmt 0 view .LVU824
 2896              	.LBE1041:
 2897              	.LBB1042:
 2898              	.LBI1042:
  41:../../libDaisy/src/hid/switch.h ****     ~Switch() {}
 2899              		.loc 7 41 5 is_stmt 1 view .LVU825
ARM GAS  /var/folders/1b/1q9m9h2n5vq5b3524jm_htnw0000gn/T//ccCPcNPR.s 			page 92


  41:../../libDaisy/src/hid/switch.h ****     ~Switch() {}
 2900              		.loc 7 41 5 is_stmt 0 view .LVU826
 2901              	.LBE1042:
 2902              	.LBB1043:
 2903              	.LBI1043:
  17:../../libDaisy/src/hid/rgb_led.h ****     ~RgbLed() {}
 2904              		.loc 5 17 5 is_stmt 1 view .LVU827
 2905              	.LBB1044:
 2906              	.LBB1045:
 2907              	.LBI1045:
  24:../../libDaisy/src/hid/led.h ****     ~Led() {}
 2908              		.loc 6 24 5 view .LVU828
  24:../../libDaisy/src/hid/led.h ****     ~Led() {}
 2909              		.loc 6 24 5 is_stmt 0 view .LVU829
 2910              	.LBE1045:
 2911              	.LBB1046:
 2912              	.LBI1046:
  24:../../libDaisy/src/hid/led.h ****     ~Led() {}
 2913              		.loc 6 24 5 is_stmt 1 view .LVU830
  24:../../libDaisy/src/hid/led.h ****     ~Led() {}
 2914              		.loc 6 24 5 is_stmt 0 view .LVU831
 2915              	.LBE1046:
 2916              	.LBB1047:
 2917              	.LBI1047:
  24:../../libDaisy/src/hid/led.h ****     ~Led() {}
 2918              		.loc 6 24 5 is_stmt 1 view .LVU832
  24:../../libDaisy/src/hid/led.h ****     ~Led() {}
 2919              		.loc 6 24 5 is_stmt 0 view .LVU833
 2920              	.LBE1047:
 2921              	.LBE1044:
 2922              	.LBE1043:
 2923              	.LBB1048:
 2924              	.LBI1048:
  17:../../libDaisy/src/hid/rgb_led.h ****     ~RgbLed() {}
 2925              		.loc 5 17 5 is_stmt 1 view .LVU834
 2926              	.LBB1049:
 2927              	.LBB1050:
 2928              	.LBI1050:
  24:../../libDaisy/src/hid/led.h ****     ~Led() {}
 2929              		.loc 6 24 5 view .LVU835
  24:../../libDaisy/src/hid/led.h ****     ~Led() {}
 2930              		.loc 6 24 5 is_stmt 0 view .LVU836
 2931              	.LBE1050:
 2932              	.LBB1051:
 2933              	.LBI1051:
  24:../../libDaisy/src/hid/led.h ****     ~Led() {}
 2934              		.loc 6 24 5 is_stmt 1 view .LVU837
  24:../../libDaisy/src/hid/led.h ****     ~Led() {}
 2935              		.loc 6 24 5 is_stmt 0 view .LVU838
 2936              	.LBE1051:
 2937              	.LBB1052:
 2938              	.LBI1052:
  24:../../libDaisy/src/hid/led.h ****     ~Led() {}
 2939              		.loc 6 24 5 is_stmt 1 view .LVU839
  24:../../libDaisy/src/hid/led.h ****     ~Led() {}
 2940              		.loc 6 24 5 is_stmt 0 view .LVU840
 2941              	.LBE1052:
ARM GAS  /var/folders/1b/1q9m9h2n5vq5b3524jm_htnw0000gn/T//ccCPcNPR.s 			page 93


 2942              	.LBE1049:
 2943              	.LBE1048:
 2944              	.LBB1053:
 2945              	.LBI992:
 155:../../libDaisy/src/hid/midi.h ****     ~MidiHandler() {}
 2946              		.loc 2 155 5 is_stmt 1 view .LVU841
 2947              	.LBB1032:
 2948              	.LBB997:
 2949              	.LBI994:
 2950              		.loc 2 158 12 view .LVU842
 2951              	.LBB996:
 2952 0012 FFF7FEFF 		bl	_ZN5daisy17MidiUartTransport6ConfigC1Ev
 2953              	.LVL146:
 2954              		.loc 2 158 12 is_stmt 0 view .LVU843
 2955              	.LBE996:
 2956              	.LBE997:
 2957              	.LBB998:
 2958              	.LBI998:
  31:../../libDaisy/src/hid/midi.h ****     ~MidiUartTransport() {}
 2959              		.loc 2 31 5 is_stmt 1 view .LVU844
 2960              	.LBB999:
 2961              	.LBB1000:
 2962              	.LBI1000:
 2963              		.file 20 "../../libDaisy/src/per/uart.h"
   1:../../libDaisy/src/per/uart.h **** /* 
   2:../../libDaisy/src/per/uart.h **** TODO
   3:../../libDaisy/src/per/uart.h **** - Overflow handling, etc. for Rx Queue.
   4:../../libDaisy/src/per/uart.h **** */
   5:../../libDaisy/src/per/uart.h **** 
   6:../../libDaisy/src/per/uart.h **** #pragma once
   7:../../libDaisy/src/per/uart.h **** #ifndef DSY_UART_H
   8:../../libDaisy/src/per/uart.h **** #define DSY_UART_H /**< macro */
   9:../../libDaisy/src/per/uart.h **** #include "daisy_core.h"
  10:../../libDaisy/src/per/uart.h **** 
  11:../../libDaisy/src/per/uart.h **** 
  12:../../libDaisy/src/per/uart.h **** namespace daisy
  13:../../libDaisy/src/per/uart.h **** {
  14:../../libDaisy/src/per/uart.h **** /** @addtogroup serial
  15:../../libDaisy/src/per/uart.h ****     @{
  16:../../libDaisy/src/per/uart.h ****     */
  17:../../libDaisy/src/per/uart.h **** 
  18:../../libDaisy/src/per/uart.h **** /** 
  19:../../libDaisy/src/per/uart.h ****     Uart Peripheral
  20:../../libDaisy/src/per/uart.h ****     @author shensley
  21:../../libDaisy/src/per/uart.h ****     @date March 2020
  22:../../libDaisy/src/per/uart.h ****     */
  23:../../libDaisy/src/per/uart.h **** class UartHandler
  24:../../libDaisy/src/per/uart.h **** {
  25:../../libDaisy/src/per/uart.h ****   public:
  26:../../libDaisy/src/per/uart.h ****     struct Config
  27:../../libDaisy/src/per/uart.h ****     {
  28:../../libDaisy/src/per/uart.h ****         enum class Peripheral
  29:../../libDaisy/src/per/uart.h ****         {
  30:../../libDaisy/src/per/uart.h ****             USART_1,
  31:../../libDaisy/src/per/uart.h ****             USART_2,
  32:../../libDaisy/src/per/uart.h ****             USART_3,
  33:../../libDaisy/src/per/uart.h ****             UART_4,
ARM GAS  /var/folders/1b/1q9m9h2n5vq5b3524jm_htnw0000gn/T//ccCPcNPR.s 			page 94


  34:../../libDaisy/src/per/uart.h ****             UART_5,
  35:../../libDaisy/src/per/uart.h ****             USART_6,
  36:../../libDaisy/src/per/uart.h ****             UART_7,
  37:../../libDaisy/src/per/uart.h ****             UART_8,
  38:../../libDaisy/src/per/uart.h ****             LPUART_1,
  39:../../libDaisy/src/per/uart.h ****         };
  40:../../libDaisy/src/per/uart.h **** 
  41:../../libDaisy/src/per/uart.h ****         enum class StopBits
  42:../../libDaisy/src/per/uart.h ****         {
  43:../../libDaisy/src/per/uart.h ****             BITS_0_5,
  44:../../libDaisy/src/per/uart.h ****             BITS_1,
  45:../../libDaisy/src/per/uart.h ****             BITS_1_5,
  46:../../libDaisy/src/per/uart.h ****             BITS_2,
  47:../../libDaisy/src/per/uart.h ****         };
  48:../../libDaisy/src/per/uart.h **** 
  49:../../libDaisy/src/per/uart.h ****         enum class Parity
  50:../../libDaisy/src/per/uart.h ****         {
  51:../../libDaisy/src/per/uart.h ****             NONE,
  52:../../libDaisy/src/per/uart.h ****             EVEN,
  53:../../libDaisy/src/per/uart.h ****             ODD,
  54:../../libDaisy/src/per/uart.h ****         };
  55:../../libDaisy/src/per/uart.h **** 
  56:../../libDaisy/src/per/uart.h ****         enum class Mode
  57:../../libDaisy/src/per/uart.h ****         {
  58:../../libDaisy/src/per/uart.h ****             RX,
  59:../../libDaisy/src/per/uart.h ****             TX,
  60:../../libDaisy/src/per/uart.h ****             TX_RX,
  61:../../libDaisy/src/per/uart.h ****         };
  62:../../libDaisy/src/per/uart.h **** 
  63:../../libDaisy/src/per/uart.h ****         enum class WordLength
  64:../../libDaisy/src/per/uart.h ****         {
  65:../../libDaisy/src/per/uart.h ****             BITS_7,
  66:../../libDaisy/src/per/uart.h ****             BITS_8,
  67:../../libDaisy/src/per/uart.h ****             BITS_9,
  68:../../libDaisy/src/per/uart.h ****         };
  69:../../libDaisy/src/per/uart.h **** 
  70:../../libDaisy/src/per/uart.h ****         struct
  71:../../libDaisy/src/per/uart.h ****         {
  72:../../libDaisy/src/per/uart.h ****             dsy_gpio_pin tx; /**< & */
  73:../../libDaisy/src/per/uart.h ****             dsy_gpio_pin rx; /**< & */
  74:../../libDaisy/src/per/uart.h ****         } pin_config;        /**< & */
  75:../../libDaisy/src/per/uart.h **** 
  76:../../libDaisy/src/per/uart.h ****         Config()
  77:../../libDaisy/src/per/uart.h ****         {
  78:../../libDaisy/src/per/uart.h ****             // user must init periph, pin_config, and mode
  79:../../libDaisy/src/per/uart.h ****             stopbits   = StopBits::BITS_1;
  80:../../libDaisy/src/per/uart.h ****             parity     = Parity::NONE;
  81:../../libDaisy/src/per/uart.h ****             wordlength = WordLength::BITS_8;
  82:../../libDaisy/src/per/uart.h ****             baudrate   = 31250;
  83:../../libDaisy/src/per/uart.h ****         }
  84:../../libDaisy/src/per/uart.h **** 
  85:../../libDaisy/src/per/uart.h ****         Peripheral periph;
  86:../../libDaisy/src/per/uart.h ****         StopBits   stopbits;
  87:../../libDaisy/src/per/uart.h ****         Parity     parity;
  88:../../libDaisy/src/per/uart.h ****         Mode       mode;
  89:../../libDaisy/src/per/uart.h ****         WordLength wordlength;
  90:../../libDaisy/src/per/uart.h ****         uint32_t   baudrate;
ARM GAS  /var/folders/1b/1q9m9h2n5vq5b3524jm_htnw0000gn/T//ccCPcNPR.s 			page 95


  91:../../libDaisy/src/per/uart.h ****     };
  92:../../libDaisy/src/per/uart.h **** 
  93:../../libDaisy/src/per/uart.h **** 
  94:../../libDaisy/src/per/uart.h ****     UartHandler() : pimpl_(nullptr) {}
 2964              		.loc 20 94 5 view .LVU845
 2965              		.loc 20 94 5 is_stmt 0 view .LVU846
 2966              	.LBE1000:
 2967              	.LBE999:
 2968              	.LBE998:
 2969              	.LBB1005:
 2970              	.LBI1005:
  18:../../libDaisy/src/hid/midi_parser.h ****     ~MidiParser() {}
 2971              		.loc 4 18 5 is_stmt 1 view .LVU847
 2972              	.LBB1006:
  18:../../libDaisy/src/hid/midi_parser.h ****     ~MidiParser() {}
 2973              		.loc 4 18 17 is_stmt 0 view .LVU848
 2974 0016 40F20F73 		movw	r3, #1807
 2975              	.LBE1006:
 2976              	.LBE1005:
 2977              	.LBB1009:
 2978              	.LBB1010:
 2979              	.LBB1011:
 2980              	.LBB1012:
 2981              	.LBB1013:
  15:../../libDaisy/src/util/FIFO.h ****     {
 2982              		.loc 3 15 75 view .LVU849
 2983 001a 04F51471 		add	r1, r4, #592
 2984              	.LBE1013:
 2985              	.LBE1012:
 2986              	.LBE1011:
 2987              	.LBE1010:
 2988              	.LBE1009:
 2989              	.LBB1026:
 2990              	.LBB1007:
  18:../../libDaisy/src/hid/midi_parser.h ****     ~MidiParser() {}
 2991              		.loc 4 18 17 view .LVU850
 2992 001e 344A     		ldr	r2, .L60+4
 2993 0020 A4F83C32 		strh	r3, [r4, #572]	@ movhi
 2994              	.LVL147:
  18:../../libDaisy/src/hid/midi_parser.h ****     ~MidiParser() {}
 2995              		.loc 4 18 17 view .LVU851
 2996              	.LBE1007:
 2997              	.LBE1026:
 2998              	.LBB1027:
 2999              	.LBI1009:
 299:../../libDaisy/src/util/FIFO.h **** {
 300:../../libDaisy/src/util/FIFO.h ****   public:
 301:../../libDaisy/src/util/FIFO.h ****     /** Creates an empty FIFO */
 302:../../libDaisy/src/util/FIFO.h ****     FIFO() : FIFOBase<T>(buffer_, capacity + 1) {}
 3000              		.loc 3 302 5 is_stmt 1 view .LVU852
 3001              	.LBB1023:
 3002              	.LBB1020:
 3003              	.LBI1011:
  14:../../libDaisy/src/util/FIFO.h ****     : buffer_(buffer), bufferSize_(bufferSize), bufferIn_(0), bufferOut_(0)
 3004              		.loc 3 14 5 view .LVU853
 3005              	.LBB1017:
 3006              	.LBB1014:
ARM GAS  /var/folders/1b/1q9m9h2n5vq5b3524jm_htnw0000gn/T//ccCPcNPR.s 			page 96


  15:../../libDaisy/src/util/FIFO.h ****     {
 3007              		.loc 3 15 75 is_stmt 0 view .LVU854
 3008 0024 40F20113 		movw	r3, #257
 3009              	.LBE1014:
 3010              	.LBE1017:
 3011              	.LBE1020:
 3012              	.LBE1023:
 3013              	.LBE1027:
 3014              	.LBB1028:
 3015              	.LBB1008:
  18:../../libDaisy/src/hid/midi_parser.h ****     ~MidiParser() {}
 3016              		.loc 4 18 17 view .LVU855
 3017 0028 C4F83822 		str	r2, [r4, #568]
 3018              	.LBE1008:
 3019              	.LBE1028:
 3020              	.LBE1032:
 3021              	.LBE1053:
 3022              	.LBE1056:
 3023              	.LBE1059:
  34:daisy_formant.cpp **** static DaisyPod pod;
 3024              		.loc 15 34 17 view .LVU856
 3025 002c 2046     		mov	r0, r4
 3026              	.LBB1060:
 3027              	.LBB1057:
 3028              	.LBB1054:
 3029              	.LBB1033:
 3030              	.LBB1029:
 3031              	.LBB1024:
 3032              	.LBB1021:
 3033              	.LBB1018:
 3034              	.LBB1015:
  15:../../libDaisy/src/util/FIFO.h ****     {
 3035              		.loc 3 15 75 view .LVU857
 3036 002e C4F84012 		str	r1, [r4, #576]
 3037              	.LBE1015:
 3038              	.LBE1018:
 3039              	.LBE1021:
 3040              	.LBE1024:
 3041              	.LBE1029:
 3042              	.LBE1033:
 3043              	.LBE1054:
 3044              	.LBE1057:
 3045              	.LBE1060:
  34:daisy_formant.cpp **** static DaisyPod pod;
 3046              		.loc 15 34 17 view .LVU858
 3047 0032 304A     		ldr	r2, .L60+8
 3048 0034 3049     		ldr	r1, .L60+12
 3049              	.LBB1061:
 3050              	.LBB1058:
 3051              	.LBB1055:
 3052              	.LBB1034:
 3053              	.LBB1030:
 3054              	.LBB1004:
 3055              	.LBB1003:
 3056              	.LBB1001:
 3057              	.LBB1002:
 3058              		.loc 20 94 35 view .LVU859
ARM GAS  /var/folders/1b/1q9m9h2n5vq5b3524jm_htnw0000gn/T//ccCPcNPR.s 			page 97


 3059 0036 C4F89051 		str	r5, [r4, #400]
 3060              	.LBE1002:
 3061              	.LBE1001:
 3062              	.LBE1003:
 3063              	.LBE1004:
 3064              	.LBE1030:
 3065              	.LBB1031:
 3066              	.LBB1025:
 3067              	.LBB1022:
 3068              	.LBB1019:
 3069              	.LBB1016:
  15:../../libDaisy/src/util/FIFO.h ****     {
 3070              		.loc 3 15 75 view .LVU860
 3071 003a C4F84C52 		str	r5, [r4, #588]
 3072              	.LVL148:
  15:../../libDaisy/src/util/FIFO.h ****     {
 3073              		.loc 3 15 75 view .LVU861
 3074 003e C4E99135 		strd	r3, r5, [r4, #580]
 3075              	.LBE1016:
 3076              	.LBE1019:
 3077              	.LBE1022:
 3078              	.LBE1025:
 3079              	.LBE1031:
 3080              	.LBE1034:
 3081              	.LBE1055:
 3082              	.LBE1058:
 3083              	.LBE1061:
  34:daisy_formant.cpp **** static DaisyPod pod;
 3084              		.loc 15 34 17 view .LVU862
 3085 0042 FFF7FEFF 		bl	__aeabi_atexit
 3086              	.LVL149:
 3087              	.LBB1062:
 3088              	.LBI1062:
  71:daisy_formant.cpp ****     Bq() {
 3089              		.loc 15 71 5 is_stmt 1 view .LVU863
 3090              	.LBB1063:
 3091              	.LBB1064:
  72:daisy_formant.cpp ****         b0 = 1.0f; b1 = 0.0f; b2 = 0.0f;
 3092              		.loc 15 72 9 view .LVU864
  72:daisy_formant.cpp ****         b0 = 1.0f; b1 = 0.0f; b2 = 0.0f;
 3093              		.loc 15 72 12 is_stmt 0 view .LVU865
 3094 0046 4FF07E54 		mov	r4, #1065353216
  72:daisy_formant.cpp ****         b0 = 1.0f; b1 = 0.0f; b2 = 0.0f;
 3095              		.loc 15 72 23 view .LVU866
 3096 004a 0022     		movs	r2, #0
 3097              	.LBE1064:
 3098              	.LBE1063:
 3099              	.LBE1062:
 3100              	.LBB1071:
 3101              	.LBB1072:
 3102              	.LBB1073:
  72:daisy_formant.cpp ****         b0 = 1.0f; b1 = 0.0f; b2 = 0.0f;
 3103              		.loc 15 72 12 view .LVU867
 3104 004c 2B4B     		ldr	r3, .L60+16
 3105              	.LBE1073:
 3106              	.LBE1072:
 3107              	.LBE1071:
ARM GAS  /var/folders/1b/1q9m9h2n5vq5b3524jm_htnw0000gn/T//ccCPcNPR.s 			page 98


 3108              	.LBB1082:
 3109              	.LBB1069:
 3110              	.LBB1067:
 3111 004e 2C49     		ldr	r1, .L60+20
 3112              	.LBE1067:
 3113              	.LBE1069:
 3114              	.LBE1082:
 3115              	.LBB1083:
 3116              	.LBB1084:
 3117              	.LBB1085:
 3118 0050 2C48     		ldr	r0, .L60+24
 3119              	.LBE1085:
 3120              	.LBE1084:
 3121              	.LBE1083:
 3122              	.LBB1092:
 3123              	.LBB1080:
 3124              	.LBB1078:
 3125 0052 1C60     		str	r4, [r3]	@ float
  72:daisy_formant.cpp ****         b0 = 1.0f; b1 = 0.0f; b2 = 0.0f;
 3126              		.loc 15 72 23 view .LVU868
 3127 0054 5A60     		str	r2, [r3, #4]	@ float
  72:daisy_formant.cpp ****         b0 = 1.0f; b1 = 0.0f; b2 = 0.0f;
 3128              		.loc 15 72 34 view .LVU869
 3129 0056 9A60     		str	r2, [r3, #8]	@ float
  73:daisy_formant.cpp ****         a1 = 0.0f; a2 = 0.0f;
 3130              		.loc 15 73 12 view .LVU870
 3131 0058 DA60     		str	r2, [r3, #12]	@ float
  73:daisy_formant.cpp ****         a1 = 0.0f; a2 = 0.0f;
 3132              		.loc 15 73 23 view .LVU871
 3133 005a 1A61     		str	r2, [r3, #16]	@ float
 3134              	.LBB1074:
 3135              	.LBB1075:
  83:daisy_formant.cpp ****     void Reset() { z1 = 0.0f; z2 = 0.0f; }
 3136              		.loc 15 83 23 view .LVU872
 3137 005c 5A61     		str	r2, [r3, #20]	@ float
  83:daisy_formant.cpp ****     void Reset() { z1 = 0.0f; z2 = 0.0f; }
 3138              		.loc 15 83 34 view .LVU873
 3139 005e 9A61     		str	r2, [r3, #24]	@ float
 3140 0060 294B     		ldr	r3, .L60+28
 3141              	.LBE1075:
 3142              	.LBE1074:
 3143              	.LBE1078:
 3144              	.LBE1080:
 3145              	.LBE1092:
 3146              	.LBB1093:
 3147              	.LBB1070:
 3148              	.LBB1068:
  72:daisy_formant.cpp ****         b0 = 1.0f; b1 = 0.0f; b2 = 0.0f;
 3149              		.loc 15 72 12 view .LVU874
 3150 0062 0C60     		str	r4, [r1]	@ float
  72:daisy_formant.cpp ****         b0 = 1.0f; b1 = 0.0f; b2 = 0.0f;
 3151              		.loc 15 72 20 is_stmt 1 view .LVU875
  72:daisy_formant.cpp ****         b0 = 1.0f; b1 = 0.0f; b2 = 0.0f;
 3152              		.loc 15 72 23 is_stmt 0 view .LVU876
 3153 0064 4A60     		str	r2, [r1, #4]	@ float
  72:daisy_formant.cpp ****         b0 = 1.0f; b1 = 0.0f; b2 = 0.0f;
 3154              		.loc 15 72 31 is_stmt 1 view .LVU877
ARM GAS  /var/folders/1b/1q9m9h2n5vq5b3524jm_htnw0000gn/T//ccCPcNPR.s 			page 99


  72:daisy_formant.cpp ****         b0 = 1.0f; b1 = 0.0f; b2 = 0.0f;
 3155              		.loc 15 72 34 is_stmt 0 view .LVU878
 3156 0066 8A60     		str	r2, [r1, #8]	@ float
  73:daisy_formant.cpp ****         a1 = 0.0f; a2 = 0.0f;
 3157              		.loc 15 73 9 is_stmt 1 view .LVU879
  73:daisy_formant.cpp ****         a1 = 0.0f; a2 = 0.0f;
 3158              		.loc 15 73 12 is_stmt 0 view .LVU880
 3159 0068 CA60     		str	r2, [r1, #12]	@ float
  73:daisy_formant.cpp ****         a1 = 0.0f; a2 = 0.0f;
 3160              		.loc 15 73 20 is_stmt 1 view .LVU881
  73:daisy_formant.cpp ****         a1 = 0.0f; a2 = 0.0f;
 3161              		.loc 15 73 23 is_stmt 0 view .LVU882
 3162 006a 0A61     		str	r2, [r1, #16]	@ float
  74:daisy_formant.cpp ****         Reset();
 3163              		.loc 15 74 9 is_stmt 1 view .LVU883
 3164              	.LVL150:
 3165              	.LBB1065:
 3166              	.LBI1065:
  83:daisy_formant.cpp ****     void Reset() { z1 = 0.0f; z2 = 0.0f; }
 3167              		.loc 15 83 10 view .LVU884
 3168              	.LBB1066:
  83:daisy_formant.cpp ****     void Reset() { z1 = 0.0f; z2 = 0.0f; }
 3169              		.loc 15 83 20 view .LVU885
  83:daisy_formant.cpp ****     void Reset() { z1 = 0.0f; z2 = 0.0f; }
 3170              		.loc 15 83 23 is_stmt 0 view .LVU886
 3171 006c 4A61     		str	r2, [r1, #20]	@ float
  83:daisy_formant.cpp ****     void Reset() { z1 = 0.0f; z2 = 0.0f; }
 3172              		.loc 15 83 31 is_stmt 1 view .LVU887
  83:daisy_formant.cpp ****     void Reset() { z1 = 0.0f; z2 = 0.0f; }
 3173              		.loc 15 83 34 is_stmt 0 view .LVU888
 3174 006e 8A61     		str	r2, [r1, #24]	@ float
 3175              	.LVL151:
  83:daisy_formant.cpp ****     void Reset() { z1 = 0.0f; z2 = 0.0f; }
 3176              		.loc 15 83 34 view .LVU889
 3177              	.LBE1066:
 3178              	.LBE1065:
 3179              	.LBE1068:
 3180              	.LBE1070:
 3181              	.LBE1093:
 3182              	.LBB1094:
 3183              	.LBI1071:
  71:daisy_formant.cpp ****     Bq() {
 3184              		.loc 15 71 5 is_stmt 1 view .LVU890
 3185              	.LBB1081:
 3186              	.LBB1079:
  72:daisy_formant.cpp ****         b0 = 1.0f; b1 = 0.0f; b2 = 0.0f;
 3187              		.loc 15 72 9 view .LVU891
  72:daisy_formant.cpp ****         b0 = 1.0f; b1 = 0.0f; b2 = 0.0f;
 3188              		.loc 15 72 20 view .LVU892
  72:daisy_formant.cpp ****         b0 = 1.0f; b1 = 0.0f; b2 = 0.0f;
 3189              		.loc 15 72 31 view .LVU893
  73:daisy_formant.cpp ****         a1 = 0.0f; a2 = 0.0f;
 3190              		.loc 15 73 9 view .LVU894
  73:daisy_formant.cpp ****         a1 = 0.0f; a2 = 0.0f;
 3191              		.loc 15 73 20 view .LVU895
  74:daisy_formant.cpp ****         Reset();
 3192              		.loc 15 74 9 view .LVU896
ARM GAS  /var/folders/1b/1q9m9h2n5vq5b3524jm_htnw0000gn/T//ccCPcNPR.s 			page 100


 3193              	.LBB1077:
 3194              	.LBI1074:
  83:daisy_formant.cpp ****     void Reset() { z1 = 0.0f; z2 = 0.0f; }
 3195              		.loc 15 83 10 view .LVU897
 3196              	.LBB1076:
  83:daisy_formant.cpp ****     void Reset() { z1 = 0.0f; z2 = 0.0f; }
 3197              		.loc 15 83 20 view .LVU898
  83:daisy_formant.cpp ****     void Reset() { z1 = 0.0f; z2 = 0.0f; }
 3198              		.loc 15 83 31 view .LVU899
  83:daisy_formant.cpp ****     void Reset() { z1 = 0.0f; z2 = 0.0f; }
 3199              		.loc 15 83 31 is_stmt 0 view .LVU900
 3200              	.LBE1076:
 3201              	.LBE1077:
 3202              	.LBE1079:
 3203              	.LBE1081:
 3204              	.LBE1094:
 3205              	.LBB1095:
 3206              	.LBI1083:
  71:daisy_formant.cpp ****     Bq() {
 3207              		.loc 15 71 5 is_stmt 1 view .LVU901
 3208              	.LBB1090:
 3209              	.LBB1088:
  72:daisy_formant.cpp ****         b0 = 1.0f; b1 = 0.0f; b2 = 0.0f;
 3210              		.loc 15 72 9 view .LVU902
  72:daisy_formant.cpp ****         b0 = 1.0f; b1 = 0.0f; b2 = 0.0f;
 3211              		.loc 15 72 12 is_stmt 0 view .LVU903
 3212 0070 0460     		str	r4, [r0]	@ float
  72:daisy_formant.cpp ****         b0 = 1.0f; b1 = 0.0f; b2 = 0.0f;
 3213              		.loc 15 72 20 is_stmt 1 view .LVU904
 3214              	.LBE1088:
 3215              	.LBE1090:
 3216              	.LBE1095:
 3217              	.LBB1096:
 3218              	.LBB1097:
 3219              	.LBB1098:
  72:daisy_formant.cpp ****         b0 = 1.0f; b1 = 0.0f; b2 = 0.0f;
 3220              		.loc 15 72 12 is_stmt 0 view .LVU905
 3221 0072 2649     		ldr	r1, .L60+32
 3222              	.LBE1098:
 3223              	.LBE1097:
 3224              	.LBE1096:
 3225              	.LBB1103:
 3226              	.LBB1091:
 3227              	.LBB1089:
  72:daisy_formant.cpp ****         b0 = 1.0f; b1 = 0.0f; b2 = 0.0f;
 3228              		.loc 15 72 23 view .LVU906
 3229 0074 4260     		str	r2, [r0, #4]	@ float
  72:daisy_formant.cpp ****         b0 = 1.0f; b1 = 0.0f; b2 = 0.0f;
 3230              		.loc 15 72 31 is_stmt 1 view .LVU907
  72:daisy_formant.cpp ****         b0 = 1.0f; b1 = 0.0f; b2 = 0.0f;
 3231              		.loc 15 72 34 is_stmt 0 view .LVU908
 3232 0076 8260     		str	r2, [r0, #8]	@ float
  73:daisy_formant.cpp ****         a1 = 0.0f; a2 = 0.0f;
 3233              		.loc 15 73 9 is_stmt 1 view .LVU909
  73:daisy_formant.cpp ****         a1 = 0.0f; a2 = 0.0f;
 3234              		.loc 15 73 12 is_stmt 0 view .LVU910
 3235 0078 C260     		str	r2, [r0, #12]	@ float
ARM GAS  /var/folders/1b/1q9m9h2n5vq5b3524jm_htnw0000gn/T//ccCPcNPR.s 			page 101


  73:daisy_formant.cpp ****         a1 = 0.0f; a2 = 0.0f;
 3236              		.loc 15 73 20 is_stmt 1 view .LVU911
  73:daisy_formant.cpp ****         a1 = 0.0f; a2 = 0.0f;
 3237              		.loc 15 73 23 is_stmt 0 view .LVU912
 3238 007a 0261     		str	r2, [r0, #16]	@ float
  74:daisy_formant.cpp ****         Reset();
 3239              		.loc 15 74 9 is_stmt 1 view .LVU913
 3240              	.LVL152:
 3241              	.LBB1086:
 3242              	.LBI1086:
  83:daisy_formant.cpp ****     void Reset() { z1 = 0.0f; z2 = 0.0f; }
 3243              		.loc 15 83 10 view .LVU914
 3244              	.LBB1087:
  83:daisy_formant.cpp ****     void Reset() { z1 = 0.0f; z2 = 0.0f; }
 3245              		.loc 15 83 20 view .LVU915
  83:daisy_formant.cpp ****     void Reset() { z1 = 0.0f; z2 = 0.0f; }
 3246              		.loc 15 83 23 is_stmt 0 view .LVU916
 3247 007c 4261     		str	r2, [r0, #20]	@ float
  83:daisy_formant.cpp ****     void Reset() { z1 = 0.0f; z2 = 0.0f; }
 3248              		.loc 15 83 31 is_stmt 1 view .LVU917
  83:daisy_formant.cpp ****     void Reset() { z1 = 0.0f; z2 = 0.0f; }
 3249              		.loc 15 83 34 is_stmt 0 view .LVU918
 3250 007e 8261     		str	r2, [r0, #24]	@ float
 3251              	.LVL153:
  83:daisy_formant.cpp ****     void Reset() { z1 = 0.0f; z2 = 0.0f; }
 3252              		.loc 15 83 34 view .LVU919
 3253              	.LBE1087:
 3254              	.LBE1086:
 3255              	.LBE1089:
 3256              	.LBE1091:
 3257              	.LBE1103:
 3258              	.LBB1104:
 3259              	.LBI1096:
  71:daisy_formant.cpp ****     Bq() {
 3260              		.loc 15 71 5 is_stmt 1 view .LVU920
 3261              	.LBB1102:
 3262              	.LBB1101:
  72:daisy_formant.cpp ****         b0 = 1.0f; b1 = 0.0f; b2 = 0.0f;
 3263              		.loc 15 72 9 view .LVU921
 3264 0080 03F18C00 		add	r0, r3, #140
  72:daisy_formant.cpp ****         b0 = 1.0f; b1 = 0.0f; b2 = 0.0f;
 3265              		.loc 15 72 12 is_stmt 0 view .LVU922
 3266 0084 0C60     		str	r4, [r1]	@ float
  72:daisy_formant.cpp ****         b0 = 1.0f; b1 = 0.0f; b2 = 0.0f;
 3267              		.loc 15 72 20 is_stmt 1 view .LVU923
  72:daisy_formant.cpp ****         b0 = 1.0f; b1 = 0.0f; b2 = 0.0f;
 3268              		.loc 15 72 23 is_stmt 0 view .LVU924
 3269 0086 4A60     		str	r2, [r1, #4]	@ float
  72:daisy_formant.cpp ****         b0 = 1.0f; b1 = 0.0f; b2 = 0.0f;
 3270              		.loc 15 72 31 is_stmt 1 view .LVU925
  72:daisy_formant.cpp ****         b0 = 1.0f; b1 = 0.0f; b2 = 0.0f;
 3271              		.loc 15 72 34 is_stmt 0 view .LVU926
 3272 0088 8A60     		str	r2, [r1, #8]	@ float
  73:daisy_formant.cpp ****         a1 = 0.0f; a2 = 0.0f;
 3273              		.loc 15 73 9 is_stmt 1 view .LVU927
  73:daisy_formant.cpp ****         a1 = 0.0f; a2 = 0.0f;
 3274              		.loc 15 73 12 is_stmt 0 view .LVU928
ARM GAS  /var/folders/1b/1q9m9h2n5vq5b3524jm_htnw0000gn/T//ccCPcNPR.s 			page 102


 3275 008a CA60     		str	r2, [r1, #12]	@ float
  73:daisy_formant.cpp ****         a1 = 0.0f; a2 = 0.0f;
 3276              		.loc 15 73 20 is_stmt 1 view .LVU929
  73:daisy_formant.cpp ****         a1 = 0.0f; a2 = 0.0f;
 3277              		.loc 15 73 23 is_stmt 0 view .LVU930
 3278 008c 0A61     		str	r2, [r1, #16]	@ float
  74:daisy_formant.cpp ****         Reset();
 3279              		.loc 15 74 9 is_stmt 1 view .LVU931
 3280              	.LVL154:
 3281              	.LBB1099:
 3282              	.LBI1099:
  83:daisy_formant.cpp ****     void Reset() { z1 = 0.0f; z2 = 0.0f; }
 3283              		.loc 15 83 10 view .LVU932
 3284              	.LBB1100:
  83:daisy_formant.cpp ****     void Reset() { z1 = 0.0f; z2 = 0.0f; }
 3285              		.loc 15 83 20 view .LVU933
  83:daisy_formant.cpp ****     void Reset() { z1 = 0.0f; z2 = 0.0f; }
 3286              		.loc 15 83 23 is_stmt 0 view .LVU934
 3287 008e 4A61     		str	r2, [r1, #20]	@ float
  83:daisy_formant.cpp ****     void Reset() { z1 = 0.0f; z2 = 0.0f; }
 3288              		.loc 15 83 31 is_stmt 1 view .LVU935
  83:daisy_formant.cpp ****     void Reset() { z1 = 0.0f; z2 = 0.0f; }
 3289              		.loc 15 83 34 is_stmt 0 view .LVU936
 3290 0090 8A61     		str	r2, [r1, #24]	@ float
 3291              	.LVL155:
  83:daisy_formant.cpp ****     void Reset() { z1 = 0.0f; z2 = 0.0f; }
 3292              		.loc 15 83 34 view .LVU937
 3293              	.LBE1100:
 3294              	.LBE1099:
 3295              	.LBE1101:
 3296              	.LBE1102:
 3297              	.LBE1104:
  99:daisy_formant.cpp **** static Bq resonL[N_FORMANTS];   // formant cascade — left
 3298              		.loc 15 99 28 is_stmt 1 view .LVU938
 3299              	.L55:
 3300              	.LBB1105:
 3301              	.LBI1105:
  71:daisy_formant.cpp ****     Bq() {
 3302              		.loc 15 71 5 view .LVU939
 3303              	.LBB1106:
  72:daisy_formant.cpp ****         b0 = 1.0f; b1 = 0.0f; b2 = 0.0f;
 3304              		.loc 15 72 9 view .LVU940
 3305              	.LBE1106:
 3306              	.LBE1105:
  99:daisy_formant.cpp **** static Bq resonL[N_FORMANTS];   // formant cascade — left
 3307              		.loc 15 99 28 is_stmt 0 view .LVU941
 3308 0092 1C33     		adds	r3, r3, #28
 3309              	.LVL156:
 3310              	.LBB1111:
 3311              	.LBB1109:
  72:daisy_formant.cpp ****         b0 = 1.0f; b1 = 0.0f; b2 = 0.0f;
 3312              		.loc 15 72 23 view .LVU942
 3313 0094 0022     		movs	r2, #0
  72:daisy_formant.cpp ****         b0 = 1.0f; b1 = 0.0f; b2 = 0.0f;
 3314              		.loc 15 72 12 view .LVU943
 3315 0096 4FF07E51 		mov	r1, #1065353216
 3316              	.LBE1109:
ARM GAS  /var/folders/1b/1q9m9h2n5vq5b3524jm_htnw0000gn/T//ccCPcNPR.s 			page 103


 3317              	.LBE1111:
  99:daisy_formant.cpp **** static Bq resonL[N_FORMANTS];   // formant cascade — left
 3318              		.loc 15 99 28 view .LVU944
 3319 009a 8342     		cmp	r3, r0
 3320              	.LBB1112:
 3321              	.LBB1110:
  72:daisy_formant.cpp ****         b0 = 1.0f; b1 = 0.0f; b2 = 0.0f;
 3322              		.loc 15 72 23 view .LVU945
 3323 009c 43F8182C 		str	r2, [r3, #-24]	@ float
  72:daisy_formant.cpp ****         b0 = 1.0f; b1 = 0.0f; b2 = 0.0f;
 3324              		.loc 15 72 34 view .LVU946
 3325 00a0 43F8142C 		str	r2, [r3, #-20]	@ float
  72:daisy_formant.cpp ****         b0 = 1.0f; b1 = 0.0f; b2 = 0.0f;
 3326              		.loc 15 72 12 view .LVU947
 3327 00a4 43F81C1C 		str	r1, [r3, #-28]	@ float
  72:daisy_formant.cpp ****         b0 = 1.0f; b1 = 0.0f; b2 = 0.0f;
 3328              		.loc 15 72 20 is_stmt 1 view .LVU948
  72:daisy_formant.cpp ****         b0 = 1.0f; b1 = 0.0f; b2 = 0.0f;
 3329              		.loc 15 72 31 view .LVU949
  73:daisy_formant.cpp ****         a1 = 0.0f; a2 = 0.0f;
 3330              		.loc 15 73 9 view .LVU950
  73:daisy_formant.cpp ****         a1 = 0.0f; a2 = 0.0f;
 3331              		.loc 15 73 12 is_stmt 0 view .LVU951
 3332 00a8 43F8102C 		str	r2, [r3, #-16]	@ float
  73:daisy_formant.cpp ****         a1 = 0.0f; a2 = 0.0f;
 3333              		.loc 15 73 20 is_stmt 1 view .LVU952
  73:daisy_formant.cpp ****         a1 = 0.0f; a2 = 0.0f;
 3334              		.loc 15 73 23 is_stmt 0 view .LVU953
 3335 00ac 43F80C2C 		str	r2, [r3, #-12]	@ float
  74:daisy_formant.cpp ****         Reset();
 3336              		.loc 15 74 9 is_stmt 1 view .LVU954
 3337              	.LBB1107:
 3338              	.LBI1107:
  83:daisy_formant.cpp ****     void Reset() { z1 = 0.0f; z2 = 0.0f; }
 3339              		.loc 15 83 10 view .LVU955
 3340              	.LBB1108:
  83:daisy_formant.cpp ****     void Reset() { z1 = 0.0f; z2 = 0.0f; }
 3341              		.loc 15 83 20 view .LVU956
  83:daisy_formant.cpp ****     void Reset() { z1 = 0.0f; z2 = 0.0f; }
 3342              		.loc 15 83 23 is_stmt 0 view .LVU957
 3343 00b0 43F8082C 		str	r2, [r3, #-8]	@ float
  83:daisy_formant.cpp ****     void Reset() { z1 = 0.0f; z2 = 0.0f; }
 3344              		.loc 15 83 31 is_stmt 1 view .LVU958
  83:daisy_formant.cpp ****     void Reset() { z1 = 0.0f; z2 = 0.0f; }
 3345              		.loc 15 83 34 is_stmt 0 view .LVU959
 3346 00b4 43F8042C 		str	r2, [r3, #-4]	@ float
 3347              	.LVL157:
  83:daisy_formant.cpp ****     void Reset() { z1 = 0.0f; z2 = 0.0f; }
 3348              		.loc 15 83 34 view .LVU960
 3349              	.LBE1108:
 3350              	.LBE1107:
 3351              	.LBE1110:
 3352              	.LBE1112:
  99:daisy_formant.cpp **** static Bq resonL[N_FORMANTS];   // formant cascade — left
 3353              		.loc 15 99 28 is_stmt 1 view .LVU961
  99:daisy_formant.cpp **** static Bq resonL[N_FORMANTS];   // formant cascade — left
 3354              		.loc 15 99 28 view .LVU962
ARM GAS  /var/folders/1b/1q9m9h2n5vq5b3524jm_htnw0000gn/T//ccCPcNPR.s 			page 104


 3355 00b8 EBD1     		bne	.L55
 3356 00ba 154B     		ldr	r3, .L60+36
 3357 00bc 03F18C00 		add	r0, r3, #140
 3358              	.L56:
 3359              	.LVL158:
 3360              	.LBB1113:
 3361              	.LBI1113:
  71:daisy_formant.cpp ****     Bq() {
 3362              		.loc 15 71 5 view .LVU963
 3363              	.LBB1114:
  72:daisy_formant.cpp ****         b0 = 1.0f; b1 = 0.0f; b2 = 0.0f;
 3364              		.loc 15 72 9 view .LVU964
 3365              	.LBE1114:
 3366              	.LBE1113:
 100:daisy_formant.cpp **** static Bq resonR[N_FORMANTS];   // formant cascade — right
 3367              		.loc 15 100 28 is_stmt 0 view .LVU965
 3368 00c0 1C33     		adds	r3, r3, #28
 3369              	.LVL159:
 3370              	.LBB1119:
 3371              	.LBB1117:
  72:daisy_formant.cpp ****         b0 = 1.0f; b1 = 0.0f; b2 = 0.0f;
 3372              		.loc 15 72 23 view .LVU966
 3373 00c2 0022     		movs	r2, #0
  72:daisy_formant.cpp ****         b0 = 1.0f; b1 = 0.0f; b2 = 0.0f;
 3374              		.loc 15 72 12 view .LVU967
 3375 00c4 4FF07E51 		mov	r1, #1065353216
 3376              	.LBE1117:
 3377              	.LBE1119:
 100:daisy_formant.cpp **** static Bq resonR[N_FORMANTS];   // formant cascade — right
 3378              		.loc 15 100 28 view .LVU968
 3379 00c8 8342     		cmp	r3, r0
 3380              	.LBB1120:
 3381              	.LBB1118:
  72:daisy_formant.cpp ****         b0 = 1.0f; b1 = 0.0f; b2 = 0.0f;
 3382              		.loc 15 72 23 view .LVU969
 3383 00ca 43F8182C 		str	r2, [r3, #-24]	@ float
  72:daisy_formant.cpp ****         b0 = 1.0f; b1 = 0.0f; b2 = 0.0f;
 3384              		.loc 15 72 34 view .LVU970
 3385 00ce 43F8142C 		str	r2, [r3, #-20]	@ float
  72:daisy_formant.cpp ****         b0 = 1.0f; b1 = 0.0f; b2 = 0.0f;
 3386              		.loc 15 72 12 view .LVU971
 3387 00d2 43F81C1C 		str	r1, [r3, #-28]	@ float
  72:daisy_formant.cpp ****         b0 = 1.0f; b1 = 0.0f; b2 = 0.0f;
 3388              		.loc 15 72 20 is_stmt 1 view .LVU972
  72:daisy_formant.cpp ****         b0 = 1.0f; b1 = 0.0f; b2 = 0.0f;
 3389              		.loc 15 72 31 view .LVU973
  73:daisy_formant.cpp ****         a1 = 0.0f; a2 = 0.0f;
 3390              		.loc 15 73 9 view .LVU974
  73:daisy_formant.cpp ****         a1 = 0.0f; a2 = 0.0f;
 3391              		.loc 15 73 12 is_stmt 0 view .LVU975
 3392 00d6 43F8102C 		str	r2, [r3, #-16]	@ float
  73:daisy_formant.cpp ****         a1 = 0.0f; a2 = 0.0f;
 3393              		.loc 15 73 20 is_stmt 1 view .LVU976
  73:daisy_formant.cpp ****         a1 = 0.0f; a2 = 0.0f;
 3394              		.loc 15 73 23 is_stmt 0 view .LVU977
 3395 00da 43F80C2C 		str	r2, [r3, #-12]	@ float
  74:daisy_formant.cpp ****         Reset();
ARM GAS  /var/folders/1b/1q9m9h2n5vq5b3524jm_htnw0000gn/T//ccCPcNPR.s 			page 105


 3396              		.loc 15 74 9 is_stmt 1 view .LVU978
 3397              	.LBB1115:
 3398              	.LBI1115:
  83:daisy_formant.cpp ****     void Reset() { z1 = 0.0f; z2 = 0.0f; }
 3399              		.loc 15 83 10 view .LVU979
 3400              	.LBB1116:
  83:daisy_formant.cpp ****     void Reset() { z1 = 0.0f; z2 = 0.0f; }
 3401              		.loc 15 83 20 view .LVU980
  83:daisy_formant.cpp ****     void Reset() { z1 = 0.0f; z2 = 0.0f; }
 3402              		.loc 15 83 23 is_stmt 0 view .LVU981
 3403 00de 43F8082C 		str	r2, [r3, #-8]	@ float
  83:daisy_formant.cpp ****     void Reset() { z1 = 0.0f; z2 = 0.0f; }
 3404              		.loc 15 83 31 is_stmt 1 view .LVU982
  83:daisy_formant.cpp ****     void Reset() { z1 = 0.0f; z2 = 0.0f; }
 3405              		.loc 15 83 34 is_stmt 0 view .LVU983
 3406 00e2 43F8042C 		str	r2, [r3, #-4]	@ float
 3407              	.LVL160:
  83:daisy_formant.cpp ****     void Reset() { z1 = 0.0f; z2 = 0.0f; }
 3408              		.loc 15 83 34 view .LVU984
 3409              	.LBE1116:
 3410              	.LBE1115:
 3411              	.LBE1118:
 3412              	.LBE1120:
 100:daisy_formant.cpp **** static Bq resonR[N_FORMANTS];   // formant cascade — right
 3413              		.loc 15 100 28 is_stmt 1 view .LVU985
 100:daisy_formant.cpp **** static Bq resonR[N_FORMANTS];   // formant cascade — right
 3414              		.loc 15 100 28 view .LVU986
 3415 00e6 EBD1     		bne	.L56
 3416              	.LBE1121:
 3417              	.LBE1122:
 3418              		.loc 15 304 1 is_stmt 0 view .LVU987
 3419 00e8 38BD     		pop	{r3, r4, r5, pc}
 3420              	.L61:
 3421 00ea 00BF     		.align	2
 3422              	.L60:
 3423 00ec 00000000 		.word	_ZL3pod
 3424 00f0 0080707F 		.word	2138079232
 3425 00f4 00000000 		.word	__dso_handle
 3426 00f8 00000000 		.word	_ZN5daisy8DaisyPodD1Ev
 3427 00fc 00000000 		.word	.LANCHOR4
 3428 0100 00000000 		.word	.LANCHOR3
 3429 0104 00000000 		.word	.LANCHOR8
 3430 0108 00000000 		.word	.LANCHOR5
 3431 010c 00000000 		.word	.LANCHOR9
 3432 0110 00000000 		.word	.LANCHOR6
 3433              		.cfi_endproc
 3434              	.LFE5451:
 3436              		.section	.init_array,"aw",%init_array
 3437              		.align	2
 3438 0000 00000000 		.word	_GLOBAL__sub_I__Z9DesignBPFPffff(target1)
 3439              		.section	.bss._ZL2k2,"aw",%nobits
 3440              		.align	2
 3441              		.set	.LANCHOR2,. + 0
 3444              	_ZL2k2:
 3445 0000 00000000 		.space	4
 3446              		.section	.bss._ZL3pod,"aw",%nobits
 3447              		.align	2
ARM GAS  /var/folders/1b/1q9m9h2n5vq5b3524jm_htnw0000gn/T//ccCPcNPR.s 			page 106


 3450              	_ZL3pod:
 3451 0000 00000000 		.space	37600
 3451      00000000 
 3451      00000000 
 3451      00000000 
 3451      00000000 
 3452              		.section	.bss._ZL4wahL,"aw",%nobits
 3453              		.align	2
 3454              		.set	.LANCHOR3,. + 0
 3457              	_ZL4wahL:
 3458 0000 00000000 		.space	28
 3458      00000000 
 3458      00000000 
 3458      00000000 
 3458      00000000 
 3459              		.section	.bss._ZL4wahR,"aw",%nobits
 3460              		.align	2
 3461              		.set	.LANCHOR4,. + 0
 3464              	_ZL4wahR:
 3465 0000 00000000 		.space	28
 3465      00000000 
 3465      00000000 
 3465      00000000 
 3465      00000000 
 3466              		.section	.bss._ZL6resonL,"aw",%nobits
 3467              		.align	2
 3468              		.set	.LANCHOR5,. + 0
 3471              	_ZL6resonL:
 3472 0000 00000000 		.space	140
 3472      00000000 
 3472      00000000 
 3472      00000000 
 3472      00000000 
 3473              		.section	.bss._ZL6resonR,"aw",%nobits
 3474              		.align	2
 3475              		.set	.LANCHOR6,. + 0
 3478              	_ZL6resonR:
 3479 0000 00000000 		.space	140
 3479      00000000 
 3479      00000000 
 3479      00000000 
 3479      00000000 
 3480              		.section	.bss._ZL6shelfL,"aw",%nobits
 3481              		.align	2
 3482              		.set	.LANCHOR8,. + 0
 3485              	_ZL6shelfL:
 3486 0000 00000000 		.space	28
 3486      00000000 
 3486      00000000 
 3486      00000000 
 3486      00000000 
 3487              		.section	.bss._ZL6shelfR,"aw",%nobits
 3488              		.align	2
 3489              		.set	.LANCHOR9,. + 0
 3492              	_ZL6shelfR:
 3493 0000 00000000 		.space	28
 3493      00000000 
ARM GAS  /var/folders/1b/1q9m9h2n5vq5b3524jm_htnw0000gn/T//ccCPcNPR.s 			page 107


 3493      00000000 
 3493      00000000 
 3493      00000000 
 3494              		.section	.data._ZL2k1,"aw"
 3495              		.align	2
 3496              		.set	.LANCHOR1,. + 0
 3499              	_ZL2k1:
 3500 0000 0000003F 		.word	1056964608
 3501              		.section	.rodata._ZL10FORMANT_BW,"a"
 3502              		.align	2
 3503              		.set	.LANCHOR7,. + 0
 3506              	_ZL10FORMANT_BW:
 3507 0000 00007042 		.word	1114636288
 3508 0004 0000B442 		.word	1119092736
 3509 0008 00001643 		.word	1125515264
 3510 000c 00004843 		.word	1128792064
 3511 0010 00007A43 		.word	1132068864
 3512              		.section	.rodata._ZL7VOWEL_F,"a"
 3513              		.align	2
 3514              		.set	.LANCHOR0,. + 0
 3517              	_ZL7VOWEL_F:
 3518 0000 00009643 		.word	1133903872
 3519 0004 00805944 		.word	1146716160
 3520 0008 00000C45 		.word	1158414336
 3521 000c 00C04645 		.word	1162264576
 3522 0010 00806D45 		.word	1164804096
 3523 0014 0000FA43 		.word	1140457472
 3524 0018 00007A44 		.word	1148846080
 3525 001c 00401C45 		.word	1159479296
 3526 0020 00404E45 		.word	1162756096
 3527 0024 00007A45 		.word	1165623296
 3528 0028 00004844 		.word	1145569280
 3529 002c 00009644 		.word	1150681088
 3530 0030 00401C45 		.word	1159479296
 3531 0034 00404E45 		.word	1162756096
 3532 0038 00007A45 		.word	1165623296
 3533 003c 00001644 		.word	1142292480
 3534 0040 0080ED44 		.word	1156415488
 3535 0044 00802245 		.word	1159888896
 3536 0048 00404E45 		.word	1162756096
 3537 004c 00408345 		.word	1166229504
 3538 0050 00009643 		.word	1133903872
 3539 0054 00C00F45 		.word	1158660096
 3540 0058 00803B45 		.word	1161527296
 3541 005c 00006145 		.word	1163984896
 3542 0060 00608645 		.word	1166434304
 3543              		.text
 3544              	.Letext0:
 3545              		.file 21 "/Library/DaisyToolchain/0.2.0/arm/arm-none-eabi/include/machine/_default_types.h"
 3546              		.file 22 "/Library/DaisyToolchain/0.2.0/arm/arm-none-eabi/include/sys/_stdint.h"
 3547              		.file 23 "/Library/DaisyToolchain/0.2.0/arm/arm-none-eabi/include/stdint.h"
 3548              		.file 24 "/Library/DaisyToolchain/0.2.0/arm/lib/gcc/arm-none-eabi/10.3.1/include/stddef.h"
 3549              		.file 25 "/Library/DaisyToolchain/0.2.0/arm/arm-none-eabi/include/c++/10.3.1/cmath"
 3550              		.file 26 "/Library/DaisyToolchain/0.2.0/arm/arm-none-eabi/include/c++/10.3.1/bits/std_abs.h"
 3551              		.file 27 "/Library/DaisyToolchain/0.2.0/arm/arm-none-eabi/include/c++/10.3.1/cstdint"
 3552              		.file 28 "/Library/DaisyToolchain/0.2.0/arm/arm-none-eabi/include/c++/10.3.1/cstdlib"
 3553              		.file 29 "/Library/DaisyToolchain/0.2.0/arm/arm-none-eabi/include/c++/10.3.1/arm-none-eabi/thumb/v
ARM GAS  /var/folders/1b/1q9m9h2n5vq5b3524jm_htnw0000gn/T//ccCPcNPR.s 			page 108


 3554              		.file 30 "/Library/DaisyToolchain/0.2.0/arm/arm-none-eabi/include/c++/10.3.1/type_traits"
 3555              		.file 31 "/Library/DaisyToolchain/0.2.0/arm/arm-none-eabi/include/c++/10.3.1/debug/debug.h"
 3556              		.file 32 "/Library/DaisyToolchain/0.2.0/arm/arm-none-eabi/include/c++/10.3.1/cwchar"
 3557              		.file 33 "/Library/DaisyToolchain/0.2.0/arm/arm-none-eabi/include/c++/10.3.1/bits/stl_pair.h"
 3558              		.file 34 "/Library/DaisyToolchain/0.2.0/arm/arm-none-eabi/include/c++/10.3.1/bits/exception_ptr.h"
 3559              		.file 35 "/Library/DaisyToolchain/0.2.0/arm/arm-none-eabi/include/c++/10.3.1/clocale"
 3560              		.file 36 "/Library/DaisyToolchain/0.2.0/arm/arm-none-eabi/include/c++/10.3.1/cstdio"
 3561              		.file 37 "/Library/DaisyToolchain/0.2.0/arm/arm-none-eabi/include/c++/10.3.1/bits/basic_string.h"
 3562              		.file 38 "/Library/DaisyToolchain/0.2.0/arm/arm-none-eabi/include/c++/10.3.1/bits/stl_iterator.h"
 3563              		.file 39 "/Library/DaisyToolchain/0.2.0/arm/arm-none-eabi/include/c++/10.3.1/bits/algorithmfwd.h"
 3564              		.file 40 "/Library/DaisyToolchain/0.2.0/arm/arm-none-eabi/include/c++/10.3.1/cstring"
 3565              		.file 41 "/Library/DaisyToolchain/0.2.0/arm/arm-none-eabi/include/c++/10.3.1/initializer_list"
 3566              		.file 42 "/Library/DaisyToolchain/0.2.0/arm/arm-none-eabi/include/c++/10.3.1/cstdarg"
 3567              		.file 43 "/Library/DaisyToolchain/0.2.0/arm/arm-none-eabi/include/c++/10.3.1/bits/predefined_ops.h
 3568              		.file 44 "/Library/DaisyToolchain/0.2.0/arm/arm-none-eabi/include/sys/_types.h"
 3569              		.file 45 "/Library/DaisyToolchain/0.2.0/arm/arm-none-eabi/include/sys/reent.h"
 3570              		.file 46 "/Library/DaisyToolchain/0.2.0/arm/arm-none-eabi/include/sys/lock.h"
 3571              		.file 47 "/Library/DaisyToolchain/0.2.0/arm/arm-none-eabi/include/math.h"
 3572              		.file 48 "/Library/DaisyToolchain/0.2.0/arm/arm-none-eabi/include/stdlib.h"
 3573              		.file 49 "/Library/DaisyToolchain/0.2.0/arm/arm-none-eabi/include/c++/10.3.1/math.h"
 3574              		.file 50 "../../DaisySP/Source/Control/adenv.h"
 3575              		.file 51 "/Library/DaisyToolchain/0.2.0/arm/lib/gcc/arm-none-eabi/10.3.1/include/stdarg.h"
 3576              		.file 52 "/Library/DaisyToolchain/0.2.0/arm/arm-none-eabi/include/wchar.h"
 3577              		.file 53 "/Library/DaisyToolchain/0.2.0/arm/arm-none-eabi/include/locale.h"
 3578              		.file 54 "/Library/DaisyToolchain/0.2.0/arm/arm-none-eabi/include/stdio.h"
 3579              		.file 55 "/Library/DaisyToolchain/0.2.0/arm/arm-none-eabi/include/c++/10.3.1/stdlib.h"
 3580              		.file 56 "/Library/DaisyToolchain/0.2.0/arm/arm-none-eabi/include/string.h"
 3581              		.file 57 "../../libDaisy/src/daisy_core.h"
 3582              		.file 58 "../../libDaisy/src/per/tim.h"
 3583              		.file 59 "../../libDaisy/src/hid/MidiEvent.h"
 3584              		.file 60 "../../libDaisy/src/util/wav_format.h"
 3585              		.file 61 "../../libDaisy/src/util/color.h"
 3586              		.file 62 "../../libDaisy/src/dev/max11300.h"
 3587              		.file 63 "../../libDaisy/src/per/gpio.h"
 3588              		.file 64 "../../libDaisy/src/dev/sdram.h"
 3589              		.file 65 "../../libDaisy/src/dev/sr_595.h"
 3590              		.file 66 "<built-in>"
ARM GAS  /var/folders/1b/1q9m9h2n5vq5b3524jm_htnw0000gn/T//ccCPcNPR.s 			page 109


DEFINED SYMBOLS
                            *ABS*:0000000000000000 daisy_formant.cpp
/var/folders/1b/1q9m9h2n5vq5b3524jm_htnw0000gn/T//ccCPcNPR.s:19     .text._ZN5daisy8DaisyPodD2Ev:0000000000000000 $t
/var/folders/1b/1q9m9h2n5vq5b3524jm_htnw0000gn/T//ccCPcNPR.s:26     .text._ZN5daisy8DaisyPodD2Ev:0000000000000000 _ZN5daisy8DaisyPodD2Ev
/var/folders/1b/1q9m9h2n5vq5b3524jm_htnw0000gn/T//ccCPcNPR.s:26     .text._ZN5daisy8DaisyPodD2Ev:0000000000000000 _ZN5daisy8DaisyPodD1Ev
/var/folders/1b/1q9m9h2n5vq5b3524jm_htnw0000gn/T//ccCPcNPR.s:170    .text._Z9DesignBPFPffff:0000000000000000 $t
/var/folders/1b/1q9m9h2n5vq5b3524jm_htnw0000gn/T//ccCPcNPR.s:177    .text._Z9DesignBPFPffff:0000000000000000 _Z9DesignBPFPffff
/var/folders/1b/1q9m9h2n5vq5b3524jm_htnw0000gn/T//ccCPcNPR.s:291    .text._Z9DesignBPFPffff:0000000000000090 $d
/var/folders/1b/1q9m9h2n5vq5b3524jm_htnw0000gn/T//ccCPcNPR.s:297    .text._Z15DesignResonatorPffff:0000000000000000 $t
/var/folders/1b/1q9m9h2n5vq5b3524jm_htnw0000gn/T//ccCPcNPR.s:304    .text._Z15DesignResonatorPffff:0000000000000000 _Z15DesignResonatorPffff
/var/folders/1b/1q9m9h2n5vq5b3524jm_htnw0000gn/T//ccCPcNPR.s:410    .text._Z15DesignResonatorPffff:0000000000000078 $d
/var/folders/1b/1q9m9h2n5vq5b3524jm_htnw0000gn/T//ccCPcNPR.s:418    .text._Z15DesignHighShelfPffff:0000000000000000 $t
/var/folders/1b/1q9m9h2n5vq5b3524jm_htnw0000gn/T//ccCPcNPR.s:425    .text._Z15DesignHighShelfPffff:0000000000000000 _Z15DesignHighShelfPffff
/var/folders/1b/1q9m9h2n5vq5b3524jm_htnw0000gn/T//ccCPcNPR.s:616    .text._Z15DesignHighShelfPffff:0000000000000108 $d
/var/folders/1b/1q9m9h2n5vq5b3524jm_htnw0000gn/T//ccCPcNPR.s:624    .text._Z14InterpFormantsfPf:0000000000000000 $t
/var/folders/1b/1q9m9h2n5vq5b3524jm_htnw0000gn/T//ccCPcNPR.s:631    .text._Z14InterpFormantsfPf:0000000000000000 _Z14InterpFormantsfPf
/var/folders/1b/1q9m9h2n5vq5b3524jm_htnw0000gn/T//ccCPcNPR.s:754    .text._Z14InterpFormantsfPf:0000000000000060 $d
/var/folders/1b/1q9m9h2n5vq5b3524jm_htnw0000gn/T//ccCPcNPR.s:760    .text._Z11UpdateKnobsv:0000000000000000 $t
/var/folders/1b/1q9m9h2n5vq5b3524jm_htnw0000gn/T//ccCPcNPR.s:767    .text._Z11UpdateKnobsv:0000000000000000 _Z11UpdateKnobsv
/var/folders/1b/1q9m9h2n5vq5b3524jm_htnw0000gn/T//ccCPcNPR.s:1166   .text._Z11UpdateKnobsv:0000000000000138 $d
/var/folders/1b/1q9m9h2n5vq5b3524jm_htnw0000gn/T//ccCPcNPR.s:3450   .bss._ZL3pod:0000000000000000 _ZL3pod
/var/folders/1b/1q9m9h2n5vq5b3524jm_htnw0000gn/T//ccCPcNPR.s:1187   .text._Z13AudioCallbackPKfPfj:0000000000000000 $t
/var/folders/1b/1q9m9h2n5vq5b3524jm_htnw0000gn/T//ccCPcNPR.s:1194   .text._Z13AudioCallbackPKfPfj:0000000000000000 _Z13AudioCallbackPKfPfj
/var/folders/1b/1q9m9h2n5vq5b3524jm_htnw0000gn/T//ccCPcNPR.s:2129   .text._Z13AudioCallbackPKfPfj:0000000000000254 $d
/var/folders/1b/1q9m9h2n5vq5b3524jm_htnw0000gn/T//ccCPcNPR.s:2145   .text._Z8Controlsv:0000000000000000 $t
/var/folders/1b/1q9m9h2n5vq5b3524jm_htnw0000gn/T//ccCPcNPR.s:2152   .text._Z8Controlsv:0000000000000000 _Z8Controlsv
/var/folders/1b/1q9m9h2n5vq5b3524jm_htnw0000gn/T//ccCPcNPR.s:2185   .text._Z8Controlsv:0000000000000018 $d
/var/folders/1b/1q9m9h2n5vq5b3524jm_htnw0000gn/T//ccCPcNPR.s:2190   .text.startup.main:0000000000000000 $t
/var/folders/1b/1q9m9h2n5vq5b3524jm_htnw0000gn/T//ccCPcNPR.s:2197   .text.startup.main:0000000000000000 main
/var/folders/1b/1q9m9h2n5vq5b3524jm_htnw0000gn/T//ccCPcNPR.s:2713   .text.startup.main:0000000000000158 $d
/var/folders/1b/1q9m9h2n5vq5b3524jm_htnw0000gn/T//ccCPcNPR.s:2734   .text.startup._GLOBAL__sub_I__Z9DesignBPFPffff:0000000000000000 $t
/var/folders/1b/1q9m9h2n5vq5b3524jm_htnw0000gn/T//ccCPcNPR.s:2740   .text.startup._GLOBAL__sub_I__Z9DesignBPFPffff:0000000000000000 _GLOBAL__sub_I__Z9DesignBPFPffff
/var/folders/1b/1q9m9h2n5vq5b3524jm_htnw0000gn/T//ccCPcNPR.s:3423   .text.startup._GLOBAL__sub_I__Z9DesignBPFPffff:00000000000000ec $d
/var/folders/1b/1q9m9h2n5vq5b3524jm_htnw0000gn/T//ccCPcNPR.s:3437   .init_array:0000000000000000 $d
/var/folders/1b/1q9m9h2n5vq5b3524jm_htnw0000gn/T//ccCPcNPR.s:3440   .bss._ZL2k2:0000000000000000 $d
/var/folders/1b/1q9m9h2n5vq5b3524jm_htnw0000gn/T//ccCPcNPR.s:3444   .bss._ZL2k2:0000000000000000 _ZL2k2
/var/folders/1b/1q9m9h2n5vq5b3524jm_htnw0000gn/T//ccCPcNPR.s:3447   .bss._ZL3pod:0000000000000000 $d
/var/folders/1b/1q9m9h2n5vq5b3524jm_htnw0000gn/T//ccCPcNPR.s:3453   .bss._ZL4wahL:0000000000000000 $d
/var/folders/1b/1q9m9h2n5vq5b3524jm_htnw0000gn/T//ccCPcNPR.s:3457   .bss._ZL4wahL:0000000000000000 _ZL4wahL
/var/folders/1b/1q9m9h2n5vq5b3524jm_htnw0000gn/T//ccCPcNPR.s:3460   .bss._ZL4wahR:0000000000000000 $d
/var/folders/1b/1q9m9h2n5vq5b3524jm_htnw0000gn/T//ccCPcNPR.s:3464   .bss._ZL4wahR:0000000000000000 _ZL4wahR
/var/folders/1b/1q9m9h2n5vq5b3524jm_htnw0000gn/T//ccCPcNPR.s:3467   .bss._ZL6resonL:0000000000000000 $d
/var/folders/1b/1q9m9h2n5vq5b3524jm_htnw0000gn/T//ccCPcNPR.s:3471   .bss._ZL6resonL:0000000000000000 _ZL6resonL
/var/folders/1b/1q9m9h2n5vq5b3524jm_htnw0000gn/T//ccCPcNPR.s:3474   .bss._ZL6resonR:0000000000000000 $d
/var/folders/1b/1q9m9h2n5vq5b3524jm_htnw0000gn/T//ccCPcNPR.s:3478   .bss._ZL6resonR:0000000000000000 _ZL6resonR
/var/folders/1b/1q9m9h2n5vq5b3524jm_htnw0000gn/T//ccCPcNPR.s:3481   .bss._ZL6shelfL:0000000000000000 $d
/var/folders/1b/1q9m9h2n5vq5b3524jm_htnw0000gn/T//ccCPcNPR.s:3485   .bss._ZL6shelfL:0000000000000000 _ZL6shelfL
/var/folders/1b/1q9m9h2n5vq5b3524jm_htnw0000gn/T//ccCPcNPR.s:3488   .bss._ZL6shelfR:0000000000000000 $d
/var/folders/1b/1q9m9h2n5vq5b3524jm_htnw0000gn/T//ccCPcNPR.s:3492   .bss._ZL6shelfR:0000000000000000 _ZL6shelfR
/var/folders/1b/1q9m9h2n5vq5b3524jm_htnw0000gn/T//ccCPcNPR.s:3495   .data._ZL2k1:0000000000000000 $d
/var/folders/1b/1q9m9h2n5vq5b3524jm_htnw0000gn/T//ccCPcNPR.s:3499   .data._ZL2k1:0000000000000000 _ZL2k1
/var/folders/1b/1q9m9h2n5vq5b3524jm_htnw0000gn/T//ccCPcNPR.s:3502   .rodata._ZL10FORMANT_BW:0000000000000000 $d
/var/folders/1b/1q9m9h2n5vq5b3524jm_htnw0000gn/T//ccCPcNPR.s:3506   .rodata._ZL10FORMANT_BW:0000000000000000 _ZL10FORMANT_BW
/var/folders/1b/1q9m9h2n5vq5b3524jm_htnw0000gn/T//ccCPcNPR.s:3513   .rodata._ZL7VOWEL_F:0000000000000000 $d
/var/folders/1b/1q9m9h2n5vq5b3524jm_htnw0000gn/T//ccCPcNPR.s:3517   .rodata._ZL7VOWEL_F:0000000000000000 _ZL7VOWEL_F
                           .group:0000000000000000 _ZN5daisy8DaisyPodD5Ev

ARM GAS  /var/folders/1b/1q9m9h2n5vq5b3524jm_htnw0000gn/T//ccCPcNPR.s 			page 110


UNDEFINED SYMBOLS
sinf
cosf
expf
powf
sqrtf
_ZN5daisy13AnalogControl7ProcessEv
_ZN5daisy8DaisyPod15AudioSampleRateEv
_ZN5daisy8DaisyPod21ProcessAnalogControlsEv
_ZN5daisy8DaisyPod22ProcessDigitalControlsEv
_ZN5daisy8DaisyPod4InitEb
_ZN5daisy8DaisyPod17SetAudioBlockSizeEj
_ZN5daisy8DaisyPod8StartAdcEv
_ZN5daisy8DaisyPod10StartAudioEPFvPKfPfjE
_ZN5daisy17MidiUartTransport6ConfigC1Ev
__aeabi_atexit
__dso_handle
