:020000040800F2
:10000000000002205909000855090008215900087C
:1000100055090008550900085509000800000000AE
:10002000000000000000000000000000550900086A
:10003000550900080000000055090008A5580008EF
:100040005509000855090008550900085509000818
:100050005509000855090008550900085509000808
:100060005509000855090008550900080145000810
:100070000D450008613200081945000825450008B3
:100080006D5300082D3A000855090008550900086D
:1000900055090008550900085509000855090008C8
:1000A00055090008550900085509000855090008B8
:1000B000590B0108650B0108710B0108613A000832
:1000C000550900086D3A000855090008C9030108E0
:1000D000D5030108A1510008CD51000801520008C4
:1000E00055090008550900080000000055090008DE
:1000F0005509000855090008550900085509000868
:1001000055090008550900087D0B0108E1030108A5
:1001100035520008695200085509000855090008C1
:1001200055090008550900080504010839040108AB
:10013000A153000855090008550900085509000891
:1001400000000000000000000000000000000000AF
:100150005509000855090008550900089D52000876
:10016000793A000855090008B5580008D958000820
:1001700055090008FD5800085509000855090008F0
:100180005509000855090008D15200080553000818
:10019000ED030108F9030108550900085509000895
:1001A00055090008550900085509000855090008B7
:1001B00021420008550900085509000855090008A2
:1001C0005509000855090008550900085509000897
:1001D0005509000855090008550900085509000887
:1001E0005509000855090008550900085509000877
:1001F0005509000855090008550900085509000867
:100200005509000855090008550900085509000856
:100210005509000855090008550900085509000846
:10022000550900085509000855090008000000009C
:10023000550900085509000800000000550900088C
:100240005509000855090008550900085509000816
:100250005509000855090008550900085509000806
:1002600055090008550900085509000855090008F6
:10027000550900085509000839530008000000001E
:10028000550900085509000855090008000000003C
:08029000000000005509000800
:1002980010B5054C237833B9044B13B10448AFF3B8
:1002A80000800123237010BDE80300240000000033
:1002B800982D010808B5034B1BB103490348AFF358
:1002C800008008BD00000000EC030024982D010800
:1002D80081F0004102E000BF83F0004330B54FEAEF
:1002E80041044FEA430594EA050F08BF90EA020F5C
:1002F8001FBF54EA000C55EA020C7FEA645C7FEAEF
:10030800655C00F0E2804FEA5454D4EB5555B8BF11
:100318006D420CDD2C4480EA020281EA030382EA82
:10032800000083EA010180EA020281EA0303362D14
:1003380088BF30BD11F0004F4FEA01314FF4801CE7
:100348004CEA113102D0404261EB410113F0004FF9
:100358004FEA03334CEA133302D0524263EB4303B0
:1003680094EA050F00F0A780A4F10104D5F1200E4E
:100378000DDB02FA0EFC22FA05F2801841F10001A9
:1003880003FA0EF2801843FA05F359410EE0A5F17D
:1003980020050EF1200E012A03FA0EFC28BF4CF0AE
:1003A800020C43FA05F3C01851EBE37101F0004564
:1003B80007D54FF0000EDCF1000C7EEB00006EEB71
:1003C8000101B1F5801F1BD3B1F5001F0CD34908FB
:1003D8005FEA30004FEA3C0C04F101044FEA445252
:1003E80012F5800F80F09A80BCF1004F08BF5FEAD9
:1003F800500C50F1000041EB045141EA050130BDB9
:100408005FEA4C0C404141EB0101013C28BFB1F5CA
:10041800801FE9D291F0000F04BF01460020B1FA15
:1004280081F308BF2033A3F10B03B3F120020CDAE8
:100438000C3208DD02F1140CC2F10C0201FA0CF0C6
:1004480021FA02F10CE002F11402D8BFC2F1200C2B
:1004580001FA02F120FA0CFCDCBF41EA0C019040E1
:10046800E41AA2BF01EB0451294330BD6FEA04042A
:100478001F3C1CDA0C340EDC04F11404C4F1200215
:1004880020FA04F001FA02F340EA030021FA04F327
:1004980045EA030130BDC4F10C04C4F1200220FA7E
:1004A80002F001FA04F340EA0300294630BD21FABC
:1004B80004F0294630BD94F0000F83F4801306BF82
:1004C80081F480110134013D4EE77FEA645C18BF76
:1004D8007FEA655C29D094EA050F08BF90EA020F0D
:1004E80005D054EA000C04BF1946104630BD91EA05
:1004F800030F1EBF0021002030BD5FEA545C05D108
:100508004000494128BF41F0004130BD14F5800446
:100518003CBF01F5801130BD01F0004545F0FE41BA
:1005280041F470014FF0000030BD7FEA645C1ABFEF
:10053800194610467FEA655C1CBF0B46024650EA26
:10054800013406BF52EA033591EA030F41F4002152
:1005580030BD00BF90F0000F04BF0021704730B5D8
:100568004FF4806404F132044FF000054FF00001AD
:1005780050E700BF90F0000F04BF0021704730B56E
:100588004FF4806404F1320410F0004548BF404243
:100598004FF000013EE700BF42004FEAE2014FEA98
:1005A80031014FEA02701FBF12F07F4393F07F4F73
:1005B80081F06051704732F07F4208BF704793F076
:1005C8007F4F04BF41F40021704730B54FF4607489
:1005D80001F0004521F000411CE700BF50EA01028C
:1005E80008BF704730B54FF000050AE050EA010235
:1005F80008BF704730B511F0004502D5404261EBA5
:1006080041014FF4806404F132045FEA915C3FF4E5
:10061800D8AE4FF003025FEADC0C18BF03325FEA82
:10062800DC0C18BF033202EBDC02C2F1200300FA33
:1006380003FC20FA02F001FA03FE40EA0E0021FA58
:1006480002F11444BDE600BF53B94AB9002908BFF6
:1006580000281CBF4FF0FF314FF0FF3000F074B995
:10066800ADF1080C6DE904CE00F006F8DDF804E001
:10067800DDE9022304B070472DE9F047089D0446E0
:100688008E46002B4DD18A42944669D9B2FA82F23D
:1006980052B101FA02F3C2F1200120FA01F10CFA79
:1006A80002FC41EA030E94404FEA1C48210CBEFBB1
:1006B800F8F61FFA8CF708FB16E341EA034306FB3A
:1006C80007F199420AD91CEB030306F1FF3080F0C9
:1006D8001F81994240F21C81023E63445B1AA4B216
:1006E800B3FBF8F008FB103344EA034400FB07F7B8
:1006F800A7420AD91CEB040400F1FF3380F00A81F9
:10070800A74240F207816444023840EA0640E41BED
:1007180000261DB1D4400023C5E900433146BDE899
:10072800F0878B4209D9002D00F0EF800026C5E93B
:10073800000130463146BDE8F087B3FA83F6002E53
:100748004AD18B4202D3824200F2F980841A61EBCB
:10075800030301209E46002DE0D0C5E9004EDDE7E9
:1007680002B9FFDEB2FA82F2002A40F09280A1EBD1
:100778000C014FEA1C471FFA8CFE0126200CB1FB26
:10078800F7F307FB131140EA01410EFB03F088421F
:1007980008D91CEB010103F1FF3802D2884200F2AC
:1007A800CB804346091AA4B2B1FBF7F007FB10113E
:1007B80044EA01440EFB00FEA64508D91CEB0404DC
:1007C80000F1FF3102D2A64500F2BB800846A4EB37
:1007D8000E0440EA03409CE7C6F12007B34022FA22
:1007E80007FC4CEA030C20FA07F401FA06F31C4351
:1007F800F9404FEA1C4900FA06F3B1FBF9F8200C5E
:100808001FFA8CFE09FB181140EA014108FB0EF0A3
:10081800884202FA06F20BD91CEB010108F1FF3AF3
:1008280080F08880884240F28580A8F102086144FF
:10083800091AA4B2B1FBF9F009FB101144EA01410D
:1008480000FB0EFE8E4508D91CEB010100F1FF34B8
:100858006CD28E456AD90238614440EA0840A0FB50
:100868000294A1EB0E01A142C846A64656D353D026
:100878005DB1B3EB080261EB0E0101FA07F722FA4A
:1008880006F3F1401F43C5E9007100263146BDE873
:10089800F087C2F12003D8400CFA02FC21FA03F3D6
:1008A800914001434FEA1C471FFA8CFEB3FBF7F057
:1008B80007FB10360B0C43EA064300FB0EF69E427C
:1008C80004FA02F408D91CEB030300F1FF382FD215
:1008D8009E422DD9023863449B1B89B2B3FBF7F6BD
:1008E80007FB163341EA034106FB0EF38B4208D996
:1008F8001CEB010106F1FF3816D28B4214D9023ED7
:100908006144C91A46EA004638E72E46284605E7F4
:100918000646E3E61846F8E64B45A9D2B9EB0208C5
:1009280064EB0C0E0138A3E74646EAE7204694E755
:100938004046D1E7D0467BE7023B614432E7304688
:1009480009E76444023842E7704700BFFEE700BF8A
:100958000B480C4A904203D0121A0B4911F078FE4A
:100968000A480B4A904203D0121A002111F07EFE69
:1009780005F02AFA11F048FE00F04EFBFEE700BF32
:1009880000000024E4030024C82D0108E803002423
:1009980098C50024704700BF9FED236BB7EEC07A5F
:1009A800B7EEC11A27EE067B10B52DED048B87EE46
:1009B800019B0446B0EE608AF7EE008A38EE088A9A
:1009C800B7EEC99BB0EE490A11F0DEFCF0EE407AB2
:1009D800B0EE490A0023B6EE007A87EE889A636083
:1009E80027EE876A67EEC77A39EE288A78EEC98AD1
:1009F80087EE887AC6EE086A84ED027AC4ED006A4A
:100A080011F08EF9F8EE007A88EE887A20EE270A3F
:100A1800C0EE087ABDEC048B84ED047AC4ED037A49
:100A280010BD00BFAFF30080182D4454FB211940BE
:100A380010B5DFED437A04462DED048BF0EE408AC5
:100A4800C0EEA70AB2EE040AB0EE419A11F008FB14
:100A5800B7EEE87AB0EE408AB7EEC99A9FED366BEA
:100A680027EE067B87EE090BF7EEC09BB0EE690A0E
:100A780011F056F9B5EE408AB0EE409AF1EE10FA50
:100A880052D4F1EEC88AB0EE690A11F07DFCF7EE97
:100A9800007AB8EE006A9FED2B4AB6EE007A78EE3F
:100AA800275A28EE065A78EE677AB0EE656AF0EEB5
:100AB800654A20EE077AA7EE896AE7EEC94A78EE1A
:100AC800A86A27EE047AF0EE673AE5EEC97AB0EE46
:100AD800464AE5EE893AA6EEC76AA6EE874AF0EEE0
:100AE800645AE6EEC74A77EEA77AE6EE875A25EE0D
:100AF800237A64EE086A26EE088A87EE254A87EE8E
:100B0800A55A84EEA56AC8EE257A84ED014A86EED8
:100B1800A57A84ED035ABDEC048B84ED046AC4ED18
:100B2800027A84ED007A10BDB0EE480A11F032FD69
:100B3800F0EE408AA7E700BF182D4454FB21194066
:100B480000002042F304B53FF1EE007A9FED167ADB
:100B5800F7EE006A154B80FE070AC0FE666A66EE6D
:100B6800A76AFDEEE67A17EE902A032AA8BF0322A9
:100B780002EB820107EE902A03EB8102F8EEE77A96
:100B880000F11401134676EEE76A1433F2EC017AA9
:100B9800B3EC017A37EE677AE7EE267AE0EC017A71
:100BA8008842F3D1704700BF00000000DC2601082E
:100BB8002DE9F0415A485B4D5B4C5C4F2DED048BA1
:100BC8008AB09FED5B8A01F04DFF5A4885ED000A17
:100BD80001F048FF58480DF1280884ED000A00F09C
:100BE8008BFB95ED007AB0EE409ADFED547AB0EECB
:100BF800401A6846F1EE000AA7EE278AB0EE480AC6
:100C0800FFF7CAFE4E4A4F4B02980399009D94ED98
:100C1800000A9060019CD160986005A8D960049989
:100C28000646156054601D605C6011611961FFF72C
:100C38008BFF9FED457AB7EEC99ADDED067A38EE5F
:100C4800478ADFED426A424D424C9FED437AE8EE17
:100C5800267A9FED426ADFED426AC7FE867AC7FEB2
:100C6800E67ACDED067AB7EEC77AB6EC018A1C357E
:100C78001C349FED276B27EE067B87EE090BB7EE3A
:100C8800C00B11F07BF9B7EEC87AB0EE408A9FED41
:100C9800226B27EE067B87EE090BB7EEC00B11F02F
:100CA8003FF8F8EE006A28EE087A0023F7EE007A9B
:100CB800464528EE268A45F8183C45F8143C05EDCB
:100CC800037A28EE000A44F8183C44F8143C04ED72
:100CD800037A70EE277A019302938DED047A77EE0A
:100CE800877A05ED040A04ED040A8DED030A45ED43
:100CF800077A44ED077ACDED007A02D0B7EC017A95
:100D0800B1E70AB0BDEC048BBDE8F081AFF3008019
:100D1800182D4454FB2109C0182D4454FB211940B7
:100D2800700400240400002404040024CC260108D4
:100D38000000AF4390040024080400240060064526
:100D4800E896002404970024000096449A99193ED6
:100D580020970024AC9700240000704200009643BE
:100D680000C05A45F8B5154606469C480C462DED78
:100D7800028B00F0C7FA994800F0D0FAFFF718FF85
:100D8800002D00F02781964BB7EE001A9FED957A5B
:100D9800013DD3ED006AF2EE047A06F108076B080C
:100DA800A6EE871AB446A6468F4D07EBC3078F4CAD
:100DB8008F489049904E21EE271A9CED010ABFEE0C
:100DC800004AD4ED056AB7EE005AD4ED003A20EE99
:100DD800017A9CED008A95ED056AD5ED007A68EEFA
:100DE800014A87FE047A87FE457AE7EE236AD4ED46
:100DF800032AC4FE844AC4FEC54AA4EEA76AD0EDFD
:100E0800055AD0ED007AD5ED031A62EEE62AD4ED44
:100E1800018AD5ED010A91ED055AE7EE865AD0ED23
:100E2800037A61EEC61A90ED012AE7EE282AD1ED81
:100E3800008A95ED043AE4EEA01AD4ED043AA8EE3F
:100E4800A65A90ED044A67EEE57A6C4B23EE463AD3
:100E58006B4A24EE654AE2EE067A90ED022A63EECA
:100E6800E63AF0EE458A95ED025AF0EE610AD4EDC5
:100E7800021AA4EE853AD1ED034AE7EE213A90ED45
:100E8800067AA2EE064AD5ED061A94ED062A77EE02
:100E9800277A71EEA01A9FED5B7A72EE222A65EE30
:100EA800875A85ED063A64EEE84AC4ED063A80EDC5
:100EB800064A28EE877AC5ED051AC4ED052AC0ED65
:100EC800057AD1ED017A91ED045AE7EEA64ADFEDF5
:100ED8004E3A25EE685A91ED023AF0EE657A91EDB8
:100EE800064AA6EEA37AE6EE237AB0EE456A74EED9
:100EF800244AA3EE266AC1ED054A81ED066AD3EDC0
:100F0800005AB0EE673A93ED056AF0EE473AD2ED33
:100F1800056A1C33A5EEA76A13ED045A53ED060AB9
:100F28001C3253ED035A12ED062A53ED051A52ED01
:100F3800052AF0EE467A12ED076A13ED014AB3422C
:100F4800E7EE066A12ED046A25EE675A52ED014A89
:100F580065EEE75AA0EE835AE1EE835AB0EE667A60
:100F680052ED036A26EE476A66EEC76A34EE055A02
:100F780043ED015AA3EE826AE3EEA26A03ED025A38
:100F880034EE866A42ED016A02ED026AB7D19FED3E
:100F98001F6A0CF1080C9FED1E5A0EF1080E67EE41
:100FA800866ABC4567EE067AFFEE005AB7EE006A1D
:100FB800E8EE056AE0EE057AC6FEA56AC7FEA57AE0
:100FC80086FEC67AC7FEC67A0EED027A4EED017A23
:100FD8007FF4F3AEBDEC028BF8BD00BF080400241B
:100FE800040000249A99993E3898002454980024C3
:100FF800E896002404970024AC9700242097002446
:10100800AC970024CDCC4C3FCCCC4C3E3333733F13
:10101800D0CC4C3D000000002DE9F041002158489B
:10102800584D594F2DED048B8AB000F01BFA04215E
:1010380053480DF1280800F049F9514800F05CF9CF
:10104800B0EE409AF1EE080A9FED500A6846B0EEFD
:10105800491AFFF7EDFC4E4A4E4BB0EE491A01997A
:101068006846009CF1EE000A5160596002999FEDB4
:101078004A0A9160996003991460D160D960049913
:101088001C6011611961FFF787FC444A444B0299BF
:101098000198916099600399009C5060586005A878
:1010A800D160D960064604999FED3E0A14601C6021
:1010B80011611961FFF748FDB7EEC99A3A4C9FEDE7
:1010C8003B7AB7EEC77AB6EC018A1C351C349FED23
:1010D800286B27EE067B87EE090BB7EEC00B10F0E6
:1010E8004DFFB7EEC87AB0EE408A9FED236B27EE2E
:1010F800067B87EE090BB7EEC00B10F011FEF8EE79
:10110800006A28EE087A0023F7EE007A464528EEB2
:10111800268A45F8183C45F8143C05ED037A28EE74
:10112800000A44F8183C44F8143C04ED037A70EEC5
:10113800277A019302938DED047A77EE877A05ED8D
:10114800040A04ED040A8DED030A45ED077A44ED1F
:10115800077ACDED007A02D0B7EC017AB1E70848FA
:1011680000F0CCF81249064800F0AEF8FEE700BFE0
:10117800182D4454FB2109C0182D4454FB21194053
:101188000804002420970024CC26010800007A4493
:1011980038980024549800240000AF43E8960024AF
:1011A8000497002400000000AC970024000070425F
:1011B8006D0D000838B53A4C002504F5C07025605F
:1011C80065612562E56301F00BFD40F20F7304F5DC
:1011D8001471344AA4F83C3240F20113C4F838229E
:1011E8002046C4F84012304A3049C4F89051C4F837
:1011F8004C52C4E9913510F08DFD4FF07E54002219
:101208002B4B2C492C481C605A609A60DA601A6192
:101218005A619A61294B0C604A608A60CA600A6107
:101228004A618A610460264942608260C260026144
:101238004261826103F18C000C604A608A60CA6076
:101248000A614A618A611C3300224FF07E51834251
:1012580043F8182C43F8142C43F81C1C43F8102CA2
:1012680043F80C2C43F8082C43F8042CEBD1154B0D
:1012780003F18C001C3300224FF07E51834243F867
:10128800182C43F8142C43F81C1C43F8102C43F872
:101298000C2C43F8082C43F8042CEBD138BD00BFC4
:1012A800080400240080707F000000249D090008C5
:1012B80004970024E89600243898002420970024F6
:1012C80054980024AC97002400F062B938B504465D
:1012D80000F066F9D4F8A850204600F07DF92846B9
:1012E80001F0E4FBD4F8AC50204600F075F928462C
:1012F800BDE8384001F0DABB00F04EB9183001F013
:101308003FBF00BF10B50446683001F0ABFB04F1E5
:101318008800BDE8104001F0A5BB00BF10B5044629
:10132800403001F01FFC04F1B00001F0D9FC04F1D9
:10133800C000BDE8104001F0D3BC00BFF0B54FF4C9
:1013480081718FB000F1D80701254FF4C0624FF4C6
:10135800E063ADF8081000F5967402993846ADF8C8
:101368000C2008AEADF810300095DDE9032301F03C
:1013780051FC40F201134FF480722046ADF814304E
:101388004FF48063059900950BADADF81820ADF8C2
:101398001C30DDE9062301F03DFC3046072104F04E
:1013A8004DFE96E8070085E807002946384601F013
:1013B80059FC96E8070085E807002946204601F011
:1013C80051FC384601F064FC20460FB0BDE8F040FF
:1013D80001F05EBC2DE9F04140F2024304460222CE
:1013E800002504F1180704F1A8062DED028B8EB034
:1013F8009FED1B8AADF80C3005A8039901F09EFCFF
:1014080002220DF12600ADF81020049901F096FC97
:101418000423022205A9384601F0A4FC04F168025D
:1014280004F18803C4E92A232946384656F8048B70
:1014380001F0BCFE01462046019100F0CDF80023E2
:10144800F0EE480A019940461A4601F0D9FA25B14A
:101458000EB0BDEC028BBDE8F0810125E4E700BFCA
:101468006F12033B2DE9F04104469AB00027019121
:1014780000F08CF80199204600F06EF940F606134A
:1014880004F1B0069FED400AADF8143004F1C00530
:101498003046059901F00AFC4FF4007328469FED89
:1014A8003A0AADF8183004F5C878069901F0FEFB41
:1014B80040F6033240F201639FED330AADF808208D
:1014C80004F140000299ADF80C70C4F8D0600FAE7A
:1014D800C4F8D45007ADADF81030DDE9032301F0AE
:1014E80011FB2046FFF72AFF2046FFF773FF284627
:1014F80001F076FB01230DF12C0E04F5C07C159349
:10150800189347F61223169719930223179395E811
:101518000F008CE80F008EE80F0086E80F00BDF87A
:1015280040301490ADF84E30BDF84230D4E9625ED8
:10153800ADF84C30C4E9655EBEF1000F04D07246C8
:101548003946284611F092F813A9404603F0DAFF0D
:1015580004F5D27001F058FB3021204600F020F845
:10156800D4F8A850204600F037F8284601F09EFA33
:10157800D4F8AC50204600F02FF828461AB0BDE841
:10158800F04101F093BA00BF00000000704700BFAF
:10159800143001F00DBA00BF143001F005BA00BFD5
:1015A80038B500F1140504462DED028B284601F0EC
:1015B800EDF9284601F0F8F92846B0EE408A01F026
:1015C800E1F9D0ED007AF8EE677A88EE277ABDEC7B
:1015D800028B84ED0E7A38BD90ED0E0A704700BF7D
:1015E80010B540F203338EB000244FF60B7240F270
:1015F8000341ADF8083009A80123ADF81020ADF873
:1016080024202246ADF80C100094029907940C94FB
:10161800CDE90544CDE90A4401F0CAFE04A8012336
:1016280022460399009401F0C3FE09A801F0A6FF21
:1016380010B901200EB010BD04A801F09FFFA04210
:101648000CBF022020460EB010BD00BF2DE9F041AE
:1016580003239AB0012700240646CDE914373B4BF3
:10166800CDE9104340F20453CDE91647ADF84830B0
:10167800FFF7B6FFB842054625D0022845D040F608
:101688000132334B0DF12C081894ADF82C200B982F
:101698001997CDF84A3000F0E3F810A906F13C009C
:1016A80002F0B6FF302003224FF07E5341460D93DF
:1016B8000E93CDE90B02F26B06F1140001F02AF942
:1016C8001AB0BDE8F0811023214A06A906908DF8CA
:1016D80028300DF12C081F4BCDF84A2007930294AF
:1016E800CDE91804CDE9080402A802F0C7F90823D7
:1016F800029A03A94046ADF80C508DF80E400495A7
:1017080005930B9400F0ECF8C7E700200121104B7B
:101718000DF12C083A460094CDF84A304FF60B7379
:101728000C94ADF82C302346CDE9180140F6013170
:101738004046ADF818100699CDE90D4401F038FE81
:101748002146404601F026FFA7E700BF0402040433
:10175800040604030704010B2DE9F04704462DEDA8
:10176800028B82B000294DD0012140F201120023E2
:101778000091ADF804208DF80630364A0127364B23
:1017880004F10409354904F12908626040F2027243
:10179800A36040F60663E16004F1250AA4F8252059
:1017A800A4F82930278284F8277084F82B7004F075
:1017B800C1FA054604F024F96946064650BB4DB304
:1017C80004F130008DF8067004F03CFA072D3CD186
:1017D80004F114052046FFF739FF284601F0E4F824
:1017E8002846B0EE408A01F0CDF8D0ED007AF8EE48
:1017F800677A88EE277A84ED0E7A02B0BDEC028B08
:10180800BDE8F08740F2011300918DF80610ADF89D
:101818000430B2E704F1300004F014FA072D11D0B7
:101828004946204602F074FB0EB9002DD0D150462F
:1018380001F0BAFE404601F0B7FE04F1120000F0D4
:1018480079F9C5E7002EF2D1C2E74946204602F0F1
:101858005FFBBDE70508050905070506050A060635
:1018680010B584B003460124ADF8040003A8ADF810
:101878000C30ADF80E4001F097FE214603A801F0A8
:101888007DFF204604F0BAF8002103A801F076FF96
:10189800204604F0B3F8214603A801F06FFF04B016
:1018A80010BD00BF10B5C2F3002384B00C46017C04
:1018B8008DF80D2043EA4402FA2402238DF80C2007
:1018C80003AA009402F070F918B10124204604B06C
:1018D80010BD04460A2004F091F8204604B010BD5B
:1018E800034670B543F8042B044684B007C983E85F
:1018F8000700A37983B91A210B461E22FA252374FF
:101908002046ADF80C20022303AA009502F04CF9FA
:1019180028B1012004B070BD1B210B46EDE70A2059
:1019280004F06CF84FF4B85200950223ADF80C207F
:10193800204603AA217C02F037F90028E9D10A20C1
:1019480004F05CF841F2027200950223ADF80C2015
:10195800204603AA217C02F027F90028D9D10A20C1
:1019680004F04CF8042200950223ADF80C20204620
:1019780003AA217C02F018F90028CAD10A2004F031
:101988003DF8062200950223ADF80C20204603AA54
:10199800217C02F009F90028BBD10A2004F02EF8B6
:1019A80041F2082200950223ADF80C20204603AA34
:1019B800217C02F0F9F80028ABD10A20064604F091
:1019C8001DF80095022303AA217C2046ADF80C607F
:1019D80002F0EAF800289CD1304604F00FF8009590
:1019E80022790C232046002A8DF80C3003AA4FF0E8
:1019F800020314BF622142218DF80D10217C02F0F0
:101A0800D3F8002885D1304603F0F8FF2279D4E9CD
:101A180002310B43DBB20AB943F0400362790AB1E1
:101A280043F020030E22FA258DF80D30204600954C
:101A380002238DF80C2003AA217C02F0B5F80028B7
:101A48007FF467AF0A2003F0D9FF10220095022324
:101A5800ADF80C20204603AA217C02F0A5F8002846
:101A68007FF457AF0A2003F0C9FF12210095022323
:101A7800ADF80C1003AA217C204602F095F8002846
:101A88007FF447AF0A2003F0B9FF0122092120465D
:101A9800FFF708FF003818BF01203BE7F0B5102317
:101AA80087B0234C012200250126002702A92046E1
:101AB8000195CDE902234FF48052CDE904670AF07D
:101AC80001FF642004F0ECFB02A94FF48052204689
:101AD800CDE9046702261027CDE902670AF0F2FE75
:101AE8000322102302A92046CDE902230023042261
:101AF800CDE904234FF480520AF0E4FE40F2322389
:101B0800042202A9019310232046CDE90223019A59
:101B1800012305924FF4805204930AF0D3FE40F655
:101B2800060120460AF0EEFE284607B0F0BD00BFC9
:101B3800789800241C4B00221C494FF0400C30B50B
:101B4800054689B00220596007219A601A6201246B
:101B5800DA620A224FF4006EDC6006922022CDE998
:101B6800000104200821CDE9020103201021CDE95C
:101B7800040108206946C3E904024FF4C072181D25
:101B8800C3E906C24FF48052C3E909E20AF070FEC5
:101B980038B92846FFF782FF003818BF012009B07E
:101BA80030BD204609B030BD749800244041005231
:101BB800614A0021D0B513688EB00A91002B40F01D
:101BC800B9805E4B01214FF683700C24116002210D
:101BD800D3F8D4200026032742F48052C3F8D42037
:101BE800D3F8D42002F480520092009AD3F8E0206F
:101BF80042F01002C3F8E020D3F8E02002F010020F
:101C08000192019AD3F8E02042F04002C3F8E020A4
:101C1800D3F8E02002F040020292029AD3F8E020C2
:101C280042F00802C3F8E020D3F8E02002F00802EE
:101C38000392039AD3F8E02042F48072C3F8E020BC
:101C4800D3F8E02002F480720492049AD3F8E020DA
:101C580042F08002C3F8E020D3F8E02002F08002CE
:101C68000592059AD3F8E02042F02002C3F8E0205C
:101C7800D3F8E02002F020020692069AD3F8E0207A
:101C880042F00402C3F8E020D3F8E0300C9403F0EB
:101C9800040307930323079A0B93CDE9080108A9C6
:101CA800274806F083F948F23712022308A9254885
:101CB8000C94CDE90823CDE90A6706F077F94CF2D0
:101CC8000372022308A920480C94CDE90823CDE922
:101CD8000A6706F06BF940F2FF62022308A91B4865
:101CE8000C94CDE90823CDE90A6706F05FF94FF6B1
:101CF8000C72022308A916480C94CDE90823CDE9F3
:101D08000A6706F053F94FF63F02022308A9114863
:101D18000C94CDE90823CDE90A6706F047F920229B
:101D2800022308A90A480C94CDE90A67CDE90823DB
:101D380006F03CF90EB0D0BD70980024004402585B
:101D48000010025800180258000C025800200258CF
:101D5800001C0258001402582DE9F04FDFF81084D7
:101D680006460D46144608F118002DED028B89B081
:101D780000AF02F045FDD8F8183073B3D8F81C301E
:101D8800D8F80490002B43690BBF4FF0080A4FF0B6
:101D9800100A4FF0020B4FF0040BB9F1000F2AD0D4
:101DA800A200EA46012B02F1070222F00702ADEB7E
:101DB800020D6846ADEB020D694600F03F81022B2B
:101DC80000F0D680002B6FD02246C847D54624376E
:101DD800BD46BDEC028BBDE8F08FD8F81C30002B57
:101DE800F5D0D8F804904FF0080A4FF0020B436979
:101DF800B9F1000FD4D1FB61D8F80030BB61002BDA
:101E0800E5D0D54802F06EFD6B46BBF1020F786154
:101E180008EE103AFB6900F083816A465146A2EB4E
:101E2800C40295466200EA46B2FBFBF2AAEBC40084
:101E380085460AEB8200EE46F861ADEB010DF869C4
:101E48000EEB820CC7F810C0EC46ADEB010D00EBB1
:101E58008201CCF80400CCF8081001EB8201386943
:101E6800E946CCF80C1000EB8201CCF800A001EB9D
:101E78008202C9E900E0C9E90212012B00F064837B
:101E8800022B00F06C82002B00F08081620849462A
:101E98006046BB69984718EE103A24379D46BD4600
:101EA800BDEC028BBDE8F08F002C8DD01A46D8ED22
:101EB8000C6A9FEDB27A8446331D36F922E00CF1A4
:101EC800080C07EE90EA33F922E00232F8EEE77ADE
:101ED800944267EE877A67EEA67A4CED027A07EEAF
:101EE80090EAF8EEE77A67EE877A67EEA67A4CED25
:101EF800017AE2D8F9612246C847984ED8ED0D6AB2
:101F08000020F9692B1D9FED9E7A9FED9E6ADFEDFB
:101F18009E5A22E0F4EEC67AF1EE10FAC0F2C884B6
:101F280047F6FE72D1ED017A45F8202066EEA77AD1
:101F3800F4EEC77AF1EE10FA40F2F080F4EEC67AC9
:101F4800F1EE10FAC0F2D58447F6FE7243F820206D
:101F58000230083184427FF639AFD1ED007A66EE5F
:101F6800A77AF4EEC77AF1EE10FAD3D83246D9E759
:101F7800002C3FF429AFD8ED0C6A84469FED787A9F
:101F88000022331D8E4656F822100CF1080C07EE7D
:101F9800901A53F822100232F8EEE77A944267EE6C
:101FA800877A67EEA67A4CED027A07EE901AF8EE79
:101FB800E77A67EE877A67EEA67A4CED017AE2D87F
:101FC80071462246C7F81CE0C847664ED8ED0D6A30
:101FD8000020F9692B1D9FED6A7A9FED6A6ADFF888
:101FE80094C120E0F4EEC67AF1EE10FAC0F27984DA
:101FF8003246D1ED017A45F8202066EEA77AF4EE54
:10200800C77AF1EE10FA40F28780F4EEC67AF1EE64
:1020180010FAC0F25E84324643F8202002300831BC
:1020280084427FF6D3AED1ED007A66EEA77AF4EE5D
:10203800C77AF1EE10FAD5D86246DAE7002C3FF4F9
:10204800C3AED8ED0C6A86469FED477A4FF0000C78
:10205800331D56F82C200EF1080E82F40002A2F56A
:10206800000207EE902A53F82C200CF1020CF8EE2F
:10207800E77A82F400026445A2F5000267EE877AE7
:1020880067EEA67A4EED027A07EE902AF8EEE77A26
:1020980067EE877A67EEA67A4EED017AD9D8F961AC
:1020A8002246C847314ED8ED0D6A0020F9692B1D2C
:1020B8009FED337A9FED336ADFF8BCC01FE0F4EE82
:1020C800C67AF1EE10FAC0F2FC833246D1ED017AFD
:1020D80045F8202066EEA77AF4EEC77AF1EE10FAFA
:1020E80018D9F4EEC67AF1EE10FAC0F2DA83324665
:1020F80043F820200230083184427FF667AED1EDE4
:10210800007A66EEA77AF4EEC77AF1EE10FAD6D81E
:102118006246DBE76246EBE762467DE7324615E753
:10212800A100D6466208073121F00701ADEB010D89
:10213800EA46ADEB010D6946ADEB0E0D0AEB8200E8
:10214800EC46ADEB0E0D01EB8202F861E946CCE9F5
:1021580000A0C9E9001290E6C89800240280FFFF99
:10216800000000300082FF7F0000003482FF7F0003
:10217800AC980024007E00807E0080FF00000038BC
:1021880004FF7FBF04FF7F3F00FEFF46002C00F0E6
:10219800C982BBF1020FD8F8242000F0FA827969CD
:1021A800C7F8049002EB810E5FED0C5A8A00DCF848
:1021B80008100EF104007A611A46DCF80C303B6115
:1021C800331DD7F810903D61FD69C7E902CB8C46F5
:1021D800834636F92210D8ED0C7A06EE101A33F938
:1021E800221006EE901A3EF92210B8EEC66A07EEE3
:1021F800101AF8EEE66A3BF92210B8EEC77A26EE16
:10220800256A66EEA56A27EE257A26EE276A66EE27
:10221800A76A27EE277A07EE901A51080232F8EEDD
:10222800E77A0AEB8100944280ED006A05EB8100B1
:1022380067EEA57AC0ED006A0CEB810009EB81011D
:1022480080ED007A98ED0C7A67EE877AC1ED007A16
:10225800BFD8D7F804903D69D7E902CB6046620839
:10226800BB6949469847D8F82C307A69D8ED0D6A89
:102278001A441FED3D7A1FED3D6A2B1D904602F171
:10228800040A5FED3F5A0022A84ED9E900EC51E05C
:10229800F4EEC67AF1EE10FAC0F2C78247F6FE7085
:1022A80045F822000CEB0100D0ED007A66EEA77A23
:1022B800F4EEC77AF1EE10FA4BD9F4EEC67AF1EEE5
:1022C80010FAC0F2BA8247F6FE70BBF1020F43F86B
:1022D80022002BD0D9F808000844D0ED007A66EE29
:1022E800A77AF4EEC77AF1EE10FA36D9F4EEC67A88
:1022F800F1EE10FAC0F2CD8247F6FE7048F82200DF
:10230800D9F80C000144D1ED007A66EEA77AF4EE14
:10231800C77AF1EE10FA1ED9F4EEC67AF1EE10FA89
:10232800C0F2AF8247F6FE714AF822100232944298
:102338007FF6B1AD51080EEB81008900D0ED007A2F
:1023480066EEA77AF4EEC77AF1EE10FAA0D8304616
:10235800A6E73046B9E73146E6E73046CEE7002C37
:1023680000F0E081BBF1020FD8F8243000F0E181E1
:102378007A69DCF8081003EB820EC7F80490930022
:10238800DFED6B5A0EF1040000227B61DCF80C30A3
:102398003B61331DD7F810903D61FD69C7E902CB59
:1023A8008C46834656F82210D8ED0C7A07EE101AA0
:1023B80053F82210B8EEC76A07EE101A5EF822101A
:1023C800F8EEC76A07EE101A26EE256A5BF82210A7
:1023D800B8EEC77A66EEA56A26EE276A27EE257A52
:1023E80066EEA76A27EE277A07EE901A510802329E
:1023F800F8EEE77A0AEB8100944280ED006A05EB7B
:10240800810067EEA57AC0ED006A0CEB810009EB4C
:10241800810180ED007A98ED0C7A67EE877AC1ED3C
:10242800007ABFD8D7F804903D69D7E902CB604657
:102438006208BB6949469847D8F82C307A69D8EDC4
:102448000D6A1A449FED3E7A9FED3E6A131D92462F
:10245800DFF8E4C00022FB612B1D364ED9E9008E5F
:102468004EE0F4EEC67AF1EE10FAC0F2FC81304686
:1024780045F822000EEB0100D0ED007A66EEA77A4F
:10248800F4EEC77AF1EE10FA49D9F4EEC67AF1EE15
:1024980010FAC0F2EF813046BBF1020F43F8220078
:1024A8002AD0D9F808000844D0ED007A66EEA77A59
:1024B800F4EEC77AF1EE10FA35D9F4EEC67AF1EEF9
:1024C80010FAC0F2C98130464AF82200D9F80C0047
:1024D8000144D1ED007A66EEA77AF4EEC77AF1EE00
:1024E80010FA1ED9F4EEC67AF1EE10FAC0F2AD81F8
:1024F8003146F86940F82210023294427FF6CBAC9C
:10250800510808EB81008900D0ED007A66EEA77AC1
:10251800F4EEC77AF1EE10FAA3D86046A8E7604651
:10252800BAE76146E5E76046CEE700BF0280FFFFF5
:10253800000000300082FF7F007E00800000003431
:1025480004FF7FBF04FF7F3F002C00F0EB807A6917
:102558000021D8F82430C7F8109003EB820ED7F882
:102568001C909300FD610EF104021FED0C6A7B6163
:10257800331D154656F821204808D8ED0C6ABBF1E2
:10258800020F82F40002A2F5000207EE902A53F827
:10259800212082F40002B8EEE77AA2F5000227EEC5
:1025A800067A07EE902A0AEB8002F8EEE77A27EE21
:1025B800267A67EE867A82ED007A09EB80024FEA86
:1025C800800067EEA67AC2ED007A27D05EF8212057
:1025D80082F40002A2F5000207EE902A55F82120A5
:1025E80082F40002B8EEE77AA2F5000227EE067A36
:1025F80007EE902ADCF80820F8EEE77A024427EE86
:10260800267A67EE867A82ED007A98ED0C7ADCF805
:102618000C2067EE877A0244C2ED007A02318C42C0
:10262800A8D8D7F8109060466208BB694946FD698A
:102638009847D8F82C307A69D8ED0D6A1A441FEDFE
:10264800407A1FED406A131D9246DFF8C4C200228B
:10265800FB612B1DAB4ED9E9008E4EE0F4EEC67A35
:10266800F1EE10FAC0F2C580304645F822000EEBB4
:102678000100D0ED007A66EEA77AF4EEC77AF1EEA3
:1026880010FA49D9F4EEC67AF1EE10FAC0F2BF801A
:102698003046BBF1020F43F822002AD0D9F80800CF
:1026A8000844D0ED007A66EEA77AF4EEC77AF1EE28
:1026B80010FA35D9F4EEC67AF1EE10FAC0F2AE800F
:1026C80030464AF82200D9F80C000144D1ED007ACE
:1026D80066EEA77AF4EEC77AF1EE10FA1ED9F4EE98
:1026E800C67AF1EE10FAC0F28B803146F86940F8EC
:1026F8002210023294427FF6CEAB510808EB8100DB
:102708008900D0ED007A66EEA77AF4EEC77AF1EE8A
:1027180010FAA3D86046A8E76046BAE76146E5E73D
:102728006046CEE7224649466046BB699847FFF7B0
:10273800B2BBC7F810B0002298ED0C6A331DDFED6C
:10274800726AD7F81CB0786956F8221007EE901A0A
:1027580053F82210B8EEE77A07EE901A51080232C1
:10276800F8EEE77A27EE267A0AEB810E94420BEB15
:10277800810167EEA67A27EE067A67EE867A8EEDF5
:10278800007AC1ED007ADFD88300D7F810B07B61FA
:102798004DE61A46C7F810B098ED0C6A331DDFED08
:1027A8005B6AD7F81CB0786936F9221007EE101A60
:1027B80033F9221007EE901AB8EEC77A51080232A0
:1027C800F8EEE77A27EE267A0AEB810E94420BEBB5
:1027D800810167EEA67A27EE067A67EE867A8EED95
:1027E800007AC1ED007ADFD88300D7F810B07B619A
:1027F80034E5F0EE675AFEEEE45A15EE900A34E737
:10280800F0EE675AFEEEE45A15EE901A6EE7F0EE17
:10281800675AFEEEE45A15EE900A3AE7F0EE675A68
:10282800FEEEE45A15EE900A4BE767EEA57AFDEE48
:10283800E77A17EE900A00B232E567EEA57AFDEE68
:10284800E77A17EE900A00B23FE5F0EE675AFEEE1F
:10285800E05A15EE901A4CE6F0EE675AFEEEE05A92
:1028680015EE900A30E6F0EE675AFEEEE05A15EEE5
:10287800900AFDE5F0EE675AFEEEE05A15EE900A72
:102888000AE667EEA57AFDEEE77A17EE901A09B226
:102898004AE567EEA57AFDEEE77A17EE900A00B2F0
:1028A8002CE5F0EE675AFEEEE45A15EE902A1FE486
:1028B80067EEA57AFDEEE77A17EE902A12B2FFF7D7
:1028C80031BBF0EE675AFEEEE45A15EE902AFFF798
:1028D800FDBBF0EE675AFEEEE05A15EE902AFFF7C0
:1028E8009BBBF0EE675AFEEEE05A15EE902AFFF712
:1028F80080BB67EEA57AFDEEE77A17EE902A12B252
:10290800FFF724BB82FF7F00000000300000003882
:102918007E0080FF30B5184C154685B0046004F180
:10292800080EEC460FC98EE80F00D4ED047AF5EED8
:10293800C07A8CE80F00F1EE10FA1ADDB7EE006AE3
:1029480094ED057A27EE277AC6EE276A84ED0D7A8C
:10295800C4ED0C6A6DB1204640F8185F01F050FFD5
:10296800064903690020064A2162A262E36005B0B5
:1029780030BD012005B030BDAC98002400200030E7
:102988000000003000680830704700BFB1F5807F54
:1029980003680A4628BF4FF48072B1F5807F9A60B9
:1029A80094BF0020012070470068183001F088BFEC
:1029B80030B5046883B008480D46A368A26A216A46
:1029C8009B00009004F1180001F01CFF0020C4E9EE
:1029D800000503B030BD00BF611D000810B4074BEF
:1029E8004FF07E5130240022032019619C60D8608A
:1029F8005DF8044B5961C3E906227047AC9800247E
:102A0800F6EE007A9FED166A20EE207A0160F7EE66
:102A1800006A80ED036A80ED020A27EE277AC6EE87
:102A2800877AF4EEE67AF1EE10FA11DDF0EE667AC6
:102A38004FF07E514FF0000C02760022C0ED017A73
:102A4800C0F814C0016143768276C0ED070A70476A
:102A5800F4EEC67AF1EE10FAEAD5F0EE467AE7E738
:102A6800000000000268037E128807EE902AFBEE41
:102A7800C87A1BB1B7EE007A77EE677AD0ED056AAF
:102A880090ED047A77EEE67A437E67EE877A0BB1AB
:102A9800F1EE677A90ED030A90ED017A77EEC07A4D
:102AA800A7EE270A80ED030A704700BF837E80EDFA
:102AB800020AABB9D0ED077A27EE800AF6EE007A63
:102AC800B7EE007A20EE270AC7EE007AF4EEC77A4E
:102AD800F1EE10FA07DDF0EE477AC0ED017A7047A3
:102AE800DFED067AE8E7F5EEC07AF1EE10FAF4D5F4
:102AF800DFED037AC0ED017A704700BF6F12033B28
:102B08000000000030B585B004460025ADF80C1073
:102B1800ADF80820ADF8043002F06EFFBDF80C20C7
:102B28004FF48073206004F118002283BDF8082058
:102B38006383E383A283257100F036FD04F11C0052
:102B480000F032FD9FED060A019904F1080000F03B
:102B5800ADF84FF6FF736562238405B030BD00BF42
:102B680000000000F8B5044602F046FF002623687E
:102B78002671834205D104F10800BDE8F84000F051
:102B8800AFB8012794F82050206004F11800BD4028
:102B9800277100F0E5FD6DB2284394F82150BD403F
:102BA80084F8200004F11C0000F0DAFD94F82030CD
:102BB8006DB2666203F003032843022BC0B284F8A7
:102BC800210009D000F003000228D4D1002BD2D173
:102BD8004FF0FF336362CEE78307CCD16762CAE761
:102BE800074A118830B481800024064D91884FF43B
:102BF800807285600460C180C26030BC704700BFCD
:102C0800842601080040003000220A230270037164
:102C1800704700BF30B585B004469FED110A9DF896
:102C28002050ADF80C100399ADF808202A46ADF8ED
:102C380004308DED000A0CF059FF9DED000A2A467C
:102C4800029904F11C000CF051FF9DED000A2A4680
:102C5800019904F1380005B0BDE830400CF046BFDA
:102C680000007A4438B50C46054691ED000A0CF090
:102C780061FF94ED010A05F11C000CF05BFF94ED77
:102C8800020A05F13800BDE838400CF053BF00BF18
:102C980010B504460CF060FF04F11C000CF05CFF5A
:102CA80004F13800BDE810400CF056BF70B504467A
:102CB80082B0C1F30726CDB2ADF8041002F09CFE35
:102CC8004FF480724FF001232060A01DA571A280EF
:102CD800E671A36002B0BDE8704000F065BC00BFBB
:102CE80038B5044602F088FE002223682271834228
:102CF80010D00122A57AE37A954020602271A01DA8
:102D08006DB243B900F02CFD40B22843C0B27F2811
:102D1800A0720AD038BD00F023FDB0FA80F0400957
:102D28002843C0B27F28A072F4D102F065FE07EEF6
:102D3800900AF8EE677AC4ED037A38BD00B583B01F
:102D48004FF0000E4FF0030C4274ADF80410BDF8BC
:102D5800043080F810E0A0F802C0038003B05DF8EA
:102D680004FB00BF2DE9F04FDFF81C8300258DB070
:102D7800C04C037008F140034260074601920E46BA
:102D8800202229464046C4F86831C4F86481CDE958
:102D98000255CDE90455CDE90655CDE90855CDE9EB
:102DA8000A550FF063FC2022294604F5A170C4F8E7
:102DB8003151C4F83551C4F83951C4F83D510FF0B8
:102DC80055FC019B84F8485284F830317A68002A0F
:102DD8006AD02B4604F59871454606F1100A9E46BE
:102DE800F01856F803B0E2180EF1010ED0F80CC036
:102DF800D0F80490D0F8088044F803B0C2F80CC0AA
:102E08004FF0000CC2F80490C2F80880008A25F838
:102E180002CB10821AF8032001F8012F002A70D083
:102E28007A684FF001001233724584F84802D7D807
:102E38004FF4802290489DF8043008214FF0000894
:102E48004FF00009C4F884310023C4E95B02012271
:102E5800C4F8743184F88031C4E95E2194F84812CA
:102E6800C4E96489A9B3C4F89821002284F881319F
:102E780084F888313B78C4E96722002B38D00122D6
:102E880000200121013B84F8A421C4E96C01082B2E
:102E980030D8DFE813F0BD00C200C700CC00D10075
:102EA800D600DB00E100E8009DF804300121C4F8F9
:102EB8007421C4F884314FF4802384F880216E4A49
:102EC800C4E95B2308230022C4E95E130023C4E994
:102ED80064230123002284F88131002384F8883197
:102EE8000323C4F898313B78C4E96722002BC6D184
:102EF80084F8A431614803F00BFE034638B1FFBEE5
:102F0800FEE77A68123372453FF66AAF90E702A986
:102F18005A48029303F05AFF8246002876D10422C9
:102F280040F2FF710A90CDE9081294F83021002A86
:102F380000F0F3804FF006080AEBCA034FEACA090B
:102F480004EB43035B7C072B07D8DFE803F0595CED
:102F58005653504D4A04072307930FFA8AF6D14473
:102F680006EBC60604EB490904EB4607750038462C
:102F780000F01AFB99F81030042B00F3AA80022BFA
:102F880000F3BD8000F0B98004EB0A03002283F847
:102F9800202114F81630002B78D0022B00F08A80FC
:102FA800012B40F0B2807B78012B00F0B080002B21
:102FB800334B18BF002305A93048CDE9053803F085
:102FC800D3F9002840F0AC800AF1010A94F83031B6
:102FD8005FFA8AFA534540F2A0802A4B53F82A80B8
:102FE800AAE706230793B8E705230793B5E7042361
:102FF8000793B2E703230793AFE702230793ACE7EE
:1030080000230793A9E701230793A6E7FFBEFEE77E
:1030180003224023C4E96A236CE707226023C4E93A
:103028006A2367E70F228023C4E96A2362E71F2225
:10303800A023C4E96A235DE73F22C023C4E96A23C9
:1030480058E77F22E023C4E96A2353E7FF224FF4BD
:103058008073C4E96A234DE740F2FF124FF490737E
:10306800C4E96A2346E740F2FF324FF4A073C4E98B
:103078006A233FE7E898002400200240549A00247D
:103088000002B02540270108004100307B78062B5C
:1030980037D0072B3DD0022B4AD0032B4AD0002B28
:1030A8004CD0012B48D0042B4AD0052B254B18BFF8
:1030B800002380E77B78042B25D0052B2BD08BB3FE
:1030C800012B31D0022B31D0032B1F4B18BF00230B
:1030D80071E70323043504EB0A0B4FF0000925447C
:1030E8008BF82031284609F1010900F05DFA9BF8B8
:1030F800203104354B45F5DC4BE70123EAE7022391
:10310800E8E7124B57E7124B55E7002353E7114BFB
:1031180051E7114B4FE7114B4DE70DB0BDE8F08F6C
:10312800FFBEFEE70E4B46E70E4B44E70E4B42E769
:103138000E4B40E70E4B3EE70E4B3CE70E4B3AE793
:103148000E4B38E70000B84F002090360800900C6E
:103158001000C0102000F0148000501D00018021D4
:103168000004002A0008302E001060320040C03AE7
:103178000080F03E00005247000021430000844BCD
:1031880038B5094C40F2FF724FF0011104F5B675DD
:10319800284603F0C9FD94F83021D4F86411284674
:1031A800BDE8384003F034BBE8980024034B0F29EE
:1031B800D3F8640198BF00EB41007047E8980024F9
:1031C800214B02689A4200D07047204A00232048C9
:1031D800D2F8D81030B51F4C41F0200183B0C4F8A4
:1031E800D001092004F5E875C4E975034FF480603F
:1031F800C2F8D810D2F8D8204FF40061C4E977306B
:1032080094F8480202F02002C4F8E4114FF4005187
:10321800984201922846C4F8E811C4E97C33019B1E
:1032280014BF00234FF48073C4F8EC3103F0F4FFAB
:1032380008B1FFBEFEE704F5B673C4F8B851C4F888
:10324800083203B030BD00BF0020024000440258DD
:1032580040000240E8980024014804F055BB00BF34
:10326800B89A002402682DE9F84F4B4B9A4201D0D6
:10327800BDE8F88F494D95F84832002BF8D095F8FD
:103288003031002B77D0002405F10C0905F5A17623
:1032980005F59877A04613E003F0010117F811BC73
:1032A800A9F1080000F06AFABBF1010F25D895F8DA
:1032B8003031013409F112090236A2B293422BD9F6
:1032C80017F8012F002AF4D0D5F86431002132789C
:1032D80033F81400D5F8683103EB041323F812000F
:1032E800338801339BB233805FFA83FA3A789A4283
:1032F800D2D88A46A6F80080D0E7CAF34001A9F1DF
:10330800040000F03BFABBF1020FCAF38001CED0F3
:10331800484600F033FACAE7002395F848022049E6
:1033280009229842C5F8D8314FF48060C5F8D01109
:10333800C5F8D4214FF400614FF40052C5F8DC31D0
:1033480008BF4FF48073C5F8E821C5E97801002269
:103358001448C5E97B32C5F8F42103F05DFF08B1D4
:10336800FFBEFEE795F83021D5F864110E48BDE898
:10337800F84F03F04DBA0A4909224FF48060C5F8A6
:10338800D831C5E974124FF400614FF40052C5E911
:103398007730C5E97912DAE700200240E89800247E
:1033A80040000240B89A0024549A0024704700BF95
:1033B80010B592B0ADF804100180C9B2149C0B2965
:1033C800C460C0E901233FD090F801C0BCF10F0FE1
:1033D8003AD8022A3FD0032A02D0012A00D000227C
:1033E8000E92012B02D0022B18BF0023022C0F9340
:1033F8002CD0032C2AD0012C28D000230A29109382
:1034080027D85C4A02EB812202610A2914D8DFE836
:1034180001F0A39587796B5D4F4133250600564B24
:10342800D3F8E01041F48061C3F8E010D3F8E0303D
:1034380003F480630C930C9B01230DA9104603FA37
:103448000CF30D9304F0B2FD12B010BD0A291094CC
:10345800D7D90022D8E711220E92C2E7464BD3F8FB
:10346800E01041F40071C3F8E010D3F8E03003F441
:1034780000730B930B9BDFE73F4BD3F8E01041F44D
:103488008071C3F8E010D3F8E03003F480730A9336
:103498000A9BD1E7384BD3F8E01041F08001C3F81C
:1034A800E010D3F8E03003F080030993099BC3E7E9
:1034B800314BD3F8E01041F04001C3F8E010D3F8E5
:1034C800E03003F040030893089BB5E72A4BD3F894
:1034D800E01041F02001C3F8E010D3F8E03003F029
:1034E80020030793079BA7E7234BD3F8E01041F08D
:1034F8001001C3F8E010D3F8E03003F0100306938E
:10350800069B99E71C4BD3F8E01041F00801C3F87B
:10351800E010D3F8E03003F008030593059B8BE730
:10352800154BD3F8E01041F00401C3F8E010D3F8CC
:10353800E03003F004030493049B7DE70E4BD3F8BB
:10354800E01041F00201C3F8E010D3F8E03003F0D6
:1035580002030393039B6FE7074BD3F8E01041F096
:103568000101C3F8E010D3F8E03003F0010302933F
:10357800029B61E7000002580044025808B5012187
:1035880043780069994089B204F018FF003818BFE1
:10359800012008BD01230A464178006903FA01F1B8
:1035A80089B204F011BF00BF8378022B30B50446FE
:1035B8008FB037D0032B33D0012B31D000230A939F
:1035C800E378012B2AD0022B28D000230B93002369
:1035D80020460C9302F042FD0546204602F046FDC7
:1035E80023780990082B13D8DFE803F01F324558D9
:1035F8006B7E91A40500594BD3F8E02042F4807209
:10360800C3F8E020D3F8E03003F480730893089BF4
:1036180009A9284604F0CAFC0FB030BD0B93D6E7C1
:103628000A93CDE711230A93CAE74C4B09A9284608
:10363800D3F8E02042F00102C3F8E020D3F8E030EC
:1036480003F001030093009B04F0B0FC0FB030BD01
:10365800424B09A92846D3F8E02042F00202C3F8F9
:10366800E020D3F8E03003F002030193019B04F05B
:103678009DFC0FB030BD394B09A92846D3F8E0208E
:1036880042F00402C3F8E020D3F8E03003F004036A
:103698000293029B04F08AFC0FB030BD2F4B09A99E
:1036A8002846D3F8E02042F00802C3F8E020D3F817
:1036B800E03003F008030393039B04F077FC0FB09A
:1036C80030BD264B09A92846D3F8E02042F0100265
:1036D800C3F8E020D3F8E03003F010030493049B10
:1036E80004F064FC0FB030BD1C4B09A92846D3F880
:1036F800E02042F02002C3F8E020D3F8E03003F0E5
:1037080020030593059B04F051FC0FB030BD134B0B
:1037180009A92846D3F8E02042F04002C3F8E02087
:10372800D3F8E03003F040030693069B04F03EFC18
:103738000FB030BD094B09A92846D3F8E02042F064
:103748008002C3F8E020D3F8E03003F08003079349
:10375800079B04F02BFC0FB030BD00BF004402589B
:1037680038B5054602F07AFC0446284602F07EFC8D
:1037780001462046BDE8384004F020BE70B5064634
:103788000D4602F06BFC0446304602F06FFC2A1E20
:103798000146204618BF0122BDE8704004F014BE5F
:1037A8000023122270B586B0CDE902230493036882
:1037B800032B01D804230593061D841D304602F00F
:1037C8004DFC0546304602F051FC034601A9284647
:1037D800019304F0EBFB204602F040FC0346204630
:1037E8001C4602F043FC01A903462046019304F05D
:1037F800DDFB06B070BD00BF634A0368934210B595
:103808008CB028D0614A934258D0614A934200F064
:103818009480604A934201D00CB010BD5E4C5F4862
:10382800D4F8E03043F00203C4F8E030D4F8E030D4
:1038380003F002030A930A9BFFF7B2FFD4F8F430AF
:1038480043F08003C4F8F430D4F8F43003F0800374
:103858000B930B9BE0E7504C5148D4F8E03043F011
:103868000203C4F8E030D4F8E03003F00203019317
:10387800019BFFF795FFD4F8E83000221F2043F49E
:1038880000131146C4F8E830D4F8E83003F4001304
:103898000293029BD4F8D83043F00103C4F8D8301F
:1038A800D4F8D83003F001030393039B03F002FB21
:1038B8001F200CB0BDE8104003F03ABB364C394825
:1038C800D4F8E03043F08003C4F8E030D4F8E030B6
:1038D80003F080030493049BD4F8E03043F0020320
:1038E800C4F8E030D4F8E03003F002030593059BF8
:1038F800FFF756FFD4F8E8300022212043F4800374
:103908001146C4F8E830D4F8E83003F4800306938D
:10391800069BD4F8D83043F00103C4F8D830D4F863
:10392800D83003F001030793079B03F0C3FA212063
:103938000CB0BDE8104003F0FBBA1B48FFF730FF9E
:10394800154B00224820D3F8E840114644F40004FF
:10395800C3F8E840D3F8E84004F400040894089C4D
:10396800D3F8D84044F00104C3F8D840D3F8D8308D
:1039780003F001030993099B03F09CFA48200CB05B
:10398800BDE8104003F0D4BA00540040005800408D
:10399800005C0040001C005800440258C09D0024F0
:1039A800389B0024109C0024E89C00242DE9F04357
:1039B8001A4B87B000254FF010099E46EC46184B6D
:1039C800FF22E04667461A700EF118060EF1300421
:1039D800CDE90055CDE90255ADF80090BCE80F00DF
:1039E800CDE90455AEE80F009CE803000095ADF85A
:1039F80000908EE80300B8E80F000FC69CE80300AB
:103A08000095ADF8009086E803000FCF0FC49CE83E
:103A1800030084E8030007B0BDE8F0830800002431
:103A2800349B002410B5EFF3108472B6084B1A7853
:103A3800120602D504B962B610BD1B78D822054813
:103A48005BB202FB0300143003F05EFFF2E700BF35
:103A5800349B0024389B0024014805F04DBB00BF6F
:103A6800C49B0024014805F047BB00BF9C9C002470
:103A7800014805F041BB00BF749D00242DE9F043C7
:103A88000F68D8243F4D85B007FB04F4032F05EBDE
:103A98000403036040DCCB680E46012B3CD84DD0B4
:103AA8004FF0D808B646DFF8FC9008FB0758BEE888
:103AB8000F00C446ACE80F00DEF800300DF1100E20
:103AC800CCF80030D8F808C099E80F000EE90F00CC
:103AD8000EEB8703BCF1010F53F8103CC8F88C308B
:103AE80031D0BCF1020F42D0BCF1000F35D0317C8F
:103AF8008C34D823002201202C4403FB07534900AF
:103B0800C3E92602C3F894102046C3E92822C3E972
:103B18002A2205F0E3F818B1012005B0BDE8F083CA
:103B28000146204605F0F4FA0028F5D10146204662
:103B380005F018FB003818BF0120EEE70B7C103B9E
:103B4800672BADD9E8E702F0F3F80F4B98420CBFAA
:103B58000E4B0F4BC8F89030C9E702F0E9F80A4B52
:103B680098420CBF0B4B0C4BC8F89030BFE702F0E3
:103B7800DFF8054B98420CBF084B094BC8F890304A
:103B8800B5E700BF389B0024000E27072D0FB03083
:103B98003211D0205F4390608A62E030200BA01081
:103BA8001A0980108C2601082DE9F041D0F8008010
:103BB80082B00D4617461E4608F18C04204605F0D3
:103BC800A3FA2028FAD1D8F80C3073B96D00204632
:103BD800089C33463A46A9B2009405F0D5F8003857
:103BE80018BF012002B0BDE8F081089B3246394673
:103BF800204605F09DF9F2E7044B10221A7483F869
:103C0800E82083F8C02183F898227047389B002465
:103C180030B5002395B04FF48071062204460B930B
:103C280006921393CDE90C13CDE90E33CDE9113388
:103C380002F080F807282BD004F1100541F28832F1
:103C480006A9284606F0A0F828B10123184684F8EA
:103C58005C3015B030BD0222022306A92846CDE902
:103C6800002310220123CDE9022300224FF4800310
:103C7800CDE9042305224FF0807306926A460F931C
:103C880041F2883306F0ECF90028DED115B030BDDA
:103C98000323012084F85C3015B030BD000000001B
:103CA80070B50023A4B04FF080724FF480750446BD
:103CB800ADF806300D93CDE910320122CDE90E534F
:103CC800CDE91223CDE91433002943D0F02300F1C4
:103CD800100508AEADF80630C02341F288323146EF
:103CE8002846089306F050F828B10123184684F8AE
:103CF8005C3024B070BD41F288320DF106012846CF
:103D080006F0ACF803460028EFD105224FF4807185
:103D18001E93284616924FF080721B9321931F9290
:103D280002AA9FED1F7BCDE91C13CDE922338DED4F
:103D3800027B9FED1D7B41F2883316A98DED047B34
:103D48009FED1B7B8DED067B06F08AF90028CCD110
:103D580024B070BD00F1100508AE612341F288322D
:103D680031462846089306F00FF80028BDD141F2E5
:103D780088320DF10601284606F0EEF80028B4D185
:103D8800BDF80630204623F0780343F04003ADF831
:103D98000630FFF73DFF00289ED0A6E7AFF300806E
:103DA80000000000010000001000000001000000F9
:103DB80000000000000040002DE9F04F00234FF400
:103DC800807501264FF0807804462DED028BABB04C
:103DD8008DF8073013932193299314950E96CDF8F7
:103DE8005C80CDE91533CDE91863CDE91A33CDE907
:103DF8002253CDE92433CDE9273306231C9301F060
:103E080099FF072808D004F1100741F288321CA94D
:103E1800384605F0B9FF40B10123184684F85C30F4
:103E28002BB0BDEC028BBDE8F08F4FF0020A4FF0CB
:103E3800020B4FF0050941F2883308AA1CA938463D
:103E4800CDF89480CDF870909FED2D8BCDE908AB1F
:103E58004FF0000A4FF4800B8DED0A8BCDE90CABC7
:103E680006F0FEF80028D7D141F2883238460EA96C
:103E780005F08AFF0028CFD1402341F288320DF1A6
:103E8800070138468DF8073005F0E8FF0028C3D150
:103E980041F288330EA902AA3846CDF83890CDF8F9
:103EA8005C809FED197B8DED048BCDE906AB8DED24
:103EB800027B06F0D5F803460028ADD1CDF8709006
:103EC8004FF00109CDF894804FF00008219308AA1B
:103ED80029931CA938462295CDE92333CDE9273308
:103EE80041F288338DED0A8BCDE90CABCDE9088919
:103EF80006F0B6F8002893D0304684F85C608FE767
:103F08001000000001000000400000004000000018
:103F18002DE9F043624CA3B00D46046001F00AFF9E
:103F2800072800F0A980286823466968AA6807C39B
:103F38001E46AB8926F8043B3046257B677B05F097
:103F480005FFE0B9574B012D4FF00108E0612361EF
:103F580014BF4FF480134FF40003C4E9058893FAA3
:103F6800A3F3B3FA83F34FF48079013BC4F82490A8
:103F7800C4E90B003046236205F07CFE38B101220B
:103F8800134684F85C20184623B0BDE8F083662306
:103F98000B90139041F2883206A90693CDE90C9054
:103FA800CDE90E00CDE91100304605F0EDFE002800
:103FB800E5D1992341F2883206A93046069305F0E7
:103FC800E3FE0028DBD105231C9019906A46149360
:103FD8004FF08073219014A91D9341F288339FED0F
:103FE8002A7BCDE91A90CDE91F008DED007B9FED6E
:103FF800287B30468DED027B9FED277B8DED047B82
:1040080006F02EF80028BAD129462046FFF748FEC8
:104018000028B4D12046FFF7CFFE03460028AED1D2
:10402800002FB0D1189330460027002606AA14A9FD
:10403800CDF86890CDE91F33EB2314934FF4406318
:104048001B934FF4005317934FF440431C93A02342
:104058001693062319934FF0805321934FF0407322
:10406800CDE906671D9306F073F8034600288AD049
:10407800434684F85C8086E701230322184684F8C7
:104088005C2023B0BDE8F0830000000001000000C0
:1040980010000000010000000000000000004000C7
:1040A800989E0024005000522DE9F04F8FB0414BEC
:1040B8000024026800AF9A427C63C7E90944C7E953
:1040C8000B4403D03C37BD46BDE8F08F3A4B40F671
:1040D80009213A48EB46D3F8D42007F11C0607F12A
:1040E800220A4FF0020942F480424FF00308C3F855
:1040F800D420D3F8D42002F48042BA60BA68D3F846
:10410800E02042F04002C3F8E020D3F8E02002F0BB
:104118004002FA60FA68D3F8E02042F02002C3F8BF
:10412800E020D3F8E02002F020023A613A69D3F89F
:10413800E02042F01002C3F8E020D3F8E02002F0BB
:1041480010027A617A69D3F8E02042F00202C3F8DB
:10415800E020D3F8E030F86103F002033984BB6152
:10416800174B7B60BB697B6853F8040F7B6001F0D9
:1041780075FF7B680546186801F078FF16F8013B63
:10418800786207F124012846C7F830807B63C7E9C5
:104198000A9403F00BFF5645E5D100225C20114636
:1041A80002F088FE5C2002F0C3FE3C37DD46BD46C7
:1041B800BDE8F08F00500052004402580A0A09096D
:1041C800F49E0024114B02689A4200D07047104AAE
:1041D80070B5D2F8D4300F4C23F4804304F118069C
:1041E800C2F8D43054F8040F01F038FF05462068AF
:1041F80001F03CFF0146284604F018F8B442F1D11A
:104208005C20BDE8704002F0A1BE00BF0050005223
:1042180000440258F49E0024014806F025B800BF67
:10422800A89E0024084B1A1D981D03F1080110B41C
:104238009C1C9A6603F10A02C3E91834C3E91B01FE
:104248005DF8044B5A677047989E002438B5036898
:1042580071B9026A00F1280500F5AC74012A0CBF97
:10426800002140218BBB1D4B5722C0F858310DE06F
:10427800426A00F1C00500F5E874012A0CBF00216C
:104288004021EBB1164B5A22C0F8D031002320460A
:10429800C4E901214FF480524FF480616362626186
:1042A8004FF48042C4E903314FF48073C4E9062314
:1042B8004FF40033236202F0AFFF58B1FFBEFEE7B0
:1042C800084B5822C0F8D031E0E7074B5922C0F814
:1042D8005831DBE7C5E92044A56338BD100002402A
:1042E8007000024028000240580002402DE9F043C7
:1042F800821D05468BB0031D05F10A010830CDE982
:10430800052305F10C02AB69CDE907010992002BE1
:104318003DD0EB69B3FA83F84FEA5818012302221B
:1043280005AE0AAF4FF006090393CDE9012356F80D
:10433800044B2B792278934216D02B68F3B1012BCA
:1043480002D1F2B10A230493204601F08FFE0346FE
:104358002046009301F082FE694603F027FEBE4224
:10436800E5D10BB0BDE8F083697963789942E4D16F
:10437800B8F1000FF3D02B68002BE0D1CDF81090E6
:10438800E2E76378022B14BF0A230823DBE74FF028
:104398000108C3E7534A0368934230B505468BB01A
:1043A80055D02032934252D04F4A934204D0203203
:1043B800934201D00BB030BD4C4C4D48D4F8E0309E
:1043C80043F00103C4F8E030D4F8E03003F001030F
:1043D8000593059BD4F8E03043F00803C4F8E030B7
:1043E800D4F8E03003F008030693069BD4F8E030D5
:1043F80043F04003C4F8E030D4F8E03003F0400361
:104408000793079BD4F8F03043F40003C4F8F03066
:10441800D4F8F03003F400030893089BFFF766FF15
:10442800D4F8D830296843F001032F4A3048C4F83B
:10443800D830891AD4F8D83018BF012103F0010305
:104448000993099B0BB0BDE83040FFF7FFBE274C2E
:104458002848D4F8E03043F00103C4F8E030D4F839
:10446800E03003F001030093009BD4F8E03043F000
:104478001003C4F8E030D4F8E03003F010030193DF
:10448800019BD4F8E03043F04003C4F8E030D4F89E
:10449800E03003F040030293029BD4F8F03043F479
:1044A8008003C4F8F030D4F8F03003F480030393A9
:1044B800039BFFF71BFFD4F8D830296843F00103AA
:1044C800084A0C48C4F8D830891AD4F8D83018BF2C
:1044D800012103F001030493049B0BB0BDE83040B5
:1044E800FFF7B4BE04580140045C01400044025880
:1044F8006CA10024109F0024014803F005BA00BFF6
:1045080068A00024014803F0FFB900BFE0A0002420
:10451800014803F0F9B900BFC4A20024014803F020
:10452800F3B900BF3CA300241A4A0368934210B4AD
:104538000BD02032934208D0174A934216D020322B
:10454800934213D05DF8044B7047144B0022D3F804
:104558005442C3F85822002CF4D0D3F84802D3E9C7
:10456800931223465DF8044B520818470B4B002260
:10457800D3F8B044C3F8B424002CE3D0D3F8AC2467
:10458800D3F8A814D3F8A404520823465DF8044BC2
:10459800184700BF04580140045C0140109F0024E4
:1045A800184A0368934210B40BD02032934208D0C3
:1045B800154A934217D02032934214D05DF8044B29
:1045C8007047124BD3E994245208C3F85822002CA0
:1045D800F4D0D3E99201234601EB820100EB82007B
:1045E8005DF8044B1847094BD3F8AC24D3F8B04412
:1045F8005208C3F8B424002CE0D0D3F8A814D3F898
:10460800A404E8E704580140045C0140109F00241A
:104618002DE9F04F0C684FF41776754F87B004FBFF
:1046280006F6012C07EB060AC0F800A000F3A080EC
:104638000D468E464FF00008D44669A3D3E90023FF
:1046480069A1D1E90001CDE9022306ABCAF850827D
:1046580003EB8403CDE9040153F810BC53F8083C7C
:10466800CAE992880193BEE80F00ACE80F00BEE8E3
:104678000F00ACE80F00019B9EE80300CAF828B0C1
:10468800CAF8C0308CE803002B69042B0CD8DFE88B
:1046980003F0737D879103004FF41773554A03FBAA
:1046A80004739A64C3F8E020AA692B6A002A43D0ED
:1046B800002B4FF4177308BF022203FB047318BFC3
:1046C8000322DA6201221A63EA696B6A002A40D17E
:1046D800191E4FF4177318BF012103FB0473C3E9B4
:1046E80031126B69022B05D8434A12F80380434AFA
:1046F80052F823904FF4177306F1280042464946B2
:1047080003FB04740023384463646363E365C4F8FB
:10471800DC30C4F8CC30C4F8F430C4E90F33C4E951
:104728001533C4E93533C4E93B33022307F03EFEB1
:10473800002849D0FFBEFEE7191E4FF4177318BFB3
:10474800012103FB0473C3E90B12EA696B6A002AAF
:10475800BED0002B4FF4177308BF022203FB04736B
:1047680018BF0322C3F8C4200122C3F8C820B8E741
:10477800012007B0BDE8F08F4FF417734FF4FA52D9
:1047880003FB04739A64C3F8E0208DE74FF41773B2
:104798004FF47A5203FB04739A64C3F8E02083E76A
:1047A8004FF417734FF4FA4203FB04739A64C3F887
:1047B800E02079E74FF417734BF6803203FB04735C
:1047C8009A64C3F8E0206FE706F1C000022342466E
:1047D8004946384407F0EAFD0028CAD0FFBEFEE784
:1047E80004580140045C014024580140245C014005
:1047F800109F002400770100802701088427010802
:104808000068704770B5046882B015460E46C4F853
:104818005032C4E99212069AC4F85422A269012AB5
:1048280026D0626A012A9AB211D0294604F1C00042
:10483800019207F077FE236A019A012B10D02946CE
:1048480004F1280007F06EFE002002B070BD04F1EC
:10485800C000019207F0F8FE236A019A012BEED1FD
:10486800314604F1280007F0EFFE002002B070BDC9
:10487800226A012A9AB211D0294604F1280001922D
:1048880007F050FE636A019A012B10D0294604F103
:10489800C00007F047FE002002B070BD04F12800F8
:1048A800019207F0D1FE636A019A012BEED13146DD
:1048B80004F1C00007F0C8FE002002B070BD00BFC0
:1048C80003681B69042B05D8044A02EB830393EDA4
:1048D800000A70479FED020A704700BF9027010841
:1048E80000803B470368D3F8580270471F4BC168E4
:1048F8000268F0B5D3F88C5083B00369ADB24D1B94
:10490800A2B1AB4212D00446866811D2F018E91A57
:10491800CDE9001000F0AAFF0023DDE90010D4E97A
:104928000062B047E3682561AB421BD003B0F0BD1D
:10493800F018C91ACDE9000100F098FF0023DDE95D
:104948000001D4E90072B8473046294600F08EFFCE
:1049580000233046626829462668B047E368256127
:10496800AB42E3D10023236103B0F0BD0000024055
:104978002DE9F84F04460F4690461E4600F13405CF
:10498800284608F0EDF92028FAD14FF4806300207A
:10499800C4F8D030C4F848314FF44033C4F8CC00E0
:1049A800C4F8E030C4F858314E4BC4F8DC00C4F801
:1049B800C03003F57A73C4F8E400C4F838314023F2
:1049C800C4F8C800C4F84031E369C4F84401C4F825
:1049D8005401C4F85C01C4E93500C4E95300072B4D
:1049E8000BD8DFE803F061535A373E454C04512396
:1049F800C4F8C4305223C4F83C3104F59C794846C5
:104A080002F00AFC08B1FFBEFEE7C4F8A890C4F89B
:104A18007051EFF3108972B6DFF8D0B094F91C30FA
:104A2800DFF8CCA08BF800300A9B2F4CCAF8003076
:104A38000B9B23600EB11846B0471FFA88F239461F
:104A4800284607F077FFB0BBB9F1000F00D162B676
:104A5800BDE8F88F3F23C4F8C4304023C4F83C3184
:104A6800CBE74123C4F8C4304223C4F83C31C4E73F
:104A78004723C4F8C4304823C4F83C31BDE74F236A
:104A8800C4F8C4305023C4F83C31B6E72B23C4F82B
:104A9800C4302C23C4F83C31AFE72D23C4F8C4300C
:104AA8002E23C4F83C31A8E72923C4F8C4302A23AC
:104AB800C4F83C31A1E7FF238BF800300023CAF883
:104AC800003023600A9B3BB10B98012198470120D5
:104AD800B9F1000FBCD1BAE70120B9F1000FB7D185
:104AE800B5E700BF8800024000B30024FCB20024F0
:104AF800F8B200242DE9F84F04460F4690461E46AA
:104B080000F13405284608F02BF92028FAD14FF493
:104B180080630020C4F8D030C4F848314FF44033E3
:104B2800C4F8CC00C4F8E030C4F858314E4BC4F88F
:104B3800DC00C4F8C03003F57A73C4F8E400C4F8A4
:104B480038314023C4F8C800C4F84031E369C4F8D8
:104B58004401C4F85401C4F85C01C4E93500C4E94F
:104B68005300072B0BD8DFE803F061535A373E4553
:104B78004C045123C4F8C4305223C4F83C3104F126
:104B8800C009484602F048FB08B1FFBEFEE7C4F87A
:104B9800AC90C4F8F850EFF3108972B6DFF8D0B0D3
:104BA80094F91C30DFF8CCA08BF800300A9B2F4C0E
:104BB800CAF800300B9B23600EB11846B0471FFAA5
:104BC80088F23946284607F007FFB0BBB9F1000F55
:104BD80000D162B6BDE8F88F3F23C4F8C430402343
:104BE800C4F83C31CBE74123C4F8C4304223C4F8AD
:104BF8003C31C4E74723C4F8C4304823C4F83C31E7
:104C0800BDE74F23C4F8C4305023C4F83C31B6E79D
:104C18002B23C4F8C4302C23C4F83C31AFE72D2330
:104C2800C4F8C4302E23C4F83C31A8E72923C4F8BB
:104C3800C4302A23C4F83C31A1E7FF238BF80030A5
:104C48000023CAF8003023600A9B3BB10B9801216E
:104C580098470120B9F1000FBCD1BAE70120B9F19A
:104C6800000FB7D1B5E700BF8800024000B30024A9
:104C7800FCB20024F8B200242DE9F0410D4682B0C0
:104C8800EFF3108772B6002948D1FF23254A264C36
:104C9800237013682BB1002029461060234A10683E
:104CA800984723781B0625D5DFF888800025204EF5
:104CB800444605E001351C3406F5D876092D19D08F
:104CC800A369012B1BD0002BF4D1216830460029A1
:104CD800F0D06369019323690093E3682289FFF7A1
:104CE80009FF0028E6D1C5EBC50508EB850348F8A0
:104CF8002500586007B962B602B0BDE8F081616866
:104D08000029D7D063693046019323690093E3688B
:104D18002289FFF72DFE0028CCD1E4E709F01CFB1F
:104D2800B3E700BFF8B20024FCB2002400B30024AB
:104D3800C8A3002450000024F0B5002387B0022245
:104D480004460493CDE90223027EC3690B2A4FEA85
:104D5800430523D1A27E0B2A02D1002007B0F0BD63
:104D680048496B1C484851F8233045780178187831
:104D7800E67E884269D0824277D0D87803F1030C66
:104D880081426ED0824278D0987903F1060C88422D
:104D98006FD0824233D0012007B0F0BD394B3A487A
:104DA80053F8253001784678187894F819C081426C
:104DB8003DD0824241D0D87803F1030E814240D0E1
:104DC80082424AD0987903F1060E884241D0824245
:104DD800E1D1DB796345DED1734604F118069B788F
:104DE8003046059301F03AF9034630461E4601F075
:104DF8003DF901A90190304603F0D8F8AAE7DB791C
:104E0800B342C8D163461A349B782046059301F013
:104E180025F9034620461C4601F028F9034601A956
:104E28002046019303F0C2F8002007B0F0BD93F8C4
:104E380001E0B645BFD08242BDD158786045BAD1AD
:104E4800CBE71F79B742BBD1BCE75F78AF4292D1BD
:104E580093E7D979B142BAD19DE718796045B1D1C4
:104E6800BAE71F79AF428DD18EE75878B04284D126
:104E7800C9E7D979A9428CD18DE71879B04283D195
:104E8800C0E700BF68010024640100247E4A03686B
:104E98009342F0B58FB000F0E380A2F54C42934204
:104EA80000F0E08002F58062934200F0DD8002F5B8
:104EB8008062934200F0DA8002F58062934200F04B
:104EC800D98002F54442934200F0D280A2F51C42F8
:104ED800934200F0D18002F58062934200F0CE80C8
:104EE8006A4A934240F0CC800826694D4FF4D87442
:104EF80004FB0654A07E01F0C1F8207E01F0BEF844
:104F0800E369082B13D8DFE803F03B495765738141
:104F18008F9D05005F4BD3F8F42042F00802C3F8D8
:104F2800F420D3F8F43003F008030893089B2046D4
:104F3800FFF702FF012801D1FFBEFEE74FF4D87446
:104F48000EAA554F0DF1240C04FB0654E36902EB3D
:104F580043050FCFACE80F003B680022ACF80030E7
:104F6800114635F9140C01F0A5FFE3690EAA02EB0E
:104F7800430333F9140C0FB0BDE8F04001F0D8BF7B
:104F8800444BD3F8F02042F01002C3F8F020D3F8D5
:104F9800F03003F010030093009BC8E73D4BD3F8B3
:104FA800E82042F40032C3F8E820D3F8E83003F4EC
:104FB80000330193019BBAE7364BD3F8E82042F45B
:104FC8008022C3F8E820D3F8E83003F48023029362
:104FD800029BACE72F4BD3F8E82042F40022C3F839
:104FE800E820D3F8E83003F400230393039B9EE7FB
:104FF800284BD3F8E82042F48012C3F8E820D3F80D
:10500800E83003F480130493049B90E7214BD3F812
:10501800F02042F02002C3F8F020D3F8F03003F07B
:1050280020030593059B82E71A4BD3F8E82042F04A
:105038008042C3F8E820D3F8E83003F080430693B1
:10504800069B74E7134BD3F8E82042F00042C3F8FC
:10505800E820D3F8E83003F000430793079B66E79E
:10506800002642E7012640E702263EE703263CE702
:1050780005263AE7042638E7062636E7072634E702
:1050880000239B7EFFDE00BF00100140000C00588B
:10509800C8A30024004402589C2601082DE9F04FBB
:1050A80091B0002301223A490DF1240A09938B4655
:1050B80001F11C09CAF814305446CDF800A001F1DA
:1050C8003808CDF804A001F15407CDF808A001F183
:1050D8007006CDF80CA001F18C05CDF814A001F1F3
:1050E800C40E01F1E00CCAE90133CAE903330F9297
:1050F800FF22284B1A7001F1A803CDE906AA0493F0
:10510800BAE80F00ABE80F009AE807008BE8070041
:105118000FCC009CA9E80F009AE8070089E807006F
:105128000FCC019CA8E80F009AE8070088E8070060
:105138000FCC029C0FC79AE8070087E807000FCC3E
:10514800039C0FC69AE8070086E807000FCC0FC536
:105158009AE80700059C85E807000FCC049C0FC45B
:105168009AE8070084E80700069C0FCCAEE80F0019
:105178009AE80700079C8EE807000FCCACE80F0000
:105188009AE807008CE8070011B0BDE8F08F00BF6F
:1051980050000024FCB2002410B5094C04F134007E
:1051A80007F0ECFC237D1BB1636BDB69DB0600D4E5
:1051B80010BD2046FFF79AFB636B10221A6210BDE0
:1051C800C8A3002410B50B4C04F5F27007F0D6FC08
:1051D80094F8C43123B1D4F8E431DB69DB0600D498
:1051E80010BD04F5D870FFF781FBD4F8E431102224
:1051F8001A6210BDC8A3002410B50B4C04F56570E5
:1052080007F0BCFC94F8743323B1D4F89433DB6909
:10521800DB0600D410BD04F55870FFF767FBD4F81F
:10522800943310221A6210BDC8A3002410B50B4C89
:1052380004F2445007F0A2FC94F8243523B1D4F8C2
:105248004435DB69DB0600D410BD04F5A260FFF726
:105258004DFBD4F8443510221A6210BDC8A30024AF
:1052680010B50B4C04F2F46007F088FC94F8D436BF
:1052780023B1D4F8F436DB69DB0600D410BD04F59D
:10528800D860FFF733FBD4F8F43610221A6210BD49
:10529800C8A3002410B50B4C04F6A40007F06EFC5C
:1052A80094F8843823B1D4F8A438DB69DB0600D439
:1052B80010BD04F50760FFF719FBD4F8A4381022D5
:1052C8001A6210BDC8A3002410B50B4C04F6542074
:1052D80007F054FC94F8343A23B1D4F8543ADB6913
:1052E800DB0600D410BD04F52260FFF7FFFAD4F8FE
:1052F800543A10221A6210BDC8A3002410B50B4CF2
:1053080004F6044007F03AFC94F8E43B23B1D4F8DF
:10531800043CDB69DB0600D410BD04F53D60FFF7F3
:10532800E5FAD4F8043C10221A6210BDC8A3002480
:1053380010B50B4C04F6B45007F020FC94F8943DDB
:1053480023B1D4F8B43DDB69DB0600D410BD04F505
:105358005860FFF7CBFAD4F8B43D10221A6210BD9A
:10536800C8A3002410B5EFF3108472B6084B1A785E
:10537800120602D504B962B610BD1B784FF4D87274
:1053880004485BB202FB0300C03002F0BDFAF1E74B
:10539800FCB20024C8A3002410B5EFF3108472B641
:1053A800094B1A78120602D504B962B610BD1B78EB
:1053B8004FF4D87205485BB202FB030000F59C70FD
:1053C80002F0A2FAF0E700BFFCB20024C8A3002450
:1053D8000021FFF751BC00BF214A036893422BD03C
:1053E800A2F54C42934229D002F58062934227D01D
:1053F80002F58062934225D002F58062934223D061
:1054080002F54442934221D0A2F51C4293421FD098
:1054180002F5806293421DD0124A93421CD10822A1
:105428004FF4D871104B01FB0233197D11B11846A6
:10543800FFF75CBAFFF720BC0022F1E70122EFE793
:105448000222EDE70322EBE70422E9E70522E7E77A
:105458000622E5E70722E3E700231B7DFFDE00BF06
:1054680000100140000C0058C8A30024204A03681B
:10547800934229D0A2F54C42934227D002F580628C
:10548800934225D002F58062934223D002F58062D0
:10549800934221D002F5444293421FD0A2F51C4208
:1054A80093421DD002F5806293421BD0114A934269
:1054B8001AD1082310484FF4D87202FB0300037D69
:1054C80003B97047FFF712BA0023F3E70123F1E7A6
:1054D8000223EFE70323EDE70423EBE70523E9E7DE
:1054E8000623E7E70723E5E700231B7DFFDE00BF70
:1054F80000100140000C0058C8A300240121FFF748
:10550800BBBB00BF2DE9F0414F684FF4D876DFF8F8
:10551800C0808E4607FB06F60C46082F08EB0605EA
:10552800056005F1180CBEE80F00ACE80F009EE816
:1055380007008CE8070002D86B6A022B02D9012009
:10554800BDE8F0812A6A032AF9D8A96A0229F6D89F
:10555800E86A0228F3D80131DFF878C034368900C8
:105568005CF8277046446F63A469A9641549AC6365
:1055780051F823306B64144B53F82230134A2B64D0
:10558800002352F8201001223046EB65E963C5E993
:105598001333C5E9153208F0DFFE0028CFD10146E4
:1055A800304608F031FF0028C9D10146304608F0DE
:1055B8007DFF0028C3D1304608F008FF0028BED17F
:1055C8002875BDE7C8270108D4270108E427010882
:1055D800C8A30024A4270108534B0122002047F642
:1055E800122130B4C3E97420C3E97721C3E9E0206C
:1055F800C3E9E3211A62DA6258621963C3F83025F5
:10560800C3F83405C3F83C25C3F84015C3F8E026B1
:10561800C3F8E406C3F8EC26C3F8F016C3F89028DC
:10562800C3F89408C3F89C28C3F8A018C3F8402A04
:10563800C3F8440AC3F84C2AC3F8501AC3F8F02B2D
:10564800C3F8F40BC3F8FC2BC3F8001CC3F8A40D73
:105658003648C3F8A02DC3F8AC2DC3F8B01D028896
:10566800837833490068334CCA804FEA104C0B7278
:105678003149E2802372A1F80320A4F80320637162
:105688004B712E4CCA800B722D492E4DE28023722D
:10569800A1F80320A4F8032063714B712A4CCA8037
:1056A8000B722A49EA8008802B7281F802C0E280D6
:1056B8002372A1F803204B71CA800B722449A1F808
:1056C80003204B71CA800B722249A1F803204B7149
:1056D800CA800B722049088081F802C0A1F8032013
:1056E8004B71CA800B721D49088081F802C0A1F86D
:1056F80003204B71CA800B721949088081F802C0D7
:105708001848A1F803204B71CA800B721649A0F8FB
:1057180003204371C2800372A1F803204B71CA8031
:105728000B7230BC704700BFC8A30024640100247A
:10573800EC010024100200240402002428020024A2
:105748001C020024F8010024D401002428B30024FA
:1057580034020024E001002404B300241CB3002414
:1057680010B30024580100244C0100243E4B0022B1
:105778000B20114610B5D3F8D84082B044F001048C
:10578800C3F8D840D3F8D84004F001040094009C32
:10579800D3F8D84044F00204C3F8D840D3F8D8303E
:1057A80003F002030193019B01F084FB0B2001F03D
:1057B800BFFB00220C20114601F07CFB0C2001F0FD
:1057C800B7FB00220D20114601F074FB0D2001F0FB
:1057D800AFFB00220E20114601F06CFB0E2001F0F9
:1057E800A7FB00220F20114601F064FB0F2001F0F7
:1057F8009FFB00221020114601F05CFB102001F0F5
:1058080097FB00223C20114601F054FB3C2001F09C
:105818008FFB00221120114601F04CFB112001F0F2
:1058280087FB00223820114601F044FB382001F0A4
:105838007FFB00223920114601F03CFB392001F0A2
:1058480077FB00223A20114601F034FB3A2001F0A0
:105858006FFB00223B20114601F02CFB3B2002B0DD
:10586800BDE8104001F064BB0044025820F01F005E
:105878002031BFF34F8F002907DD064A0144C2F8E3
:105888005C0220300B1A002BF9DCBFF34F8FBFF3FB
:105898006F8F704700ED00E0704700BF08B500F05B
:1058A800EDFCBDE8084001F0CDBB00BF064808B5D7
:1058B80003680BB102F08CFD044803681BB1BDE816
:1058C800084003F07BBC08BD40B7002438B300246F
:1058D800064808B503680BB102F07AFD044803686E
:1058E8001BB1BDE8084003F069BC08BD40B70024FF
:1058F80038B30024064808B503680BB102F068FD08
:10590800044803681BB1BDE8084003F057BC08BD54
:1059180040B7002438B30024364BDA6A520062D507
:105928009A6A9A6A9A6A9B6A180600D500BE314B31
:105938009B6A990600D500BE2E4B9B6ADA0600D5F5
:1059480000BE2C4B9B6A1B0700D500BE294B9B6AE7
:10595800980700D500BE274B9B6AD90700D500BE23
:10596800244B9B6A1A0400D500BE224B9B6A9B04F9
:1059780000D500BE1F4B9B6AD80400D500BE1D4B46
:105988009B6A190500D500BE1A4B9B6A5A0500D5BB
:1059980000BE184B9B6A9B0500D500BE154B9B6A41
:1059A800D80500D500BE134B9B6A990100D500BEEF
:1059B800104B9B6ADA0100D500BE0E4B9B6A1B0395
:1059C80000D500BE0B4B9B6A580300D500BE094B9F
:1059D8009B6A990300D500BE064B9B6ADA0306D47E
:1059E80000BE00BEFEE7DB6A9B07FAD5F8E700BEFB
:1059F800F6E700BF00ED00E000F04CBC00F050BC42
:105A08000A4B9B6803F17843B3F5003F0BD3084B6F
:105A1800986848B19868012806D09868022803D089
:105A28009B68032070470120704700BF00ED00E02D
:105A3800000080382DE9F041CEB004464C22002108
:105A48000AA80CF013FE2022002102A80CF00EFE7A
:105A5800BC2200211EA80CF009FE022004F022F846
:105A68002368012B4FF0000354D0534A02250193B9
:105A7800C820D16A514B21F00101D162D26A02F0EB
:105A8800010201929A6942F440429A619B6903F4C7
:105A980040430193019B494A93699B04FCD54849BB
:105AA8000224002201268B6A04274FF0080823F0FD
:105AB800030323438B62052316900AA818934FF417
:105AC80080331096179419941597CDF86880CDE90E
:105AD8001B222122CDE91344CDE90A2304F0CCFC92
:105AE80000B1FEE73F220323294602A8CDE902239D
:105AF80000220823CDE9042340224023CDE90623D0
:105B080040234FF48062CDE9082304F0E3FF034605
:105B1800B8B1FEE7294A04250093F0209169264B85
:105B280041F440419161926902F440420092DA6A7C
:105B380042F00102DA62DB6A03F001030093009B82
:105B4800A9E720224FF4805125934FF440152B925A
:105B580080222D931EA83093269135914FF48071A1
:105B6800249234920C223394439140F227112092CC
:105B78001022CDF884802A971F96CDE92E34CDE9DE
:105B88003B334FF48033CDE92246319300244693CA
:105B98000623CDE93E4527934FF48063094C2C93A7
:105BA8001E94CDE9281205F0F1F900B1FEE703F0E3
:105BB8009FFF4EB0BDE8F08100040058004802582D
:105BC800004402580F130F0370B584B0012401F08C
:105BD800E7F94FF480764FF04052194B684600259C
:105BE800ADF800400396CDE9012301F0F7F9192239
:105BF8004FF0404368468DF8082001938DF80F4018
:105C0800ADF80D608DF801408DF80A5001F0E6F905
:105C180002230B2268468DF80F508DF801304FF0A3
:105C280062538DF808200193ADF80D408DF80A40B5
:105C380001F0D4F9042001F0C1F904B070BD00BF2F
:105C48000E00010330B50D46044685B0D1E90001C8
:105C580084E8030000F0E2FAAB79A3B3FFF786FD0E
:105C6800FDF7A4FE0AF06CFBFFF718FA2B798BBB43
:105C78006B799BB1BFF34F8FBFF36F8F2A4B002215
:105C8800C3F85022BFF34F8FBFF36F8F5A6942F4A6
:105C980000325A61BFF34F8FBFF36F8F4FF0FF325F
:105CA8000023002400256946204802928DF80C3014
:105CB800CDE900450AF064FF1C480AF0C9FF09F065
:105CC8006FFF05B030BD2046FFF7B4FE2046FFF752
:105CD8007BFFC3E7144C0023C4F88430BFF34F8F15
:105CE800D4F8801043F6E07EC1F34E3CC1F3C901FD
:105CF8004FEA4C1C0CEA0E000B4640EA8372013B4B
:105D0800C4F860225A1CF8D1ACF1200C1CF1200F09
:105D1800F0D1BFF34F8F636943F480336361BFF3FE
:105D28004F8FBFF36F8FA3E700ED00E034B300247B
:105D380005F000B81C4B9B6803F17842B2F5003FB0
:105D480025D3B3F5803F20D303F16042B2F5003F7D
:105D58001FD303F15C42B2F5002F1CD303F170424C
:105D6800B2F5902F19D303F14842B2F5803F16D30C
:105D780003F18042B2F1806F13D303F1E043B3F52E
:105D8800000F2CBF08200720704701207047002013
:105D98007047022070470320704704207047052091
:105DA80070470620704700BF00ED00E0034800235D
:105DB800034A044903600BF0ADBF00BF34B30024AD
:105DC80000000024A158000810B4204C0022204BE9
:105DD80083B0D4F888101F4841F47001C4F88810C3
:105DE80019681D4C41F0010119601A6119680840D1
:105DF8001A4918609A61DA611A629A62DA621A6359
:105E08005A639A63DA631A645A64186820F4802023
:105E180018601A66D3F8DC2042F06042C3F8DC2030
:105E2800D3F8DC300193019B23681940B1F1005F7E
:105E380003D20B4B0122C3F80821044B4FF0006238
:105E48009A6003B05DF8044B704700BF00ED00E0B6
:105E5800004402587FEDF6EA0010005C0000FFFFE6
:105E68000080005100F57171D0F8040409F026BAD9
:105E7800C1EBC10300EB8303D0F80404D3F8082274
:105E880009F04ABAC1EBC10300EB8303D0F804045C
:105E98009A6C09F07FBA00BFD0F8040409F01EBB61
:105EA800C16810B5044619B1022900D0FEE70121E6
:105EB800D4F8040409F0FCFAD4F80404BDE810404E
:105EC80009F0CEBA10B50446D0F8040409F0F4FA83
:105ED8002268D2F8003E43F00103C2F8003E236A6C
:105EE80023B1034A136943F00603136110BD00BFD1
:105EF80000ED00E0D0F8040409F0E8BAD0F8040492
:105F080009F0FCBAD0F8040409F0F6BAD0F8040491
:105F180009F0F6BAD0F8040409F0F4BA9446D0F8B7
:105F280098021A4608B5634603F0ACFC032802D869
:105F3800024B185C08BD022008BD00BF00280108FC
:105F4800D0F8980208B503F02BFD032802D8024BBD
:105F5800185C08BD022008BD00280108D0F8980286
:105F680008B503F061FD032802D8024B185C08BD90
:105F7800022008BD002801080A06D0F8983206D485
:105F8800C1EBC10103EB810191F8FE01704701F0FB
:105F98007F01C1EBC10103EB810191F83E0070471D
:105FA800D0F8980208B503F057FC032802D8024B32
:105FB800185C08BD022008BD00280108D0F8980226
:105FC80008B503F0C5FC032802D8024B185C08BDCD
:105FD800022008BD00280108D0F8980208B503F08F
:105FE8008FFC032802D8024B185C08BD022008BDAC
:105FF80000280108D0F8C00209F032BDD0F8C0026C
:1060080009F046BDD0F8C00209F04EBD704700BF88
:10601800D0F8C00209F034BDD0F8C00209F034BD90
:10602800D0F8D00308B502F093FD032802D8024B3C
:10603800185C08BD022008BD04280108064B01EBC6
:10604800410103EB8101D1F800C04A688B68C0F8B0
:1060580000C042608360704708280108024B02783C
:1060680053F82200704700BF88280108024B427885
:1060780033F81200704700BF682801088CB00A285E
:1060880014D8DFE800F01523313F4D5B697785931D
:1060980006004D4BD3F8E02042F48062C3F8E020BC
:1060A800D3F8E03003F480630B930B9B0CB070477C
:1060B800454BD3F8E02042F00102C3F8E020D3F8C2
:1060C800E03003F001030193019BEFE73E4BD3F867
:1060D800E02042F00202C3F8E020D3F8E03003F0F9
:1060E80002030293029BE1E7374BD3F8E02042F02A
:1060F8000402C3F8E020D3F8E03003F0040303936C
:10610800039BD3E7304BD3F8E02042F00802C3F8F2
:10611800E020D3F8E03003F008030493049BC5E7BC
:10612800294BD3F8E02042F01002C3F8E020D3F85E
:10613800E03003F010030593059BB7E7224BD3F833
:10614800E02042F02002C3F8E020D3F8E03003F06A
:1061580020030693069BA9E71B4BD3F8E02042F0E7
:106168004002C3F8E020D3F8E03003F0400307937F
:10617800079B9BE7144BD3F8E02042F08002C3F85A
:10618800E020D3F8E03003F080030893089B8DE704
:106198000D4BD3F8E02042F48072C3F8E020D3F826
:1061A800E03003F480730993099B7FE7064BD3F82B
:1061B800E02042F40072C3F8E020D3F8E03003F4A2
:1061C80000730A930A9B71E700440258704700BFA6
:1061D8000F4B1B780BB90120704710B504464FF4DC
:1061E8007A700C4AB0FBF3F31068B0FBF3F000F0E0
:1061F800C1FE0F2C00D808B1012010BD0022214695
:106208004FF0FF3000F056FE034B00201C6010BD1D
:1062180048020024400200244C02002438B5032020
:10622800124D00F035FE124C04F0B4FB114A12492D
:106238009369C3F30323CB5C03F01F0320FA03F332
:106248000E202B60926902F00F028A5C02F01F0296
:10625800D3402360FFF7BCFF10B10124204638BDAE
:106268000446FFF7B3FF204638BD00BF40020024B4
:106278004402002400440258F0270108034A044B52
:1062880011681B780B441360704700BF04BA0024E0
:1062980048020024014B1868704700BF04BA002464
:1062A80038B50446FFF7F6FF0546631C02D0044BD9
:1062B8001B781C44FFF7EEFF431BA342FAD338BDFB
:1062C80048020024014B1868000C70470010005C5D
:1062D800704700BF806B08B5FFF7FAFF08BD00BF25
:1062E800836B5A6D12F0500F5A6D10B51DD1196895
:1062F80042F400725A650A6812F0080FCA681BD087
:1063080012F4406F0DD1CA6894040AD45A6D22F46D
:1063180080725A655A6DD10403D45A6D42F0010255
:106328005A651846FCF79EFF10BDD2060AD4DB6CEE
:10633800BDE81040DB6C18479007E7D01846FCF71B
:1063480091FFF1E71846FDF731F810BD806B08B5ED
:10635800436D43F040034365836D43F00403836555
:10636800FDF724F808BD00BFF0B5002283B0019204
:1063780090F85020012A00F01C81034601201A6879
:1063880083F850009468640700F18A800C68C4F3AD
:106398001305002D40F08F80C4F38464A0404D683D
:1063A8004FF01F0ED6694FEA951C30430CF00C0CC9
:1063B800D06105F01F0002F1300584400EFA00FE9E
:1063C8005CF8050020EA0E0004434CF8054090688C
:1063D80040076ED4956815F0080547D10C6807206A
:1063E80002F11406B94F4FEAD45CC4F304540CF01C
:1063F800040C00FA04FE886800FA04F45CF806004D
:1064080020EA0E0020434CF80600386800F070407F
:10641800B0F1805F00F0C580D068D668C70600F18B
:10642800E880C6F382064869760000FA06F60F6926
:10643800042F00F0C18002F16004086854F827C0F6
:1064480000F0F8400CF0004C40EA0C00304344F8EF
:106458002700487E0E69012854F8260008BF4FF02F
:10646800004520F00040054344F826509068C407D2
:1064780014D4CE68086806F01807954CD2F8C050B6
:10648800FC40C0F31307044025EA07052C43C2F873
:10649800C040904CA64246D0002816DB002003E0FE
:1064A8005A6D42F020025A65002283F8502003B04A
:1064B800F0BD9068DAE794FAA4F5B5FA85F5C4F367
:1064C800846405F01F05A84069E783498A4200F003
:1064D800B68001F580718A4200F0B1807F4D804C12
:1064E800A968A46801F0E076E44304F00104002CF4
:1064F80000F0B4807B4CA04200F0FC807A4CA042B3
:1065080000F01A81794CA042C8D14902C6D4744916
:106518008A42C3D1AA68002022F0E072324342F4D2
:106528008002AA60C0E7002F6AD090FAA0F4B4FAFB
:1065380084F4013404F01F04092C00F2A48090FABA
:10654800A0F4B4FA84F490FAA0F5B5FA85F501340C
:1065580001260135A40605F01F0504F0F84406FAE3
:1065680005F52C4390FAA0F0B0FA80F0304400F022
:106578001F0000EB400000052043C60D02F1140582
:10658800C0F30450072406F0040604FA00F774590F
:1065980024EA07048F6807FA00F02043705108685E
:1065A8007AE7D6684869C6F38206760000FA06F6E6
:1065B8003DE7022003B0F0BD106E0C6800F0F84013
:1065C800A506B0EB846F30D0506E00F0F8408542DD
:1065D80026D0906E00F0F84085422BD0D06E00F0A7
:1065E800F84085427FF442AFD06E20F00040D0667C
:1065F8003CE77608486906F0080600FA06F616E74A
:10660800800E441C04F01F06092E2DD8A406012074
:1066180004F0F844B040044306EB46000005ABE73D
:10662800506E20F000405066D3E7106E20F0004016
:106638001066C9E7906E20F000409066CEE7264CC1
:106648002B4D04F58074A96854F8F86CA468344399
:1066580001F0E076E44304F0010448E75A6D0120B4
:1066680042F020025A651FE706EB4600A506012402
:106678001E3805F0F84504FA06F60005354340F0E3
:106688000070284379E790FAA0F5B5FA85F590FAF5
:10669800A0F4B4FA84F4013501260134AD0604F0FF
:1066A8001F0405F0F84506FA04F4254390FAA0F40F
:1066B800B4FA84F4344404F01F0404EB4404A4F151
:1066C8001E00000540F00070DBE700BF0010005C12
:1066D800FFFF0F000000FF47002002400063025840
:1066E80000600258000084CB000052C70000B8CFF9
:1066F8000023024008023FF5D1AE17498A427FF4D1
:10670800CDAE164AA9681268154821F0E0719209C1
:106718003143A0FB020241F400019209A960520032
:106728000192019A002A3FF4B9AE019A013A019206
:10673800019A002AF9D1B1E611F080707FF4AEAE6B
:1067480005498A427FF4AAAEAA6822F0E072324371
:1067580042F08072AA60A7E6006002584002002456
:10676800632D3E0503689A68D20701D5002070475B
:106778009968214A114270B5044608D0636D01201A
:1067880043F010036365A36D0343A36570BD996867
:106798001A4A0A4042F001029A60FFF77BFD23681B
:1067A800174A054693421ED002F5807293421AD0CA
:1067B800144A9268114E0AE09A68324042F0010287
:1067C8009A60FFF767FD401B0228D7D823681A682C
:1067D800D2070FD49A68D107EED5FFF75BFD401BAF
:1067E8000228F3D9CAE7084A9268D006E2D0074AD5
:1067F8009342DFD1002070BD3F000080C0FFFF7FC3
:106808000020024000630258002302400021024099
:106818002DE9F0413A4D044600680F461646A84255
:1068280019D0384B984216D0374DAB68806842076C
:1068380016D494F85020012A12D003F01F08012220
:10684800B8F1090F84F850200DD90023012084F8ED
:106858005030BDE8F0812D4DAB6880684207E8D51F
:106868000220BDE8F08140F2212323FA08F3DB433C
:1068780013EA0205E9D12046FFF774FF002839D151
:10688800626D234B2168134043F480736365B8F14C
:10689800000F02D01B4B994203D0636D23F4801381
:1068A8006365636D13F4805328D0A36D23F006034A
:1068B800A365E06C3346174D3A464031C563164D23
:1068C8000564164DC5641C2541F8405C002584F814
:1068D800505051F83C5C45F0100541F83C5C00F024
:1068E80059FE22680E4B91680B4043F004039360F5
:1068F800BDE8F08184F85050BDE8F081A365D8E781
:106908000020024000210240006302580023024098
:10691800FEF0FFFFE9620008DD6200085563000829
:10692800C0FFFF7F38B503689A68910702D59B6856
:10693800002038BD9A68D20723D59A68044602F029
:106948000D02012A08D0636D012043F0100363652E
:10695800A36D0343A36538BD986803210A4A024022
:1069680042F002029A601960FFF794FC054604E0C1
:10697800FFF790FC401B0228E5D823689B68DB07DB
:10698800F6D4002038BD00BFC0FFFF7F38B5574A96
:1069980004460368934226D002F58072934222D0BF
:1069A800534B9B6813F4403F22D004F0ADF9636861
:1069B8000546B3F5003F00F08880B3F5403F70D03E
:1069C800B3F5803F00F08180FFF77CFC41F20303C0
:1069D80098422DD8474B9D425DD92268936843F46D
:1069E8008073936038BD444B9B6813F4403FDCD1FF
:1069F8004FF4002005F054FA63680546B3F5101FFC
:106A08006DD008D8B3F5E01F55D01AD9B3F5001FDB
:106A1800DAD14509D8E7B3F5201F4AD0B3F5301FBE
:106A2800D2D1FFF74FFC41F20303984233D92D0A24
:106A3800324B9D421DD82268936823F440739360BB
:106A480038BDB3F5801F06D00AD9B3F5A01F02D010
:106A5800B3F5C01FB8D19B0C5B00B5FBF3F5B3E7EA
:106A6800B3F5002FF7D023F40022B2F5802FF2D02F
:106A7800AAE7234B234A2B4493421ED9224B234A8D
:106A88002B449342226893682BD823F4407343F431
:106A98000073936038BD2268936823F48073936011
:106AA80038BD8508FFF70EFC41F203039842BFD8B2
:106AB80090E7C50988E7050986E72268936823F403
:106AC800407343F48073936038BD1B0CB5FBF3F53A
:106AD800FFF7F8FB41F203039842A9D87AE7850942
:106AE80072E743F44073936038BD00BF0020024052
:106AF80000630258002D310100230240105E5F0040
:106B0800EFA1A0FF0F5E5F00DF4341FF1FBCBE0087
:106B180030B5002383B00193002800F0D080456D84
:106B28000446002D00F0BA80226893689B0003D5C4
:106B38009168714B0B4093609368DD0015D46F4BDF
:106B480090686F491B6801406E489B0941F080516D
:106B5800A0FB030391609B090193019B2BB1019B4F
:106B6800013B0193019B002BF9D19368D80024D4F1
:106B7800636D012543F010036365A36D2B43A36583
:106B8800936813F0040F636D1DD1D9061BD4636D90
:106B980023F4817343F0020363659368DB0728D409
:106BA800594B9A4217D003F580739A4213D0574B2A
:106BB8009B68D9071DD4564A15E09368002513F041
:106BC800040F636DE1D0636D012543F0100328467F
:106BD800636503B030BD4C4A4E4B92689B681343C3
:106BE800D80706D44C4A9368616823F47C130B4396
:106BF8009360FFF767FB41F20303A1689842237F84
:106C080052D894F815C01A04206B42EA4C32024359
:106C18000A43012B03D1236A013B42EA4342636AD8
:106C280023B103F47873A16A0B431A4323683B49E1
:106C3800D86801400A43DA609A6812F0040F9A682B
:106C48001CD112071AD4D868354A217D024042EA7D
:106C58008132E16A0A43DA6094F83820012A3AD08E
:106C68001A6922F001021A611A692046616B22F042
:106C780070420A431A61FFF789FE2368E268012A15
:106C880021D01A6B22F00F021A63636D284623F095
:106C9800030343F00103636503B030BDFCF790FACA
:106CA800A56584F850503FE71029AAD1617D1A04E0
:106CB80042EA4132216B0A4342F01C02A9E701254E
:106CC800284603B030BD196BA26921F00F01013AC3
:106CD8000A431A63D9E7D4E9102118690A4311490C
:106CE80001400A43A16C0A43E16B42EA014242F0C7
:106CF80001021A61B8E700BFC0FFFF5F400200242D
:106D0800C0FFFF6F632D3E0500200240006002585F
:106D180000630258002102400023024003C0F0FF34
:106D2800FCBFFFFF1EF800FCF0B5002383B0019301
:106D380090F85030012B40D0012304460E461546EA
:106D480080F85030FFF7EEFDE8B9676D05F0804236
:106D58001B4B06F480311B4D3B401B4F43F0020395
:106D6800636523689E68354015430D4345F000452B
:106D78009D609A68002A0FDB636D23F0030343F0DC
:106D88000103636503E0636D43F01003636500234B
:106D980084F8503003B0F0BD019A01320192019A93
:106DA800BA42E6D9636D0022012023F0120384F869
:106DB800502043F010036365ECE7022003B0F0BDF8
:106DC800FDEEFFFFC0FFFE3FFF955A55F0B490F867
:106DD80050200E68012A49D00346294A01201C6820
:106DE80083F85000944208D05A6D002142F02002E6
:106DF80083F850105A65F0BC7047224DAA685207B4
:106E08000AD5A2685A6D012042F020025A65002274
:106E180083F85020F0BC7047A06810F00400F1D14E
:106E2800C6B1DFF868C04F68DCF8082022F4404299
:106E38003A43CCF80820A468AA682243D40713D49C
:106E48008A68DCF8081016430F4A0A401643CCF843
:106E58000860DCE70D498A6822F440428A60A0682D
:106E6800AA680243D00704D50020D0E70220F0BC6E
:106E780070478C683046044A22408A60C7E700BFE2
:106E88000020024000210240E0F0FFFF0023024002
:106E980006494FF6FF0C0002054BCA6800F4E06093
:106EA80002EA0C0210430343CB60704700ED00E098
:106EB8000000FA051B4BDB68C3F3022300B5C3F1DE
:106EC800070E03F1040CBEF1040F28BF4FF0040EA7
:106ED800BCF1060F1AD9033B4FF0FF3C0CFA03FC38
:106EE80022EA0C024FF0FF3C00280CFA0EFC21EAC3
:106EF8000C0101FA03F141EA02010ADB09010A4B1C
:106F0800C9B2034483F800135DF804FB002213465A
:106F1800E8E700F00F000901044BC9B203441976F1
:106F28005DF804FB00ED00E000E100E0FCEC00E0AF
:106F3800002807DB00F01F0101234009024A8B40AB
:106F480042F82030704700BF00E100E000280DDB68
:106F58004309012200F01F000549203302FA00F01E
:106F680041F82300BFF34F8FBFF36F8F704700BF07
:106F780000E100E0431EB3F1807F0CD24FF0E02225
:106F8800002006494FF0F00C5361072381F823C015
:106F98009061136170470120704700BF00ED00E069
:106FA800BFF35F8F044B00215A6A22F480325A6281
:106FB800C3F89410704700BF00ED00E0064B40F0A6
:106FC8000100C3F894005A6A42F480325A62BFF34F
:106FD8004F8FBFF36F8F704700ED00E0174A43787B
:106FE800C2F89830017821B3436800B5C2F89C30E4
:106FF800C37A90F80CC01B0690F80FE043EA0C73B4
:1070080090F80AC00B43817B43EACC4390F80DC04B
:1070180043EA8C4390F809C043EA4143017A43EAC2
:107028000E4343EA0C2343EA4103C2F8A0305DF85B
:1070380004FBC2F89C10C2F8A010704700ED00E0F5
:10704800704700BF08B5FFF7FBFF08BD0268344B67
:10705800344930B4344D354CAA4218BF9A420CBF5B
:10706800012300238A4208BF43F001033031A242C2
:1070780008BF43F0010330348A4208BF43F00103DC
:107088003031A24208BF43F0010330348A4208BFBE
:1070980043F0010301F55C71A24208BF43F001030C
:1070A80004F55C748A4208BF43F001033031A24200
:1070B80008BF43F0010330348A4208BF43F001039C
:1070C8003031A24208BF43F0010330348A4208BF7E
:1070D80043F001033031A24208BF43F001038A4262
:1070E80008BF43F0010313B9114B9A4213D1D3B22D
:1070F8001049114C103BA1FB03515F2B0F4BC1F3FF
:10710800021103EA0203615C88BF0433C165836529
:10711800184630BC704722F0FF038365F8E700BFCC
:10712800100002404000024028000240580002407F
:10713800B8040240ABAAAAAAB828010800FCFFFFBD
:107148000368294A294930B4294D2A4CAB4218BF53
:1071580093420CBF012200228B4208BF42F0010279
:107168002831A34208BF42F0010228348B4208BFED
:1071780042F001022831A34208BF42F001028B42CB
:1071880008BF42F0010212B91B4A934213D1DBB285
:107198001A4C1B4A0121083B1A4DA4FB03434566C0
:1071A80002EB1312C3F30413920001FA03F302660D
:1071B800836630BC7047DAB21349144C1944103A4C
:1071C800A829A4FB02234FEA131300D80833104A56
:1071D80003F01F0501210F4C1A44A9404466920090
:1071E80081660266E5E700BF085402583054025829
:1071F8001C5402584454025894540258CDCCCCCC58
:107208000096001680580258F0FBFDBFABAAAAAA48
:10721800008200108008024070B50446FFF73AF873
:10722800002C00F0C68023680546954A934248D052
:107238001832934245D0303292498B4218BF93425C
:1072480001F130010CBF012200228B4208BF42F03D
:10725800010218318B4208BF42F0010218318B42FB
:1072680008BF42F0010218318B4208BF42F0010208
:1072780001F556718B4208BF42F0010218318B426A
:1072880008BF42F0010218318B4208BF42F00102E8
:1072980018318B4208BF42F0010218318B4208BFF7
:1072A80042F0010218318B4208BF42F00102183146
:1072B8008B4208BF42F001021AB9734A934240F068
:1072C800F5800222002184F8352084F834101A68E9
:1072D80022F001021A6005E0FEF7DCFF431B052BD4
:1072E80040D823681A68D107F6D4D4E90225216961
:1072F8002A43A0691D680A4361690A43E169024398
:107308000A4362492940256A2A430A43616A0429D3
:107318002FD01A605A6922F007021143596120469A
:10732800FFF794FEE26D3F2302F01F029340836053
:107338002046FFF705FFA368802B3CD06368A06E4A
:10734800DAB2013BD4E91851072B2A60486026D9E4
:107358000023C4E91B33636700200123606584F8B8
:10736800353070BD202203230120626584F8353052
:1073780070BDD4E90B5129430A431A605969A26ABE
:1073880021F00701114341F00401002DC6D0002867
:107398004FD1012A6ED032F00202BFD151E0501E07
:1073A800072810D9626FD4E91B31002018604A60A1
:1073B800D2E7012070BD0023A16ED4E918026360F2
:1073C80003605160C4E72168314B324DA94218BFB0
:1073D800994205F114050CBF01230023A94208BFF7
:1073E80043F001031435A94208BF43F001031435E3
:1073F800A94208BF43F001031435A94208BF43F06E
:1074080001031435A94208BF43F001033BB9224BDD
:10741800994204D0214B224913449B0003E0214B9D
:10742800214913449B0001228240C4E91B31626751
:10743800BBE7B0F5005F0ED0022A05D9032A7FF416
:107448006DAFEA017FF56AAF0123402218466265F5
:1074580084F8353070BD032A3FF660AF01A050F8BC
:1074680022F000BF517400084B74000851740008E2
:107478007D740008B5F1C07F7FF450AFE4E700BF2A
:107488001000024040000240B80402403F8010FE55
:10749800085402581C540258945402583F82001051
:1074A800400902403F96001640590258324A334874
:1074B8003349834218BF934200F128000CBF0122D0
:1074C80000228B4208BF42F001022831834208BFE4
:1074D80042F0010228308B4208BF42F001022831F5
:1074E800834208BF42F001028B4208BF42F001020A
:1074F80012B9244A934238D102220021224D84F83D
:10750800341084F835201A681540A268402A2AD019
:10751800802A0CBF4FF480400846266AD4E903123B
:10752800D20842EAD102616942EAD102A16942EA7B
:10753800D102E16942EAD102144942EA1612194419
:107548002A4302431248A0FB010120461A600B0996
:107558009B00E365FFF77AFDE26D012302F01F024D
:1075680093404360E4E61020D7E74022032301203C
:10757800626584F8353070BD085402581C540258AE
:1075880030540258945402580F00FEFFF8ABFDA780
:10759800CDCCCCCC002800F0BC80844690F83400D8
:1075A800012800F0B88001202DE9F0419CF8354011
:1075B8008CF83400844208D000224FF400638CF821
:1075C8003420CCF85430BDE8F0810220DCF80050BB
:1075D8007A4C8CF835000020794ECCF85400794864
:1075E800854218BFA54200F118000CBF01240024F1
:1075F800854208BF44F001041830854208BF44F0B2
:1076080001041830854208BF44F00104183085424F
:1076180008BF44F0010400F55670854208BF44F0E5
:1076280001041830854208BF44F00104183085422F
:1076380008BF44F001041830854208BF44F0010433
:107648001830854208BF44F001041830854208BF4D
:1076580044F001041830854208BF44F00104183092
:10766800854208BF44F00104A0F59560B54218BFF3
:107678008542DCF86C600CBF0120002054EA000849
:10768800286820F001002860DCF86400DCF8684015
:10769800DCF85870446040D016B1DCE91C04446042
:1076A800DCF85C004FF03F0E00F01F000EFA00F00F
:1076B800B860286820F4802028606B60DCF8083007
:1076C800402B23D0A960EA602B6823F01E0343F007
:1076D80016032B60DCF840301BB12B6843F008031D
:1076E8002B60DCF860301A68D20303D51A6842F4BC
:1076F80080721A601EB1336843F4807333602B685C
:10770800002043F001032B60BDE8F081AA60E96026
:10771800DAE7012070470220704716B1DCE91C0443
:1077280044602948DFF8A8E0754518BF85420EF186
:10773800140E0CBF01200020754508BF40F0010061
:107748000EF1140E754508BF40F001000EF1140E3D
:10775800754508BF40F001000EF1140E754508BFCD
:1077680040F001000EF1140E754508BF40F001000D
:1077780010B9164885420ED1DCF85C0000F01F0EE7
:10778800012000FA0EF078606B60DCF80830402BBE
:1077980010D0A960EA602B6823F00E0343F00A03B7
:1077A8002B60DCF84030002B9BD02B6843F004039F
:1077B8002B6096E7AA60E960EDE700BF4000024051
:1077C80028000240580002400854025894540258B5
:1077D8001C54025800285FD038B590F8352003466D
:1077E800022A55D10168444A914248D01832914240
:1077F80045D03032414C4248A14218BF914204F171
:1078080048040CBF01220022814208BF42F0010255
:107818003030A14208BF42F001023034814208BF33
:1078280042F0010200F55C70A14208BF42F001027B
:1078380004F55C74814208BF42F001023030A14275
:1078480008BF42F001023034814208BF42F0010211
:107858003030A14208BF42F001023034814208BFF3
:1078680042F001023030A14208BF42F001028142D9
:1078780008BF42F0010212B9224A91420ED10422F5
:10788800002083F835200B6823F001030B6038BD16
:10789800802201205A6538BD012070470A681C6E95
:1078A80022F00E02D86D9D6D0A6000F01F000A6874
:1078B80022F001020A6001222168824021F48071CD
:1078C80021606A60DA6ED3E91910486032B1116834
:1078D800D3E91C0421F48071116044600024012163
:1078E8001A6D83F8344083F835101AB1184690475A
:1078F800204638BD104638BD100002404000024006
:1079080070000240B80402402DE9F04300229C4B6D
:1079180083B09C4E1D688146019203689A4A846D23
:10792800934218BFB342276808BF0126216818BFD1
:10793800002645D018329548834218BF934200F17B
:1079480018000CBF01220022834208BF42F0010246
:107958001830834208BF42F001021830834208BF42
:1079680042F001021830834208BF42F0010200F5DC
:107978005670834208BF42F001021830834208BFA4
:1079880042F001021830834208BF42F00102183069
:10799800834208BF42F001021830834208BF42F018
:1079A80001021830834208BF42F0010218308342B6
:1079B80008BF42F001021AB9754A934240F050825A
:1079C800D9F85C10082201F01F0C02FA0CF21742D9
:1079D80040F0888127FA0CF2D2070CD55A691006B4
:1079E80009D5012202FA0CF2A260D9F8542042F01B
:1079F8000202C9F854204FF0040E0EFA0CF0384277
:107A08005BD0002E4FD1634ADFF88081434518BF11
:107A1800934208F118080CBF01220022434508BF11
:107A280042F0010208F11808434508BF42F001027C
:107A380008F11808434508BF42F0010208F1180888
:107A4800434508BF42F0010208F55678434508BF90
:107A580042F0010208F11808434508BF42F001024C
:107A680008F11808434508BF42F0010208F1180858
:107A7800434508BF42F0010208F11808434508BF12
:107A880042F0010208F11808434508BF42F001021C
:107A980008F11808434508BF42F001021AB93C4AE8
:107AA800934240F019821A68920706D5A060D9F867
:107AB800542042F00402C9F85420102202FA0CFCA7
:107AC8001CEA070F6CD0002E45D1324A2F4EB34224
:107AD80018BF934206F118060CBF01220022B342D8
:107AE80008BF42F001021836B34208BF42F0010253
:107AF8001836B34208BF42F001021836B34208BF35
:107B080042F0010206F55676B34208BF42F0010280
:107B18001836B34208BF42F001021836B34208BF14
:107B280042F001021836B34208BF42F0010218368B
:107B3800B34208BF42F001021836B34208BF42F010
:107B480001021836B34208BF42F001021AB9104ABE
:107B5800934240F0C9811A68100721D5C4F808C0BB
:107B68001A68560300F14C811A68D20503D41A68C2
:107B780022F008021A60D9F840308BB10CE000BF3F
:107B88004002002410000240280002405800024031
:107B9800B80402404000024048469847D9F85C10B3
:107BA80001F01F0120268E403E4268D0D9F80020FF
:107BB800A54BA64FBA4218BF9A4207F118070CBF47
:107BC80001230023BA4208BF43F001031837BA4221
:107BD80008BF43F001031837BA4208BF43F0010356
:107BE8001837BA4208BF43F001031837BA4208BF32
:107BF80043F001031837BA4208BF43F0010307F501
:107C08005677BA4208BF43F001031837BA4208BF93
:107C180043F001031837BA4208BF43F0010318378D
:107C2800BA4208BF43F001031837BA4208BF43F00D
:107C380001031837BA4208BF43F001031837BA42A4
:107C480008BF43F001031BB9814B9A4240F062819F
:107C58001368DB0613D5A66099F83530042B136832
:107C680000F0AE8013F4802F136800F0D3801C035B
:107C780040F1DE80D9F83C300BB148469847D9F836
:107C88005430002B00F0B980D9F85430D8071FD5EC
:107C9800D9F80020042189F83510136823F001036E
:107CA80013606C4BA3FB0535AD0A02E01368D907D6
:107CB80004D5019B0133AB420193F7D9002389F81E
:107CC80034301368DB074CBF0323012389F83530B0
:107CD800D9F84C30002B00F09080484603B0BDE83E
:107CE800F0431847186840070AD5186820F00400C0
:107CF8001860A260D9F8542042F00102C9F8542053
:107D080027FA0CF2D2077FF576AE534A53488342DE
:107D180018BF934200F130000CBF012200228342B9
:107D280008BF42F001021830834208BF42F0010246
:107D38001830834208BF42F001021830834208BF5E
:107D480042F0010200F55670834208BF42F001027A
:107D58001830834208BF42F001021830834208BF3E
:107D680042F001021830834208BF42F00102183085
:107D7800834208BF42F001021830834208BF42F034
:107D880001021830834208BF42F0010218308342D2
:107D980008BF42F00102002A7FF420AE002E7FF4D3
:107DA8001DAE1A68042202FA0CF23A4240F094809E
:107DB800102202FA0CFC17EA0C0F3FF4F1AE84E62D
:107DC80023F016031360536923F080035361D9F835
:107DD80040309BB3136823F0080313603F2300254A
:107DE800012203FA01F1D9F85030A16089F8345022
:107DF80089F83520002B7FF470AF03B0BDE8F0831D
:107E08001B6818037FF5B7AED9F84830002B7FF40C
:107E1800C3AEC5E613F480737FF42CAF116821F06C
:107E280010011160012289F8343089F8352021E7E2
:107E3800D9F84430002B7FF420AF20E7D9F8483038
:107E4800002BC7D1CAE700BF10000240280002403B
:107E5800B8040240B5814E1B580002404000024061
:107E68004E4A4F4DAB4218BF934205F114050CBF63
:107E780001220022AB4208BF42F001021435AB4296
:107E880008BF42F001021435AB4208BF42F00102BC
:107E98001435AB4208BF42F001021435AB4208BFAB
:107EA80042F0010212B93F4A9342A6D1D9F85C5078
:107EB80004261A6805F01F05AE400E4219D0570770
:107EC80017D5100466604BD5D1034FD4D9F8483084
:107ED800002B7FF402AF90E71A68102202FA0CFC1C
:107EE80017EA0C0F3FF45CAE1A6852077FF558AEDC
:107EF80034E60226AE400E4211D097070FD56660D1
:107F0800140439D5D00343D4D9F84430002B7FF476
:107F1800E4AE72E713689F077FF5B1AE9BE60826CB
:107F2800AE400E423FF469AF11077FF566AF1A689D
:107F3800002122F00E021A600123D9F84C2003FA1E
:107F480005F56560C9F8543089F8341089F835307A
:107F5800002A3FF452AF484603B0BDE8F04310474B
:107F6800920603D41A6822F004021A60D9F8403045
:107F7800002B7FF4B2AE40E712F0200208D1196856
:107F8800012421F00A01196089F8342089F8354064
:107F9800D9F83C30002B7FF4A0AE2EE708540258E5
:107FA8001C54025894540258406D70472DE9F04F04
:107FB8000D6883B0002D00F0D5800023DFF86882BB
:107FC80001229A4012EA050C00F0C7804E6826F09C
:107FD8001009B9F1020F40F0C88003F007044FEA16
:107FE800D30E4FF00F0A4FEA840900EB8E0E0AFAFF
:107FF80009FADEF8204024EA0A0A0C6904FA09F4AE
:1080080006F0030944EA0A04CEF820404FEA430E7A
:108018000324D0F800A009FA0EF904FA0EF42AEAAB
:10802800040AE44349EA0A09C0F80090D0F808A015
:10803800CF6804EA0A0A07FA0EF949EA0A09C0F8F9
:108048000890C6F30019D0F804A009FA03F92AEA3F
:10805800020249EA02024260C268F70004EA020426
:108068008A6802FA0EF242EA0402C26075D5644CCC
:1080780023F0030E03F00309D4F8F420C6444FEAB2
:10808800890942F00202C4F8F420D4F8F42002F07E
:1080980002020192019A0F22DEF8084002FA09F260
:1080A80024EA0202574CA04225D004F58064A0427D
:1080B8007BD0554CA0427ED0544CA0426FD0544C3B
:1080C800A04200F08480534CA04200F08680524CBD
:1080D800A04276D0514CA04200F08580504CA0427E
:1080E80000F087804F4CA0420CBF09240A2404FAF0
:1080F80009F942EA0902CEF808204FF0B0426FEAC7
:108108000C0EF403D2F880204FF0B04454BF0EEAAE
:1081180002024CEA0202C4F88020B203D4F8844078
:108128004FF0B04254BF0EEA04044CEA0404F702CC
:10813800C2F8844014684FF0B04254BF0EEA0404F9
:108148004CEA04041460B40252684FF0B04454BFBF
:108158000EEA02024CEA02026260013335FA03F2C7
:108168007FF42EAF03B0BDE8F08F4FEA430E03242F
:10817800D0F800B006F0030A04FA0EF409F1FF394A
:108188000AFA0EFA2BEA040BB9F1010F6FEA04049C
:108198004AEA0B0AC0F800A03FF65EAF46E70324A0
:1081A80004FA09F942EA0902A5E7012404FA09F9DF
:1081B80042EA09029FE7022404FA09F942EA09029D
:1081C80099E7062404FA09F942EA090293E7042424
:1081D80004FA09F942EA09028DE7052404FA09F9C3
:1081E80042EA090287E7072404FA09F942EA090280
:1081F80081E7082404FA09F942EA09027BE700BF8B
:10820800004402580000025800080258000C0258A6
:10821800001002580014025800180258001C025896
:10822800002002580024025800040058002900F0D9
:10823800A88000232DE9F04FDFF8689183B0DFF8BC
:108248006881DFF868A1DFF868B14FF0010E0EFA17
:1082580003F212EA010C6FD023F0030503F00304C4
:108268000F2640454D444FEAC404AF6806FA04F6A9
:1082780007EA0607019721D0504566D0584567D0D0
:10828800434FB8426ED0434FB84270D0424FB842C5
:1082980063D0424FB84256D0414FB84272D0DFF84F
:1082A80014E1704568D0DFF810E1704514BF4FF055
:1082B8000A0E4FF0090E0EFA04F400E00024019FA4
:1082C800A74219D1AC6824EA06064FF0B044AE6064
:1082D800D4F8805025EA0C05C4F88050D4F88450AE
:1082E80025EA0C05C4F88450256825EA0C052560A4
:1082F800656825EA0C05656003255C0003F007073F
:108308000F2605FA04F40568BF00254306FA07F7A7
:108318000560DD0800EB85052E6A26EA07062E6251
:10832800856825EA04058560456825EA02024260F9
:10833800C26822EA0404C460013331FA03F284D12A
:1083480003B0BDE8F08F4FF0060E0EFA04F4B6E75E
:108358004FF0020E0EFA04F4B1E74FF0050E0EFAD4
:1083680004F4ACE74FF0030E0EFA04F4A7E74FF05D
:10837800040E0EFA04F4A2E74FF0080E0EFA04F405
:108388009DE770474FF0070E0EFA04F497E700BF19
:10839800000C025800100258001402580018025825
:1083A800001C02580004005800000258000402583B
:1083B8000008025800200258002402580369194294
:1083C80014BF01200020704702B909048161704779
:1083D8002DE9F04F056885B00446284606F014FDDF
:1083E800012802D005B0BDE8F08F206806F0BCFC7B
:1083F8000028F7D0206806F0B7FC10F4001F2068AA
:1084080002D04FF40013436106F0AEFC10F4801F55
:10841800206802D04FF48013436106F0A5FC10F0E9
:10842800806F206802D04FF08063436106F09CFCA7
:1084380010F0020F20682FD106F096FC870000F19B
:108448001381206806F090FCC60100F1CF802068F7
:1084580006F08AFC000700F1BE80206806F084FC64
:1084680010F0007F20681AD106F07EFCC306B9D54B
:108478002568AB6923F01003AB612E6AC6F343414C
:10848800C6F30A17022902D1002F40F0C681AB6952
:1084980043F01003AB61A5E702234361CCE706F084
:1084A80021FDD4F808E080462068BEF1000F00F0F6
:1084B800998005F5A06500264FF0280B4FF0020AB9
:1084C8004AE000F5A0694A0109EB4117BB685B0760
:1084D8005DD50423BB60FB6843F00203FB60BB6807
:1084E800980500F1FD80BB68DB0740F1CF80236968
:1084F80053B101EB81003B6904EBC000C3F3120CDC
:10850800836CA3EB0C03C3648B004FF0010C4FF09A
:10851800000E581804EBC000C0F858E080F85DC0A1
:10852800C7F808C090F83FE01EF0FD0F00F0648126
:10853800BEF1030F00F040820B4404EBC30393F831
:10854800502082F0010283F85020D4F808E0206817
:1085580001362035764545D206F00F0328FA03F395
:10856800D907F5D52B68F1B21A04AAD400F5A06290
:108578004FEA411C02EB4117BB6813F004090DD008
:108588000423BB60FB6843F00203FB60E0E7BB68C1
:108598009B0640F1B3802023BB60A0E7BB6813F0C3
:1085A800200300F0CA8001EB8103202204EBC303FF
:1085B800BA6093F83D20012ACAD183F83D9083F828
:1085C8005CA0FB6843F00203FB6006F08FFCD4F864
:1085D80008E02068BCE72046FDF70CFD206808236A
:1085E80043613BE74FF0007343613DE72668D6F8E7
:1085F80040340293D6F840340393039B23F02E03B0
:108608000393029B980707D5029BD90700F1638162
:10861800039B43F002030393029B1A0718D5039B9D
:1086280043F008030393029B5B0740F15C81A16957
:10863800022900F09A81E368012B03D14EF66022EB
:10864800C6F804242046FDF7E3FC2046FDF7D6FCD7
:108658002068029B9F0603D5039B43F020030393E6
:10866800039BC6F84034F3E6D5F84034204623F09F
:108678002E03C5F84034FDF7C5FC0121206806F03B
:108688000FFC20684FF000534361DBE6BB68980796
:1086980040F18E80FB6801EB810C23F0020304EBB0
:1086A800CC0CFB608B009CF85D00012800F0B280C8
:1086B800052800F0AF80062800F0A381082800F004
:1086C800A081032800F0DC819CF85C000246C7F812
:1086D80008A02046FDF79AFCD4F808E0206837E7A0
:1086E800FB68206843F00203FB6006F0FFFB4FF4D1
:1086F80000732068BB60D4F808E029E7BB681B0753
:1087080000F1BB80BB685B057FF5E9AEFB680192B1
:1087180043F002030091FB6006F0E8FB009910208B
:10872800019A01EB8103B860082004EBC30383F8C6
:108738005D004FF48063BB60D1E6D7F8089019F06C
:10874800400F40F0B180BB6813F4007340F02F81F4
:10875800D7F8089019F0010F40F03F81BB6813F07B
:10876800080340F06881D7F8089019F0100F00F05E
:10877800C98001EB810204EBC2029365032382F8EE
:108788005D3092F83D303BB90BFB014393F83C2038
:1087980012B9012283F83D20FB6843F00203FB6015
:1087A80006F0A4FB10232068BB60D4F808E0CFE6ED
:1087B800BB6813F0800340F0E380BA68D20640F14A
:1087C800D08001EB810004EBC00090F83F20032A21
:1087D80000F04B8112F0FD02E4D123698265002B81
:1087E800E0D10BFB0143032283F85D20FB6820687E
:1087F80043F00203FB60D3E7FA68206842F0020204
:1088080001930091FA6006F071FB1022DDE9001374
:10881800BA6091E68CF85C0058E706F00F0606EBA4
:10882800860804EBC808D8F8441000293FF42FAE96
:10883800284605F5A0653A4606F014FAD8F84430FB
:1088480005EB46123B441169D8F84C20C8F844306F
:1088580073013A44C8F84C20BC4A0A405AB1EA5855
:1088680022F0804242F00042EA5098F8503083F0FB
:10887800010388F85030256809E6FB684FF0050CBD
:10888800019243F002030091FB6001EB810304EBCA
:10889800C30383F85DC01023BB600823BB6006F0E8
:1088A80025FBDDE900121AE601EB810204EBC202A6
:1088B8009365042382F85D30012382F83D30FB681C
:1088C80043F00203FB6006F011FB40232068BB6005
:1088D800D4F808E03CE6B369204623F00053B361BE
:1088E800FDF78CFB94E62046FDF796FBD6F840345E
:1088F800206823F02E03C6F84034836943F0005300
:108908008361A6E6BB681B0600F1C880BB685B05EF
:1089180000F1D780BB689B077FF51AAEFB680BFB9D
:10892800014023F00203FB6090F85D30012B00F05A
:10893800E180032B00F0DB80042B00F0D880052BAE
:1089480000F0FC80062B00F0E480082B00F0E180AA
:108958000BFB01432046C7F808A093F85C20FDF7FD
:1089680055FBD4F808E02068F2E5029B206803F480
:10897800C023B3F5802F18BF012106F091FA61E6F4
:10898800FB6801EB810243F0020304EBC202FB60C7
:10899800936D01339365062382F85D30206806F0F5
:1089A800A5FA80232068BB60D4F808E0D0E5FB680E
:1089B80043F00203FB6098E652F80970019347F010
:1089C8000057009142F80970624680F85CC0204662
:1089D800FDF71CFBDDE90013AEE5FA6801EB810940
:1089E80042F0020204EBC909C9F85830FA6006F0EF
:1089F8007DFA0123BB6089F85D30D4F808E020686F
:108A0800A6E503EB010C04EBCC0CDCF858000130B4
:108A1800032825D8CCF8580002200B4404EBC303E4
:108A280083F85C0052F8093023F0804343F0004398
:108A380042F809304AE608230091BB60FB6843F01E
:108A48000203FB6006F052FA0099052201EB81014E
:108A580004EBC10383F85D20D4F808E0206877E5CB
:108A68000020CCF858000420D7E7FA680BFB014037
:108A780042F0020283652068FA6006F037FA91E650
:108A88000BFB0143022083F85CA052F8093023F065
:108A9800804343F0004342F8093017E6FB68009131
:108AA80043F00203FB6006F021FA009906230BFB52
:108AB800014181F85D3080232068BB60D4F808E06C
:108AC80046E5FB68009143F00203FB6006F00EFAEE
:108AD80010230099BB604FF480630BFB0141BB601E
:108AE800082381F85D30D4F808E0206830E580F884
:108AF8005CA02DE780F85C3090F83F30023B012BFA
:108B08003FF626AF90F8513083F0010380F85130DA
:108B18001EE70BFB0140836D0133032B11D88365DE
:108B280002230BFB014080F85C3052F80C3023F034
:108B3800804343F0004342F80C3009E780F85C308A
:108B480006E7002383650423EBE700BF0000F81F56
:108B580090F8B832012B0CD0012310B504460068F8
:108B680084F8B83206F022FA0023184684F8B8329E
:108B780010BD0220704700BFF8B505460E461746DF
:108B8800701C2C682CD1A369990727D4A369DA062D
:108B9800F9D5A3699A06FCD520231022E261E36186
:108BA800A3699F0701D50023A362A369DE0703D445
:108BB800A36943F00103A361636800221B482021D5
:108BC8000340012063606B6C85F8402043F0040388
:108BD8006B6485F8411085F84220F8BD0020F8BD87
:108BE800A3699B07FAD4A369D9061BD4FDF752FBE6
:108BF800C01BB04201D8002EC2D16B6C20210022CC
:108C080001200B4385F840206B6485F8411085F8F6
:108C18004220F8BDFDF73EFBC01B8642EDD3002E77
:108C2800EBD02C68A3699B06F4D5B5E700E800FEF5
:108C3800F8B505460E4617462C68A3699B0649D425
:108C4800A369DA0626D5731C38D1A3699E06FCD51C
:108C580020231022E261E361A369990701D500236B
:108C6800A362A369DA0703D4A36943F00103A361EC
:108C780063680022184820210340012063606B6C60
:108C880085F8402043F004036B6485F8411085F8AB
:108C98004220F8BDFDF7FEFAC01BB04201D8002EF5
:108CA800CAD16B6C2021002201200B4385F840209B
:108CB8006B6485F8411085F84220F8BDA3699806D1
:108CC800C6D4FDF7E7FAC01B8642EAD3002EE8D0E7
:108CD8002C68B8E70020F8BD00E800FE00284ED058
:108CE80010B590F84130044603F0FF02002B41D044
:108CF80023682421626884F84110196822F07062A0
:108D0800E06821F00101012819601A619A6822F4CB
:108D180000429A60A26829D042F4044202289A606C
:108D280002D14FF400625A6058684FF0200C154980
:108D3800226901435960D96821F40041D960D4E916
:108D48000501024342EA0122D4E90710DA60002251
:108D5800014310461960196841F001011960626405
:108D680084F841C0226384F8422010BD42F40042D6
:108D78009A60D9E780F84020FAF73EFDB8E701206D
:108D8800704700BF008000022DE9F047984690F830
:108D98004130089E202B40F0878090F840300446F0
:108DA800012B00F0818001238946174680F8403066
:108DB800FDF770FA054604E0FDF76CFA401B192828
:108DC80075D82368986910F40040F5D121226762AC
:108DD8006063C9F3090784F84120102284F842200F
:108DE8006064A4F82A80628D92B2FF2A6DD8628DE1
:108DF800494892B2D1B222855A6802403A4342EABF
:108E08000142464911435960DFF81C814FF0FF0ABF
:108E1800DFF81891638D2A46314620469BB2002B15
:108E280030D0FFF7A9FE002873D1606A216810F8D6
:108E3800012B238D8A62628D013B6062013A9BB2ED
:108E480092B223856285628D92B2002BE2D1002A0C
:108E5800E0D0701C43D18B691A06FCD5638D9BB298
:108E6800FF2B48D94B682A46A4F828A0204603EAD5
:108E780008033B4343EA09034B603146638D9BB2C9
:108E8800002BCED1FFF7D4FE002842D12368202141
:108E9800234DD9615A682A405A6084F8411084F8F1
:108EA800400084F8420000E00220BDE8F087636CCF
:108EB8002021002201200B4384F84020636484F8B9
:108EC800411084F84220BDE8F0875A6812490A40E8
:108ED80014493A431143FF222285596094E78B696C
:108EE8001B06BBD4FDF7D6F9401B8642DFD3002E04
:108EF800DDD02168ADE7638D9BB2DAB223854B687C
:108F080003EA080343EA02433B4343F000734B6020
:108F180080E70120BDE8F087009800FC002000826F
:108F280000E800FE0020FF81009C00FC0000FF011B
:108F38002DE9F0471F4690F84130202B40F08E80F5
:108F480004460D46002900F08380B2FA82F91646DD
:108F58004FEA5919002A7BD05FFA83FA90F840301B
:108F6800012B7BD0012380F84030FDF793F92123B2
:108F780065628046256884F8413084F842A0C4F8C8
:108F8800449066856B68C4F8349023F400436B60A2
:108F98007B1C66D1AE693607FCD50823EB61E36814
:108FA800022B06D0AE69F60328D4AE69F603F9D5CC
:108FB80024E0AB691907FCD50823EB617B1CF1D0D1
:108FC800AB69DD031AD4FDF765F9A0EB0800874209
:108FD80053D3002F51D02568F0E742463946204642
:108FE800FFF7CAFD00285BD1636A226813F8011BEA
:108FF8009162658D6362013DADB26585638D9BB2FB
:10900800002BEAD1424639462046FFF711FE0028D8
:109018004DD02268536843F400435360636C042BBB
:1090280054D1002363642023D361781C41D1936910
:109038001904FCD451680023202041F400415160F8
:1090480084F84100184684F8423084F8403003E040
:109058004FF4007301206364BDE8F0870220BDE887
:10906800F087AB69180733D4FDF714F9A0EB0800B3
:10907800874202D30FB125688AE7636C202000215C
:109088002268034384F84010636484F84100012097
:1090980084F84210536843F400435360BDE8F087F6
:1090A80022680120536843F400435360D4E72268E0
:1090B800B9E793691B04BDD5FDF7ECF8A0EB0800F0
:1090C8008742DAD3002FD8D02268AEE70120C3E761
:1090D8000823EB61E368022B7FF470AF08E0FDF72B
:1090E800D9F8A0EB08008742C7D3002FC5D0256860
:1090F800AB691A07F3D55FE70268436B9169126899
:1091080003B11847704700BF90F84100704700BF8F
:1091180090F84120202A23D15FFA82FC90F8402061
:109128000346012A1CD00268242000B583F84100B8
:109138004FF0000E106820F001001060106820F455
:10914800805010601068014370461160116841F04A
:109158000101116083F841C083F840E05DF804FB29
:109168000220704790F84120202A22D1034600B5FA
:109178005FFA82FE90F84020012A1CD00268242061
:109188004FF0000C83F84100106820F001001060D7
:10919800106820F4706040EA01216046116011688F
:1091A80041F00101116083F841E083F840C05DF8A7
:1091B80004FB0220704702205DF804FB2DE9F04F04
:1091C800076889B00446384605F01EFE10B109B09C
:1091D800BDE8F08F8246206805F0C6FD0028F6D06D
:1091E800206805F0C1FD10F0020F206803D0436924
:1091F80003F00203436105F0B7FD10F4002B20686B
:1092080040F0508105F0B0FD10F4802F206840F048
:10921800EB8005F0A9FD002874DB206805F0A4FDAB
:10922800000564D4206805F09FFD020114D522686A
:10923800536903F00063536194F8F433002B40F052
:1092480095810121204684F8F413536DC3F38303F9
:10925800C4F8F83300F024FC206805F085FDC30449
:109268007BD4206805F080FD10F4005F20685DD194
:1092780005F07AFD10F0100F206812D0836923F0F2
:10928800100383613D6AC5F3434305F00F06022BC3
:1092980000F03182062B00F07F81836943F01003D0
:1092A800836105F061FD070700F15781206805F02B
:1092B8005BFDC60200F14681206805F055FD850278
:1092C80000F13581206805F04FFD400000F126814E
:1092D800206805F049FD41077FF579AF23685D688F
:1092E8006A0700F129825A682A435A606FE7D7F85B
:1092F8000838D90700F11C822068436903F4006329
:10930800436190E7D7F8043823F00103C7F804381D
:1093180094F8F433012B00F038812046FCF7EAFD7D
:109328002068436903F00043436177E705F070FD67
:10933800206805F055FA2568E06001F0E5FC227B1D
:109348000146284605F0B0F92046FCF7A9FD20683B
:10935800436903F4005343618AE7D7F804381021BE
:10936800206807F5006523F001036B6005F01EFA1D
:109378006068B0B107F510634FF67F3199600AF164
:10938800010A1A682033824522F4001243F8202C7F
:10939800C3F8E811D3F8E02122F40012C3F8E02161
:1093A800ECD1EB6943F00113EB61236B002B40F028
:1093B800E1806A6942F22B0313436B612B6943F026
:1093C8000B032B61D7F8003804F57172217C23F464
:1093D800FE632068C7F8003805F036FD2068436949
:1093E80003F4805343613DE705F0D6FC80462068CE
:1093F800B8F1000F00F0E580264607F510694FF038
:10940800000BCDE9037A09E05FEA58080BF1010B7C
:1094180006F11C0609F1200900F0D58018F0010FAB
:10942800F2D05FFA8BF7394605F0D2FCC307054640
:109438001FD50BF00F03039901229A40D1F8343855
:1094480023EA0203C1F834380123C9F80830236934
:10945800012B03D1D6E911231344B36439462046BE
:10946800FCF710FD2369012B03D1BBF1000F00F0BD
:10947800AC81280702D50823C9F80830E90602D5C7
:109488001023C9F808306A0602D54023C9F8083005
:10949800AB0702D50223C9F808302D0600F1C680B3
:1094A8002068B1E705F06AFC05462068002D00F049
:1094B800868007F53066A1464FF0000B049707E059
:1094C8006D080BF1010B06F1200609F11C097DD08E
:1094D800EB07F5D55FFA8BF1039105F06BFC10F003
:1094E800010F8046039973D118F0080F40F0F280FD
:1094F800206818F0100F01D01023B36018F0200F67
:1095080005D02169012900F05A812023B36018F49D
:10951800005FD5D04FF40053B360D1E72046FCF785
:10952800F5FC2068436903F080434361D1E6204697
:109538005FFA8BF1FCF7E2FC2068436903F400133F
:109548004361C0E620465FFA8BF1FCF7DBFC20683C
:10955800436903F480134361AFE62046FCF79CFCA3
:109568002068436903F008034361A0E62046FCF73E
:10957800A9FC71E6D5F8843043F00B03C5F88430B4
:109588006B6C43F00B036B641CE70021204684F8E6
:10959800F41300F085FAC3E6C6EBC606082204F504
:1095A8007171384605F05EFBC5F30A1304EB8602B9
:1095B8002068D2F814120B44C2F814326DE6AB4698
:1095C80020E6C34625E6DDE9037A22E6049F19E68C
:1095D800206801232769B36000F53063012FD0F8B4
:1095E80040E003EB4B139A6800F0C580984FBE45E6
:1095F80040F0BD80170440F1B6804FF4004218F0E7
:10960800080F9A603FF475AF026C986890498A42D7
:1096180000F0978020460392FCF724FC8D4B039AB8
:109628009A4200F296800823B36061E7D6E91453A2
:10963800D4F800A0AB4250463FF6E6AE0AF51062F9
:10964800716CCDF81CA002EB4B120592EA1A8A4203
:1096580028BF0A4605998969033289B2B1EB920F8E
:10966800C0F0A980CDF81890C146A046059C1AE024
:10967800736C3A46B16C50469D4228BF1D4698F817
:1096880010300093ABB205F0D7FAB36CA1692B4444
:1096980089B2B364736D2B440335B1EB950F7365D1
:1096A800C0F08180356D9D42A5EB0305E0D84446A6
:1096B800C846DDF81890D4F800A0079B0122504650
:1096C80003F500610BF00F039A404B6B23EA02038A
:1096D8004B6399E62268216902F53063126C01290F
:1096E80003EB4B13986891D15A498A4229D82046EE
:1096F800FCF7B8FB97E747F6F0731D423FF4CDAD92
:10970800C6EBC606C5F30A12384604EB86061546AC
:10971800D6F8081205F0A6FAD6F8083220682B44C5
:10972800C6F80832D6F814322B44C6F81432B4E519
:109738002046FCF7C7FBDFE52046FCF7EBFB236878
:10974800D1E5020402D54FF400429A602046FCF7A6
:1097580089FB216901297FF466AF04F571722068DD
:1097680005F072FB5FE7900601D520229A6020463B
:10977800FCF77EFBB8E6170732D536498E4504D983
:10978800120402D54FF400429A6020460393FCF776
:1097980069FB04F571720121206805F055FB082268
:1097A800039B9A60A0E64446356DC846DDF81890DC
:1097B800D4F800A050469D423FF626AE7DE704F55A
:1097C800717205F041FB20689FE6236D002B7FF442
:1097D80050AE04F571720121206805F035FB48E6AA
:1097E800970608D520229A6018F0080F3FF481AE3A
:1097F800026C986878E712F0280FF5D1154FBE452E
:1098080005D9120403D54FF400429A60ECE71B69AE
:109818002046D9F80422C3F31203D31AC9F8143224
:10982800D9F808321344C9F80832FCF721FBBBF118
:10983800000F7FF459AED4F81032002B7FF454AEE9
:1098480004F571720121206805F0FEFA4CE600BFAC
:109858000A31544F0A30544F90F8BC23012A0ED0D5
:10986800012210B50446006884F8381084F8BC2337
:1098780005F068FA0023184684F8BC3310BD0220AE
:10988800704700BF10B501F00F0E0906044627D433
:109898004FF01C0C0CFB0E0C0CF5FE71CEEBCE0C35
:1098A80000EB8C0C00208CF8FD018A604A7881F866
:1098B80000E0CB700AB1A1F806E0022B01D1002329
:1098C8000B7194F8BC33012B18D00123206884F85D
:1098D800BC3304F097FF0023184684F8BC3310BD4E
:1098E8001C204FF0010C00FB0E4000F13C01CEEBB8
:1098F800CE0004EB800080F83DC0D6E7022010BD02
:1099080010B501F00F041C21C4EBC40C01FB0401C9
:1099180000EB8C0C01F5FE71CCF810320023CCF86A
:1099280008228CF8FC41CCF814328CF8FD3103691C
:109938000068012B08BFCCF80C22DAB21CB905F07C
:10994800C1F8002010BD04F0A5FF002010BD00BF25
:1099580010B501F00F041C21C4EBC40C01FB040179
:1099680000EB8C0C3C31CCF850300023CCF848206C
:10997800CCF8543001238CF83C408CF83D30036916
:109988000068012B08BFCCF84C20DAB21CB905F0EE
:1099980099F8002010BD04F07DFF002010BD00BF25
:1099A80038B5436801F00F059D4234D80B060446CC
:1099B8001DD41C22C1EBC10302FB010100EB830390
:1099C800002201F5FE7183F8FD2101230D708B70D3
:1099D80094F8BC239A421CD0206884F8BC3305F064
:1099E80051F9D5B10023184684F8BC3338BD1C2181
:1099F800C5EBC503012201FB050100EB83033C31E4
:109A080083F83D2001230D708B7094F8BC239A4293
:109A1800E2D1022038BD012038BD04F57172217CE5
:109A2800206805F011FADDE7426838B501F00F0348
:109A3800934232D811F0800F04464FF01C01C3EB5B
:109A4800C30219D101FB0341002004EB8202002567
:109A580001F5FE7182F8FD010B708D7094F8BC332E
:109A6800012B18D00123206884F8BC3305F03EF997
:109A7800284684F8BC5338BD01FB0341012004EBA0
:109A8800820200253C3182F83D000B708D7094F8FD
:109A9800BC33012BE6D1022038BD012038BD00BF00
:109AA800704700BF38B5114BDA68520704D4DB6839
:109AB80003F00703834214D10C4CE36823F0070337
:109AC8001843E060FCF7E6FB054605E0FCF7E2FB1F
:109AD800401BB0F57A7F06D863689B04F6D5002052
:109AE80038BD012038BD032038BD00BF00480258EA
:109AF800024AD36843F08073D36070470048025825
:109B080070B44D6A15B1B2F1406F3AD18B691BB38D
:109B18000C6A002C4CD08E680068C661CE69002E95
:109B280069D02B4313432343CC6A334323430C6B41
:109B380023434C6B23430C692343CC6823430C68B1
:109B480023434C69B2F1406F43EA8443436165D0D3
:109B58004B6870BC836170470B6ABBB100682B43CC
:109B68008C68CE69C461002E6BD01343CC6A334332
:109B780023430C6B23434C6B23430C692343CC686E
:109B8800DEE78B6A0468013B2361BFE7CB69002BE2
:109B980066D1002D42D0CB6A0C6B2B43006813436F
:109BA8004A6923434C6B234343EA8243436135E0CC
:109BB800CC6945EA030C002C32D003684CEA020059
:109BC800B2F1406F40EA0400CC6A40EA04000C6B32
:109BD80040EA04004C6B40EA0400CC6840EA040008
:109BE8000C6840EA04004C6940EA8440586115D08A
:109BF8004A689A6112E045EA030C0D694CEA0203CF
:109C0800CA6A23431343D1E90C4223430C68134324
:109C18004A692B43234343EA8243436170BC70473C
:109C2800CC6A4CEA020300682343D1E90C4223437F
:109C38000C6813434A69234343EA824370BC436177
:109C48007047CC6A13432343D1E90C42234313439F
:109C5800D1E90442234343EA824370BC436170471D
:109C68002B43CD6A0C6B134300682B4323434C6B87
:109C780084E700BF70B50446FCF70CFB002C54D0F9
:109C880094F84030012B52D00123064684F8403026
:109C980094F8413003F0FF02002B34D0A56C226801
:109CA800A1681368013923F4706343EA0123136040
:109CB80001E06B1C31D1936813F02003F9D1E069FE
:109CC800E16815680143206A0143606841EA006160
:109CD8001C482840014360691160A1695568014327
:109CE800206941EA004118482840012501431846E7
:109CF8005160116829431160636484F8415000235E
:109D080084F8403070BD204684F84020FAF7CCF93A
:109D180041F288331D46A364C1E7FCF7BBFA801BF8
:109D2800A84206D82DB12268C5E7012070BD0220DF
:109D380070BD0423012084F84130636C03436364DD
:109D4800DDE700BF2FFFFF00FEF8E0FFC8B110B548
:109D580090F840300446012B11D00268012380F8A6
:109D68004030136823F001031360FAF72BFA00233D
:109D78006364184684F8413084F8403010BD0220EE
:109D880010BD0120704700BF2DE9F04104460E4682
:109D98001546FCF77FFA94F84030012B3AD001239E
:109DA80084F8403094F84130012BDFB206D0022706
:109DB8000023384684F84030BDE8F081002380460F
:109DC8006364022384F84130681C23680ED19A68C2
:109DD80012F02002FBD131462046FFF791FE736A4C
:109DE800E3B10123002784F84130E1E79A6812F0D3
:109DF80020021ED0FCF74EFAA0EB0800854201D3E2
:109E0800002DE1D1042384F84130636C43F0010351
:109E18006364CDE702273846BDE8F081226893687D
:109E28009B07FCD5022101230027D16084F841302B
:109E3800BEE731462046FFF763FE736A43B1D0E7B9
:109E4800FCF728FAA0EB08008542DBD3002DD9D017
:109E5800226893689907F3D5E4E700BF2DE9F84332
:109E6800044689461546FCF715FA94F840302768E9
:109E7800012B67D0012384F8403094F84130012B3E
:109E88005FFA83F807D04FF002080023404684F8B1
:109E98004030BDE8F88300236364B9F1000F56D061
:109EA8001223064684F841303B690133E3623B697B
:109EB800C4F824900133A3627B6923F040637B617B
:109EC800E36A002B31D06A1C394611D18B685B07D5
:109ED800FCD5636A1B7887F82030E26A636A013A26
:109EE8000133E262E26A6362F2B16A1C2168EDD072
:109EF8008B685807EDD4FCF7CDF9801B854201D358
:109F0800002DF2D1042384F84130636C43F001033F
:109F1800636413E0BB689B070CD4FCF7BBF9801B98
:109F28008542EFD3002DEDD02768691CF2D1BB68BC
:109F38009A07FCD502234FF00008FB60012384F840
:109F48004130A2E74FF002084046BDE8F883636C51
:109F580043F00803636498E72DE9F843044615467F
:109F68008946FCF797F92768BA6994F84030012BBD
:109F78006CD0012384F8403094F84130012B5FFA0B
:109F880083F807D04FF002080023404684F8403099
:109F9800BDE8F88300236364B9F1000F5BD0222386
:109FA800064684F841303B690133A3633B69C4F832
:109FB8003090013363637B6923F0406343F080632F
:109FC8007B61BA61A36B002B33D0681C394612D170
:109FD8008B6813F0060FFBD097F82020236B1A70BC
:109FE800A26B236B013A0133A263A26B2363FAB11C
:109FF800681C2168ECD08B6813F0060FECD1FCF7D5
:10A0080049F9801B854201D3002DF1D1042384F83E
:10A018004130636C43F00103636413E0BB689B0742
:10A028000CD4FCF737F9801B8542EFD3002DEDD017
:10A038002768691CF2D1BB689A07FCD502234FF048
:10A048000008FB60012384F841309DE74FF00208C7
:10A058004046BDE8F883636C43F00803636493E704
:10A068002DE9F84F04461F4689469046FCF712F939
:10A0780094F84030012B52D0012384F8403094F8F2
:10A088004130012B5FFA83FB07D04FF0020B00230E
:10A09800584684F84030BDE8F88F00238246636450
:10A0A800422384F841307A1C26682CD1B568AB0667
:10A0B800FCD4D8F8003049462046B362D8F80430BA
:10A0C8007362D8F80830F3623268D8F8103022F496
:10A0D80040021343D8F80C2043F480033360C9F8D6
:10A0E80028204FF00062FFF70BFD781C22681BD177
:10A0F80093681907FCD5082101234FF0000BD160A4
:10A1080084F84130C3E7B3689D06D2D5FCF7C2F89E
:10A11800A0EB0A00874212D3002FC4D10FE04FF002
:10A12800020B5846BDE8F88F93681B07E3D4FCF789
:10A13800B1F8A0EB0A00874201D3002FD5D1042340
:10A1480084F84130636C43F0010363649FE700BF08
:10A158002DE9F04704460F461646FCF79BF894F89D
:10A168004030012B45D0012384F8403094F8413029
:10A17800012B5FFA83F907D04FF002090023484604
:10A1880084F84030BDE8F08700238046D4F848A022
:10A198006364822384F84130BAF1FF3F256814D103
:10A1A800AB689A06FCD42B68726823F00803082A67
:10A1B80043EA02032B6021D04FF040623946204623
:10A1C8004FF00009FFF79CFCD8E7AB689B06EAD57F
:10A1D800FCF760F8A0EB0800824502D3BAF1000F43
:10A1E800DAD1042384F84130636C43F001036364DB
:10A1F800C4E74FF002094846BDE8F08732681023EB
:10A208002A63EB602B6843F480132B60D4E700BF0C
:10A21800704700BF08B5006C00238363C36290F8E1
:10A228004130082B0BD103680222DA601A6842F425
:10A2380000321A601A6842F002021A6008BD01234F
:10A2480080F84130FFF7E4FF08BD00BF704700BF4A
:10A25800704700BF704700BF704700BF704700BF1E
:10A26800704700BF704700BF38B5036804469A6856
:10A27800196855070ED548030CD594F84120122AC1
:10A2880075D094F84120222A00F0A1802046FFF7DB
:10A29800E5FF38BD950726D5880324D50222DA6064
:10A2A8001A6822F4E0221A6094F84120122A7AD01F
:10A2B80094F84120222A00F0A98094F84120022A2B
:10A2C80000F0D08094F84120082AE2D15A6901218F
:10A2D800204622F040625A6184F84110636C3BBB0F
:10A2E800FFF7B4FF38BD150725D4D50735D5C80302
:10A2F80033D50125DD601A6822F470221A60626C79
:10A3080042F0020262641A68520779D51A68E06B53
:10A3180022F004021A60574B836506F0C7FC002838
:10A32800B7D0636C204643F00403636484F841505B
:10A33800FFF76EFF38BD0803D7D50822DA601A6820
:10A34800520206D51A68012122F410221A6084F8F4
:10A3580041102046FFF784FF38BDD00699D5CA02C0
:10A3680097D510222046DA60FFF77CFF38BD9A683F
:10A3780050078BD518460EE0626A127883F82020C1
:10A38800E16A20680139626AE162013281686262C9
:10A398004D077FF57BAFE26A002AEDD1036823F40D
:10A3A8008023036072E71A68510709D51A68E16BC0
:10A3B80022F0040209681A60CB6823F00103CB601D
:10A3C8000123204684F84130FFF746FF38BD9A68DC
:10A3D80052077FF55BAF18460EE093F82010226B0A
:10A3E8001170A16B20680139226BA1630132816869
:10A3F800226349077FF54AAFA26B002AEDD1CDE76A
:10A40800204684F84150FFF703FF38BD1A68520709
:10A418001DD49A6812F47C5F0FD111E093F82010D4
:10A42800226B1170A16B20680139226BA163013284
:10A438008168226311F47C5F02D0A26B002AEDD1FF
:10A448000123204684F84130FFF704FF38BD1A681D
:10A45800E16B22F0040209681A60CB6823F001035B
:10A46800CB60EDE70123204684F84130FFF7F0FE8A
:10A4780038BD00BF1DA20008002800F0DE81F8B535
:10A4880003680446D80730D59F490A69896A02F0EB
:10A498003802102A00F00081182A00F0F88063685A
:10A4A800B3F5803F00F02081002B00F05E81B3F50A
:10A4B800A02F954B1A6800F02F8222F480321A6080
:10A4C8001A6822F480221A60FBF7E4FE8E4E41F2ED
:10A4D8008837054605E0FBF7DDFE401BB84200F271
:10A4E800428133689A03F6D523689D0700F1858079
:10A4F800D9062FD5844A1369926A03F03803082BCA
:10A5080000F0DA80182B00F0D280E3697E4D002B32
:10A5180000F065812B6843F080032B60FBF7BAFEDF
:10A52800064605E0FBF7B6FE801B022800F21B81F9
:10A538002B68DB05F6D5FBF7C5FE41F2030398420D
:10A5480000F20B826B68226A23F0F84343EA8263C5
:10A558006B6023681D0716D563696B4D002B00F0EF
:10A568001C816B6F43F001036B67FBF793FE064694
:10A5780005E0FBF78FFE801B022800F2F4806B6F6A
:10A588009807F6D523689A0616D5A3695E4D002B61
:10A5980000F014812B6843F480532B60FBF77AFE9C
:10A5A800064605E0FBF776FE801B022800F2DB80FA
:10A5B8002B689F04F6D52368590700F19B80636ACE
:10A5C800CBB1514D2A6902F03802182A6DD0022BFE
:10A5D8002B6823F080732B6000F03981FBF75AFE5B
:10A5E800044605E0FBF756FE001B022800F2BB807C
:10A5F8002B689B01F6D40020F8BD434A1369926A80
:10A6080013F0380329D1404BE2681B68590701D57C
:10A61800002A4AD03C4D2B6823F0190313432B60C2
:10A62800FBF738FE064605E0FBF734FE801B0228E0
:10A6380000F299802B685B07F6D5FBF743FE41F2E1
:10A648000303226998426B6800F2F08023F47C339C
:10A6580043EA02336B6023684AE7182B00F0E28074
:10A66800294DE2682B68002A00F0CB8023F01903FB
:10A6780013432B60FBF70EFE064604E0FBF70AFEC9
:10A68800801B02286FD82B685F07F7D5D5E701F044
:10A69800030102297FF403AF1B4A126891037FF577
:10A6A80024AF6268002A7FF420AF0120F8BD02F0D1
:10A6B8000302012A7FF429AF134B1B68DA0502D580
:10A6C800E369802BF1D1FBF7FDFD41F203030E4A4C
:10A6D8009842216A00F2B380536823F0F84343EAB2
:10A6E80081635360236835E7074A136843F480336E
:10A6F8001360E9E6054D2B6843F480732B60FBF784
:10A70800C9FD064609E000BF004402580048025847
:10A71800FBF7C0FD801B642825D82B68DA05F7D520
:10A72800A368012B00F02281002B00F0FD80052B8F
:10A73800954B1A6F00F0208122F001021A671A6FF8
:10A7480022F004021A67FBF7A5FD8F4E41F2883705
:10A75800054604E0FBF79EFD401BB84203D8336F63
:10A768009B07F7D52BE70320F8BD874D41F28837C3
:10A778002B6823F480332B602B6823F480232B6011
:10A78800FBF788FD064604E0FBF784FD801BB84212
:10A79800E9D82B689B03F7D4A6E66B6F23F0010377
:10A7A8006B67FBF777FD064604E0FBF773FD801B3C
:10A7B8000228D8D86B6F9907F7D4E3E62B6823F4FF
:10A7C80080532B60FBF766FD064604E0FBF762FD4D
:10A7D800801B0228C7D82B689804F7D4EBE62B68AF
:10A7E80023F080032B60FBF755FD064604E0FBF7DA
:10A7F80051FD801B0228B6D82B68DF05F7D42368E3
:10A80800A8E623F001032B60FBF744FD064604E0AD
:10A81800FBF740FD801B0228A5D82B685807F7D402
:10A82800236865E690077FF41BAFECE623F0FE4350
:10A8380043EA02636B6023685AE601207047D368D5
:10A8480023F07C5343EA0163D360236882E6FBF775
:10A8580021FD064604E0FBF71DFD801B022882D877
:10A868002B689901F7D4A96A484BA26A0B4048495A
:10A87800454E1343E26A43EA0213AB62D4E90D3250
:10A88800013B013A5B0212049BB202F4FE0213433D
:10A89800226B013AC2F308021343E26B013A120633
:10A8A80002F0FE4213432B63EB6A23F00103EB62D1
:10A8B8006A6BA36C114041EAC3016963EB6A226CBD
:10A8C80023F00C031343EB62EB6A626C23F0020380
:10A8D8001343EB62EB6A43F48033EB62EB6A43F4B5
:10A8E8000033EB62EB6A43F48023EB62EB6A43F0DC
:10A8F8000103EB622B6843F080732B60FBF7CAFC03
:10A90800044605E0FBF7C6FC001B02283FF62BAF08
:10A9180033689A01F6D56EE642F480221A601A6806
:10A9280042F480321A60CFE5174D41F288372B6F19
:10A9380023F001032B672B6F23F004032B67FBF72E
:10A94800A9FC064605E0FBF7A5FC801BB8423FF6CC
:10A958000AAF2B6F9807F6D431E6EB68226A23F02A
:10A968007C5343EA0263EB602368F3E5064A136FFE
:10A9780043F001031367E6E642F004021A671A6F10
:10A9880042F001021A67DEE6004402580CFCFFFFA1
:10A998000700FFFF474A136903F03803102B04D060
:10A9A800182B0DD01BB144487047444870471368B2
:10A9B80099064AD513684248C3F3C103D840704783
:10A9C800936A30B4946AD56A14F47C7F516BC4F3EB
:10A9D800051038D0C1F3CC0105F0010503F00303DD
:10A9E80005FB01F1012B07EE901AB8EEE77A02D0C9
:10A9F800022B2CD093B307EE900A9FED325AF8EE53
:10AA0800E77A136BC5EE276ADFED2F5AC3F3080305
:10AA180007EE903AB7EE006AF8EEE77AE7EE257AA5
:10AA280077EE867A66EEA76A224B1B6BC3F3462342
:10AA3800013307EE903AB8EEE77AC6EE877AFCEE75
:10AA4800E77A17EE900A30BC70471D48704707EE4A
:10AA5800900A9FED1E5AF8EEE77AD2E713689B0634
:10AA680020D5146807EE900A1549F7EE005A136BC3
:10AA7800C4F3C104F8EEE77A9FED135AC3F3080351
:10AA8800E14006EE903A06EE101AF8EEE66AB8EEE5
:10AA9800C66AE7EE056A86EE277A76EEA56A66EE5E
:10AAA800876AC1E707EE900A9FED095AF8EEE77A40
:10AAB800A7E700BF0044025800093D000024F40045
:10AAC8000090D0030024744A000000390024744B1D
:10AAD8000024744C002800F00281874A136803F0B0
:10AAE8000F038B422DE9F04104460D460CD2136842
:10AAF80023F00F030B431360136803F00F038B421B
:10AB080002D00120BDE8F08123685F070BD57B499F
:10AB180020698A6902F07002904204D98A6922F099
:10AB2800700202438A611E070BD574496069CA69BD
:10AB380002F07002904204D9CA6922F070020243FE
:10AB4800CA61D8060BD56D49A069CA6902F4E062EA
:10AB5800904204D9CA6922F4E0620243CA619906A4
:10AB68000BD56649E0690A6A02F07002904204D97E
:10AB78000A6A22F0700202430A629A0740F1A18031
:10AB88005E48E168826902F00F02914204D9826945
:10AB980022F00F020A438261D80730D5574AA168CC
:10ABA800936923F470630B43936161681368022906
:10ABB80000F09780032900F08E80012900F097802B
:10ABC80058079ED54D4E41F28838336923F0070364
:10ABD8000B433361FBF75EFB074605E0FBF75AFBC7
:10ABE800C01B404500F281803369626803F0380376
:10ABF800B3EBC20FF2D12368990706D5E1683F4845
:10AC0800826902F00F028A425FD83B490A6802F063
:10AC18000F02AA420AD90A6822F00F022A430A60E0
:10AC28000A6802F00F02AA427FF46BAF5A070BD5ED
:10AC3800324920698A6902F07002904204D28A6916
:10AC480022F0700202438A611F070BD52B49606905
:10AC5800CA6902F07002904204D2CA6922F07002F6
:10AC68000243CA61DE060BD52449A069CA6902F409
:10AC7800E062904204D2CA6922F4E0620243CA61E7
:10AC88009D060BD51D4AE169136A03F070039942CA
:10AC980004D2136A23F070030B431362FFF77AFEA2
:10ACA800164A0346164892691649C2F30322825C83
:10ACB8000E2002F01F02D340BDE8F0410B60FBF705
:10ACC80087BADA073FF56AAF9FE7826922F00F0279
:10ACD8001143816199E79F013FF574AF11E70120A6
:10ACE80070479B033FF56EAF0BE703200AE7DE05CD
:10ACF8003FF568AF05E700BF002000520044025846
:10AD0800F02701084002002408B501F095F9064B28
:10AD180006499B69064A03F00F03CB5C03F01F0347
:10AD2800D840106008BD00BF00440258F027010851
:10AD38004402002410B501F07FF90949094A8B69DA
:10AD4800094C03F00F03D35C03F01F03D8402060C5
:10AD5800CB69C3F30213D35C03F01F03D84010BDC3
:10AD680000440258F02701084402002410B501F0FD
:10AD780063F90949094A8B69094C03F00F03D35C4D
:10AD880003F01F03D8402060CB69C3F30223D35CD0
:10AD980003F01F03D84010BD00440258F0270108F3
:10ADA80044020024F8B53A4CA36A03F00303032BCA
:10ADB80067D0236806460F4623F080632360FBF7BD
:10ADC80069FA054604E0FBF765FA431B022B56D8DF
:10ADD80023681A01F7D4A36A326823F47C3343EA60
:10ADE8000233A362D6E90232013B013A5B02120444
:10ADF8009BB202F4FE0213437268013AC2F30802DE
:10AE080013433269013A120602F0FE421343A36368
:10AE1800E36A726923F0C0031343E362E26AB36929
:10AE280022F020021A431B4BE262E26A22F010026F
:10AE3800E262E16BF2690B4043EAC203E363E36A4F
:10AE480043F01003E362E36AEFB1012F0CBF43F450
:10AE5800801343F40013E3620D4C236843F08063CE
:10AE68002360FBF717FA054604E0FBF713FA401BCB
:10AE7800022804D823681B01F7D50020F8BD032059
:10AE8800F8BD0120F8BD43F40023E362E4E700BF06
:10AE9800004402580700FFFFF8B53A4CA36A03F0D4
:10AEA8000303032B67D0236806460F4623F080531D
:10AEB8002360FBF7EFF9054604E0FBF7EBF9431BCA
:10AEC800022B56D823689A00F7D4A36A326823F075
:10AED8007C7343EA0253A362D6E90232013B013A8A
:10AEE8005B0212049BB202F4FE0213437268013A39
:10AEF800C2F3080213433269013A120602F0FE4215
:10AF080013432364E36A726923F440631343E362DF
:10AF1800E26AB36922F400721A431B4BE262E26AE6
:10AF280022F48072E262616CF2690B4043EAC20368
:10AF38006364E36A43F48073E362E36AEFB1012F69
:10AF48000CBF43F4000343F08073E3620D4C2368A5
:10AF580043F080532360FBF79DF9054604E0FBF7B7
:10AF680099F9401B022804D823689B00F7D50020D4
:10AF7800F8BD0320F8BD0120F8BD43F48003E36267
:10AF8800E4E700BF004402580700FFFF2DE9F8433B
:10AF98000368044613F0006622D0426EB2F5001F23
:10AFA80000F0CE8411D8002A00F0F884B2F5801F92
:10AFB80040F0F18402210430FFF7F4FE0646002E2B
:10AFC80040F08684626E236803E0B2F5401F40F0CB
:10AFD800E284A8480026016D21F440110A43026565
:10AFE800DD050AD5626D042A06D8DFE812F0A2044E
:10AFF80093049A04DF02DF020126354698051BD523
:10B00800A26D802A00F05B8400F2EC80002A00F038
:10B018008B83402A40F0ED800021201DFFF7C2FEFF
:10B0280023680546002D40F067839249A06D0A6D9C
:10B0380022F4E07202430A6559051FD5D4F8A4200A
:10B04800B2F5800F00F0478400F2D680002A00F0A5
:10B058007183B2F5001F40F0D7800021201DFFF753
:10B06800A1FE23680546002D40F044838149D4F8A9
:10B07800A4008A6D22F4600202438A651A051FD56E
:10B08800D4F8A820B2F1007F00F02E8400F2BF802F
:10B09800002A00F05583B2F1807F40F0C080002183
:10B0A800201DFFF77FFE23680546002D40F02A8308
:10B0B8007049D4F8A8008A6D22F0E06202438A65DC
:10B0C8009F0118D5A26C202A00F0DA8300F2AA802A
:10B0D8003AB1102A40F0A9806649CA6A42F400329F
:10B0E800CA62002D40F059836249A06CCA6C22F0F4
:10B0F80030020243CA64D8041DD5E26DB2F5005F80
:10B1080000F0FB8300F29480002A00F01F83B2F560
:10B11800805F40F095800021201DFFF743FE2368E3
:10B128000546002D40F0EC825249E06D0A6D22F48C
:10B13800E04202430A6599041AD5226EB2F5003F2F
:10B1480000F074837FD84AB1B2F5803F40F0838025
:10B158000121201DFFF726FE23680546002D40F03B
:10B168001E834449206E0A6D22F4E02202430A65D8
:10B178005A041BD5D4F8AC20B2F1005F00F060830C
:10B188006CD842B1B2F1805F70D10121201DFFF768
:10B1980009FE23680546002D40F003833549D4F89D
:10B1A800AC008A6D22F0E04202438A651F040DD587
:10B1B800E26EB2F1805F00F03183B2F1005F00F01F
:10B1C8000182002A00F0048201263546D8015DD5A7
:10B1D800626C032A00F20A84DFE812F054001703B5
:10B1E8004E005400C02A3FF41DAFB2F5807F3FF4F3
:10B1F80019AF012635461FE7B2F5C00F3FF433AF4C
:10B20800B2F5000F3FF42FAF0126354636E7B2F10D
:10B21800407F3FF44AAFB2F1806F3FF446AF01265A
:10B2280035464DE7302A3FF45CAF0126354662E7E4
:10B23800B2F5405F3FF475AFB2F5804F3FF471AFA0
:10B248000126354677E722F48031B1F5802F85D085
:10B25800B2F5403F82D00126354689E722F0805179
:10B26800B1F1804F97D0B2F1405F94D001263546B6
:10B278009CE700BF004402580221201DFFF792FD01
:10B2880023680546002D00F06B822E46590200F116
:10B29800F081DF072FD5A26F282A2AD8DFE812F01D
:10B2A800D3012900290029002900290029002900A3
:10B2B8006D032900290029002900290029002900F7
:10B2C800CC0129002900290029002900290029008A
:10B2D800D301290029002900290029002900290073
:10B2E800D301290029002900290029002900290063
:10B2F800D30101263546980716D5626F052A00F254
:10B308007883DFE812F00D00300306000D000D0011
:10B318000D00012104F12400FFF7BEFD2368054656
:10B32800002D00F025822E46590717D5D4F8902015
:10B33800052A00F26183DFE812F00D000C03060015
:10B348000D000D000D00012104F12400FFF7A4FDFC
:10B3580023680546002D00F013822E469A061DD557
:10B36800D4F88C20B2F1005F00F0458200F2DC8056
:10B378004AB1B2F1805F40F0E1800021201DFFF763
:10B3880011FD23680546002D40F00582A949D4F82F
:10B398008C004A6D22F0E04202434A655F061DD5E3
:10B3A800D4F89820B2F5006F00F0548200F2C980FA
:10B3B8004AB1B2F5806F40F0CE800021201DFFF722
:10B3C800F1FC23680546002D40F0C8819949D4F85E
:10B3D80098008A6D22F4E05202438A6518061DD54A
:10B3E800D4F89C20B2F5804F00F03F8200F2B6807E
:10B3F8004AB1B2F5005F40F0BB800021201DFFF785
:10B40800D1FC23680546002D40F0A6818949D4F86F
:10B418009C008A6D22F4604202438A6519070BD5A5
:10B42800D4F88010B1F5805F00F03E828148426D0B
:10B4380022F440520A434265DA060BD5D4F8941038
:10B44800B1F5807F00F025827A48826D22F440723F
:10B458000A4382651F030ED5D4F8A010B1F5803FCA
:10B4680000F0D480B1F5003F00F0D780002900F04B
:10B47800BA810126354658030FD5D4F88420B2F591
:10B48800001F00F0B080B2F5401F00F0B380B2F5A5
:10B49800801F00F0A08101263546D90309D5E26C4A
:10B4A800002A00F08681B2F5803F00F02D81012648
:10B4B80035469A0000F1D2809F035CD4301E18BF35
:10B4C8000120DE0206D55B49256F0A6D22F0004295
:10B4D8002A430A65DD0007D55649D4F8B4500A69ED
:10B4E80022F480422A430A61990206D55149A56E81
:10B4F8000A6D22F080722A430A655A0009D54D4A1E
:10B50800116921F4004111611169D4F8B850294337
:10B518001161002B06DA474A216DD36C23F04053A2
:10B528000B43D364BDE8F88322F08051B1F1804F1A
:10B538003FF429AFB2F1405F3FF425AF012635460D
:10B548002CE722F48061B1F5805F3FF43CAFB2F59F
:10B55800406F3FF438AF012635463FE722F40051EB
:10B56800B1F5004F3FF44FAFB2F5C04F3FF44BAFCA
:10B578000126354652E7E26FB2F5807F00F022815E
:10B5880006D922F48071B1F5007F03D0012098E735
:10B59800002AFBD1002DF9D1264D301E696D18BF48
:10B5A800012021F440710A436A658AE73546002D77
:10B5B80040F0A4801F49606D0A6D22F00702024323
:10B5C8000A651BE50121201DFFF7ECFB23680546F2
:10B5D800002D40F0DE801749E06E0A6D22F04052DF
:10B5E80002430A65F2E5012104F12400FFF754FC47
:10B5F80023680546002D40F0DA800E49D4F884000F
:10B608004A6D22F4401202434A6546E7022104F1DA
:10B618002400FFF741FC23680546002D40F0C58053
:10B628000449D4F8A0008A6D22F4403202438A65A6
:10B6380021E700BF00440258012104F12400FFF76C
:10B648002BFC23680546002D40F0AD80AF49A06F64
:10B658004A6D22F0380202434A654CE6022104F1A1
:10B668002400FFF719FC236800283FF425AF0126C2
:10B6780022E7A74F3B6843F480733B60FAF70AFE62
:10B68800804606E0FAF706FEA0EB0800642800F200
:10B698007E813B68DA05F5D5002D40F0A4819B4AF0
:10B6A800D4F8B030116F594011F4407F0BD0116FAE
:10B6B800106F21F4407140F480301067106F20F44F
:10B6C800803010671167B3F5807F00F06E8103F456
:10B6D8004072B2F5407F00F07C818C490A6922F4FF
:10B6E8007C520A61894AC3F30B03116F0B4313673A
:10B6F8002368CEE52E46C1E42E469DE42E467DE421
:10B708002E4618E52E46DBE40221201DFFF74AFBF2
:10B7180005462368002D53D17C49E06CCA6C22F49D
:10B7280080320243CA64C4E67849CA6A42F40032E5
:10B73800CA6277E47549CA6A42F40032CA6292E47E
:10B748007249CA6A42F40032CA62AEE46F49CA6AF0
:10B7580042F40032CA62E4E42E465FE62E463DE635
:10B768006A49606CCA6C22F003020243CA648DE520
:10B778006649606F4A6D22F0070202434A65D3E5C5
:10B788006249D4F890008A6D22F0070202438A6564
:10B79800E4E52E461AE52E4600E62E46ABE42E4694
:10B7A800E6E42E4602E52E46A5E52E4663E62E463D
:10B7B80073E65649CA6A42F40032CA62002DABD019
:10B7C8002E4676E65148C16A41F40031C162002D27
:10B7D8007FF4DCAEE0E64D49CA6A42F40032CA6240
:10B7E800002DE4D109E7201DFFF7DCFA05462368A0
:10B7F800002DDAD114E7022104F12400FFF74CFBF5
:10B8080005462368002DC6D1C0E54049CA6A42F4FE
:10B818000032CA62002D7FF438ADA1E73B49CA6AFD
:10B8280042F40032CA62002DB3D1D4E6012104F1FA
:10B838002400FFF731FB05462368002DAFD190E4C3
:10B84800012104F12400FFF727FB05462368002D9A
:10B85800A7D1A3E4022104F12400FFF71DFB05464C
:10B868002368002D7FF47AAFB0E5022104F12400AB
:10B87800FFF712FB05462368002D7FF46DAFC5E581
:10B888000221201DFFF78EFA05462368002D84D17A
:10B898002AE4022104F12400FFF7FEFA23680028B5
:10B8A8003FF4D8AD0126D5E5022104F12400FFF7C5
:10B8B800F3FA236800283FF4BFAD0126BCE5002158
:10B8C80004F12400FFF7E8FA23680546FFF7AABB4E
:10B8D8002368FFF785BB002104F12400FFF7DCFA99
:10B8E80023680546FFF7BFBB002104F12400FFF7DA
:10B8F800D3FA23680546FFF7D8BB002104F12400DA
:10B90800FFF7CAFA236805460BE400BF0044025853
:10B91800004802580021201DFFF744FA2368054615
:10B9280045E6002104F12400FFF7B6FA236805462E
:10B938003DE633493546CA6A42F40032CA6236E601
:10B9480002212430FFF7A8FA0646002E3FF43AAB4E
:10B95800BEE70121201DFFF725FA05462368002DC3
:10B968007FF4FBAC0CE70121201DFFF71BFA05460D
:10B978002368002D7FF4D7ACFAE60121201DFFF7DC
:10B9880011FA05462368002D7FF40DAF5EE6032605
:10B99800236835467DE40126FFF722BB1848C16AB3
:10B9A80041F40031C162FFF714BBFAF773FCDFF80A
:10B9B8005080074641F2883904E0FAF76BFCC01B57
:10B9C8004845E4D8D8F870309B07F6D5D4F8B0309D
:10B9D8007DE60B480B4A016902EA131221F47C51F7
:10B9E8000A4302617EE623682E4652E40126354664
:10B9F8004CE40126354697E401263546AEE400BFFF
:10BA080000440258CFFFFF0008B5FFF77DF9054B4A
:10BA1800054A1B6AC3F30213D35C03F01F03D84023
:10BA280008BD00BF00440258F0270108584B70B405
:10BA3800996A9D6ADE6A15F47C3FC5F30532DC6BB2
:10BA48005CD0C4F3CC0406F0100601F0030106FB39
:10BA580004F4012907EE904AB8EEE77A03D00229E8
:10BA680075D000294FD007EE902ADFED4A6AF8EE2C
:10BA7800E77A9B6B86EEA76A9FED475AC3F30803E4
:10BA880006EE903AF7EE005AF8EEE66AE7EE056A37
:10BA980076EEA56A66EE266A3D4AB7EE006A936BB3
:10BAA800C3F3462307EE103AB8EEC77A70BC37EEF8
:10BAB800067AC6EE877AFCEEE77AC0ED007A936BD9
:10BAC800C3F3064307EE103AB8EEC77A37EE067AA4
:10BAD800C6EE877AFCEEE77AC0ED017A936BC3F382
:10BAE800066307EE903AF8EEE77A77EE867A86EE06
:10BAF800A77ABCEEC77A80ED027A704770BCC0E9BD
:10BB08000022826070471968890627D51C6807EEED
:10BB1800902A2249F7EE005A9B6BC4F3C102F8EE53
:10BB2800E77A9FED1D5AC3F30803D14006EE903A19
:10BB380006EE101AF8EEE66AB8EEC66AE7EE056A8F
:10BB480086EE277A76EEA56A66EE876AA4E707EEA0
:10BB5800902ADFED136AF8EEE77A8AE707EE902A73
:10BB68009FED105A9B6BB7EE006AF8EEE77ADFEDAF
:10BB78000A5AC3F30803C5EE276A07EE903AF8EEAF
:10BB8800E77AE7EE257A77EE867A66EEA76A83E7A4
:10BB9800004402580024744A000000390090D00381
:10BBA8000024744B0024744C584B70B4996A9D6AF5
:10BBB800DE6A15F07C7FC5F305525C6C5CD0C4F37B
:10BBC800CC0406F4807601F0030106FB04F4012995
:10BBD80007EE904AB8EEE77A03D0022975D000291B
:10BBE8004FD007EE902ADFED4A6AF8EEE77A1B6C31
:10BBF80086EEA76A9FED475AC3F3080306EE903A0C
:10BC0800F7EE005AF8EEE66AE7EE056A76EEA56A00
:10BC180066EE266A3D4AB7EE006A136CC3F3462304
:10BC280007EE103AB8EEC77A70BC37EE067AC6EE61
:10BC3800877AFCEEE77AC0ED007A136CC3F306430B
:10BC480007EE103AB8EEC77A37EE067AC6EE877A6C
:10BC5800FCEEE77AC0ED017A136CC3F3066307EED6
:10BC6800903AF8EEE77A77EE867A86EEA77ABCEE17
:10BC7800C77A80ED027A704770BCC0E90022826002
:10BC880070471968890627D51C6807EE902A22494B
:10BC9800F7EE005A1B6CC4F3C102F8EEE77A9FED89
:10BCA8001D5AC3F30803D14006EE903A06EE101A67
:10BCB800F8EEE66AB8EEC66AE7EE056A86EE277A17
:10BCC80076EEA56A66EE876AA4E707EE902ADFEDAE
:10BCD800136AF8EEE77A8AE707EE902A9FED105A82
:10BCE8001B6CB7EE006AF8EEE77ADFED0A5AC3F389
:10BCF8000803C5EE276A07EE903AF8EEE77AE7EE12
:10BD0800257A77EE867A66EEA76A83E700440258BA
:10BD18000024744A000000390090D0030024744BBA
:10BD28000024744C584B70B4996A9D6ADE6A15F405
:10BD38007C7FC5F305125C6B5CD0C4F3CC0406F0C1
:10BD4800010601F0030106FB04F4012907EE904AFD
:10BD5800B8EEE77A03D0022975D000294FD007EE54
:10BD6800902ADFED4A6AF8EEE77A1B6B86EEA76A3F
:10BD78009FED475AC3F3080306EE903AF7EE005AD0
:10BD8800F8EEE66AE7EE056A76EEA56A66EE266ADA
:10BD98003D4AB7EE006A136BC3F3462307EE103A29
:10BDA800B8EEC77A70BC37EE067AC6EE877AFCEE34
:10BDB800E77AC0ED007A136BC3F3064307EE103A37
:10BDC800B8EEC77A37EE067AC6EE877AFCEEE77ADF
:10BDD800C0ED017A136BC3F3066307EE903AF8EEF1
:10BDE800E77A77EE867A86EEA77ABCEEC77A80ED98
:10BDF800027A704770BCC0E90022826070471968F7
:10BE0800890627D51C6807EE902A2249F7EE005AC2
:10BE18001B6BC4F3C102F8EEE77A9FED1D5AC3F31A
:10BE28000803D14006EE903A06EE101AF8EEE66ADC
:10BE3800B8EEC66AE7EE056A86EE277A76EEA56A58
:10BE480066EE876AA4E707EE902ADFED136AF8EE3C
:10BE5800E77A8AE707EE902A9FED105A1B6BB7EE38
:10BE6800006AF8EEE77ADFED0A5AC3F30803C5EE75
:10BE7800276A07EE903AF8EEE77AE7EE257A77EE4A
:10BE8800867A66EEA76A83E7004402580024744A5B
:10BE9800000000390090D0030024744B0024744C37
:10BEA800B0F5807F00B585B048D0B0F5007F11D0DF
:10BEB800B0F5806F00F08280B0F5006F52D0B0F519
:10BEC800805F2CD0B0F5002F00F09680002005B0E0
:10BED8005DF804FB534A136D03F4E073802B59D0CB
:10BEE80012D9C02B26D0B3F5807FEFD1D36C13F0D5
:10BEF80040535BD0B3F1805F00F08D80B3F1005FF9
:10BF0800494818BF0020E2E7002B3CD0402BDDD188
:10BF180001A8FFF78BFD019805B05DF804FB414AC5
:10BF2800136D03F4E043B3F5005F33D029D9B3F5BB
:10BF3800405F58D13D4805B05DF804FB394B1B6D97
:10BF480003F00703042BC1D801A252F823F000BF65
:10BF58008FBF000819BF00089DBF00083DBF00083B
:10BF6800ABBF00082F4A936D03F0E063B3F1007F85
:10BF780010D01DD9B3F1407FDCD0B3F1806FB5D0BC
:10BF8800A4E7002B34D101A8FFF7CCFE029805B036
:10BF98005DF804FB01A8FFF707FE019805B05DF8FE
:10BFA80004FB204BDB6C13F04053A3D120488EE7F1
:10BFB800002BE8D0B3F1807FAAD087E7194A936DA8
:10BFC80003F46003B3F5800FE4D005D8002BDAD072
:10BFD800B3F5001F9CD079E7B3F5C00FAAD0B3F52D
:10BFE800000F83D072E7B3F5804F3FF47FAF6DE762
:10BFF800B3F5805F8CD069E70A4A936D03F4403348
:10C00800B3F5803F09D0B3F5003F3FF46FAF002B85
:10C018007FF45CAF7CE7074859E701A8FFF7C4FD48
:10C02800039854E7004402580024F4000080BB0041
:10C038000090D00300093D0008B5FEF7ABFC064BA5
:10C0480006499B69064AC3F30323CB5C03F01F032D
:10C05800D840106008BD00BF00440258F02701080E
:10C0680040020024F8B501680546AC4B99421FD040
:10C07800203399421CD003F57873994258D0203365
:10C08800994255D003F57873994200F01E81203308
:10C09800994200F01A8195F89130A14E03F0FF0201
:10C0A8006BB9284685F89020F8F774F9296806E0F6
:10C0B8009C4E95F8913003F0FF02002BF1D09A4B7B
:10C0C8009A4A1B68A2FB03230A681B0B22F48032DE
:10C0D8009B000A6023B30C68013B14F48034F9D147
:10C0E800022385F89130EB68012B00F01081022BB8
:10C0F80015BF032023200227222715BF4FF0010C6C
:10C108004FF0210C00222022AB68013B042B00F2E7
:10C118004B81DFE813F0CF001000D6000F00D200EB
:10C12800D5F89430012043F04003C5F89430F8BDA9
:10C138007F4EBEE73A464FF400672B6A3260002B09
:10C1480044D0764B994200F01E817A48081AB0FA1A
:10C1580080F04009002840F01681774B994200F0A2
:10C168000C812033994200F00881744B994200F009
:10C17800FE802033994200F0FA80714B994200F01A
:10C188000881704B994200F00A81AB6900EB80008E
:10C19800B3F5002F4FEA400300F0E280AA6A296A4B
:10C1A800B2F1806F0CBF0222012201FB02F21202DF
:10C1B800B3FBF2F3644AA2FB0312D20802EB82013A
:10C1C800A3EB4103092B08BF01326A626B6833F0A5
:10C1D80002032B6D40F09680012B14BF4FF40074BE
:10C1E8000024FAF76FF8696CB0F5005FD5E9003202
:10C1F80042EA0102A96C42EA0102E96C42EA010240
:10C20800E96A42EA0102696942EA010272D3A9694C
:10C2180018680A43A96A0A434C4901401960296908
:10C228000A4319680A43696A42EA015248493A438B
:10C2380022431A605A68286B1140EA690243686B06
:10C248005960024359680A4342495A609A68114042
:10C258006A6E9960E96D98680A43296E0A43696DA8
:10C2680001390A43A96D013942EA012202434FF21A
:10C2780020009A60D968AA6E0140D960E96ED86832
:10C288000A43696F42EA0142296F013942EA0122F1
:10C29800224902438B42DA6019D0294A934216D0C8
:10C2A80000230122C5F89430184685F8903085F8A7
:10C2B8009120F8BD4FF480673FE702464FF40067CE
:10C2C8003BE762464FF4006737E7234EF1E6736CAD
:10C2D80023F00103736495F83830012BE0D1D5E9D8
:10C2E8000F23013A43EA02137364736C43F00103AA
:10C2F8007364D5E7A96918680A43184901401960A9
:10C30800A96A8DE7012B08BF4FF4007469E7132071
:10C3180012274FF0110C1022F6E600BF0458014016
:10C328000054005800580140400200241BECCB95F3
:10C33800005C014024580140045C01400460014055
:10C348000454005824540058CDCCCCCC10C005F06F
:10C35800F01FFFFF0080F8FF0060014010C005F8E3
:10C368002A6A696D01FB02F2B3FBF2F322E74FF48C
:10C378000070FFF795FD2968FFE64FF40070FFF79E
:10C388008FFD2968F1E64FF48070FFF789FD296871
:10C39800E3E64FF48060FFF783FD2968F1E64FF488
:10C3A8000060FFF77DFDF0E60027C6E6022938B5F4
:10C3B800044635D9C81E012830D800202367606498
:10C3C800E064E065A0664FF6FF706067606830F073
:10C3D80002000CBF0125002504294FF40031256512
:10C3E8000CBF01200D2021664FF48021A0656166F5
:10C3F800032A13D8DFE802F0474E54362368484A28
:10C40800934205D002F1C052A2F58232934205D17F
:10C418006368012B02D1636C002B2FD0012038BD3B
:10C42800002023676064E064A066606830F0020062
:10C4380014BF0120002020654FF48030E0654FF6DE
:10C44800FF70606713F00100E8D14D1E012D29D857
:10C4580060664FF400302066032ADFD8DFE802F078
:10C468005546362CE0215B018022A1646365E266B3
:10C47800F9F728FF94F83830012BBFD02046BDE8E3
:10C488003840FFF7EFBD80211B014022A16463659E
:10C49800E266EDE780225B01A2646365E266E7E796
:10C4A800C021E0E720664FF480206066032AB5D8F3
:10C4B800DFE802F02B1C0C025B08E02080219A01C7
:10C4C800A0645B01E166C4E91523D1E75B08C022DB
:10C4D800802502294FEA8310A2644FEA4313E566D8
:10C4E8006065A365C4D10823A366C1E75B08802201
:10C4F80002294FEA8310A2644FEA4313E266C4E9B3
:10C508001503B5D11023A366B2E75B08802040214C
:10C518005A01A0641B01E166C4E91523A8E700BF1E
:10C52800045801402DE9F8430F4604461546F9F72B
:10C53800B1FE002F61D0B5FA85F84FEA5818002DE2
:10C548005BD094F89130012B5FFA83F950D194F8BD
:10C558009030012B4CD04346C4F894800646D4F85A
:10C56800800065F30F03226884F89090394665F3DC
:10C578001F43A7671C32E3672B46122584F89150A6
:10C588002E4DC0F8508005642D4DC5632D4DC564F2
:10C59800FBF700F800283ED1636C082B636831D0A4
:10C5A80005216122023B012B98BF114622681369BD
:10C5B8000B431361136843F40033136006E0F9F783
:10C5C80069FE831BB3F57A7F2AD82268556915F46A
:10C5D800E025F4D01368DB0303D4136843F48033F5
:10C5E80013600023994684F890304846BDE8F883E4
:10C5F8004FF002094846BDE8F8834FF00109484664
:10C60800BDE8F88323F00202012A0BBF152105219A
:10C6180071226122C6E7484684F89080BDE8F88315
:10C62800D4F894304FF0030984F8905043F0400355
:10C638004846C4F89430BDE8F88300BF8DC70008A9
:10C6480025C700080DC80008F8B500294ED0B2FA71
:10C6580082F513466D09002A48D090F891200446C7
:10C66800012AD6B23FD190F89020012A3BD08167A9
:10C678000A462946222780F8906063F30F01C0F824
:10C68800945063F31F41C167D0F8840084F8917017
:10C698001E4F216807641E4F1C310565C7631D4F77
:10C6A800C764FAF777FF20BB23681A68D20303D45C
:10C6B8001A6842F480321A60626C082A62681CD0D8
:10C6C80005216120023A012A98BF01461A69002013
:10C6D8000A4306461A611A6842F400321A6084F85E
:10C6E80090003046F8BD02263046F8BD0126304697
:10C6F800F8BD304684F89050F8BD22F002010129B7
:10C708000BBF1521052171206120DBE7FDC700085B
:10C7180099C700080DC80008704700BF08B5C3696D
:10C72800806BB3F5807F1BD003684FF0000C416C21
:10C738001A680829A0F87EC022F400321A604268FC
:10C7480011D06FF0610C6FF00501023A012A98BF11
:10C7580061461A694FF0010C0A401A6180F891C0CD
:10C76800FFF7DAFF08BD22F0020101290BBF6FF0C5
:10C77800710C6FF0610C6FF015016FF00501E4E7C3
:10C78800704700BF806B08B5FFF7FAFF08BD00BF10
:10C7980008B5C369806BB3F5807F1BD003684FF081
:10C7A800000C416C1A68082922F400321A604268A9
:10C7B800A0F87EC011D06FF0610C6FF00501023A4D
:10C7C800012A98BF61461A694FF0010C0A401A61A4
:10C7D80080F891C0F7F7E4FE08BD22F002010129B4
:10C7E8000BBF6FF0710C6FF0610C6FF015016FF0FB
:10C7F8000501E4E7806B08B5F7F796FE08BD00BFB2
:10C80800704700BF10B5846BFBF7CEFB022823D01E
:10C81800D4F89420216842F08002134B1348C4F8DE
:10C8280094201B680A68A0FB030322F400321B0B48
:10C838000A600A689B0022F480320A606BB10A68B9
:10C84800013BD203FAD401220023204684F8912028
:10C85800A4F87E30FFF7D4FF10BDD4F8943043F02D
:10C868004003C4F89430EEE7400200241BECCB955B
:10C8780018B338B590F82C3004460D4603F0FF0283
:10C88800B3B12146022384F82C3051F8040B01F08F
:10C898005FFE62682946206801F098FE084A012177
:10C8A8000020136843F00043136084F82C1038BD4F
:10C8B80080F82D20F5F77CF9E3E70120704700BFE9
:10C8C8000040005270B590F82C300446022BD8B2C4
:10C8D80004D000F0FB06012E01D0012070BD022318
:10C8E8000D46206884F82C3001F0BCFE2B68022B22
:10C8F80003D0002084F82C6070BD0523002084F844
:10C908002C3070BD38B590F82C300446022BD8B2C4
:10C9180005D094F82C30012BDDB201D0012038BDB0
:10C928000223206884F82C3001F0B0FE002084F83F
:10C938002C5038BDF8B5D0F88070202F44D100298C
:10C9480040D0B2FA82F67609002A3BD0044690F825
:10C958007C00012838D001252123606FA4F85620D7
:10C968002165C4F88860A4F8542084F87C50C4F881
:10C978008030D8B1DFF854C013462268C0F83CC0F4
:10C98800DFF84CC028320665C0F840C0DFF844C064
:10C99800C0F84CC0FAF7FEFD40B11023284684F8D1
:10C9A8007C60C4F88830C4F88070F8BD2368002221
:10C9B80040211046196284F87C209A6842F080026F
:10C9C8009A60F8BD0120F8BD0220F8BD8DCA0008A4
:10C9D800BDCA00080DCB0008F8B5D0F88470202F28
:10C9E80048D1002944D0B2FA82F67609002A3FD00D
:10C9F80090F87C300446012B3CD001252223C0F856
:10CA080088608165A0F85C2080F87C50C0F884308C
:10CA1800806FE0B1DFF860C013460A462168C0F8AD
:10CA28003CC0DFF858C024310665C0F840C0DFF8C4
:10CA380050C0C0F84CC0FAF7ADFD40B110232846ED
:10CA480084F87C60C4F88830C4F88070F8BD236826
:10CA5800002084F87C001A6842F480721A609A6890
:10CA680042F001029A609A6842F040029A60F8BD6A
:10CA78000120F8BD0220F8BDC9CA000801CB000892
:10CA88000DCB000808B5C369806BB3F5807F0CD067
:10CA980003680022A0F856209A6822F080029A6063
:10CAA8001A6842F040021A6008BDF8F791FC08BD08
:10CAB800704700BF806B08B5FFF7FAFF08BD00BFDD
:10CAC80008B5C369806BB3F5807F12D00368002274
:10CAD8002021A0F85E201A6822F480721A609A68F1
:10CAE80022F001029A609A6822F040029A60C0F827
:10CAF8008410F8F771FC08BD806B08B5F8F7B6FC30
:10CB080008BD00BF806B38B50368D0F88040D0F806
:10CB180084109A68150601D5212C1DD09A685206F2
:10CB280001D5222908D0D0F8883043F01003C0F886
:10CB38008830F8F7E3FC38BD00240F4A2025A0F818
:10CB48005E40196821F49071196099680A409A60EA
:10CB5800C0F88450C466E6E700222024A0F85620D6
:10CB68001A6822F0C0021A609A6822F400029A60D9
:10CB7800C0F88040D2E700BFFEFFFFEF0268D3692C
:10CB880070B51E0715680446916800F084806C48EB
:10CB980005F4907C08405CEA00061DD1D80202D555
:10CBA8004E0200F19D80180606D501F4000105F03B
:10CBB8008000014340F08C805E0602D5680600F1D3
:10CBC8009B80190202D56A0000F1A380DB0102D51F
:10CBD800002DC0F2AA8070BDDE0709D5EE0507D585
:10CBE80001261662D4F8886046F00106C4F8886009
:10CBF8009E0760D5CE0709D502261662D4F888604C
:10CC080046F00406C4F888605E0758D41E070CD5A1
:10CC180005F0200C5CEA000007D008201062D4F868
:10CC2800880040F00800C4F88800D4F8880000287C
:10CC3800D1D09E0606D505F0200501F0805155EAB1
:10CC480001036BD1D4F88850936805F0080503F008
:10CC580040031D436ED0116820203A4B21F4907197
:10CC6800116091680B4000219360C4F884009368B8
:10CC7800E1665D063CD59368A06F23F0400393609E
:10CC8800002835D0304B0365FAF7A4FD0028A2D060
:10CC9800A06F036D0CE09E0680D505F0200C01F016
:10CCA800805E5CEA0E063FF479AFC36E002B92D02B
:10CCB800BDE8704018475E07A8D5CE07A6D504265C
:10CCC8001662D4F8886046F00206C4F888609DE7CA
:10CCD800236F002B3FF47FAF2046BDE87040184714
:10CCE8004FF4801320461362BDE8704001F068BB22
:10CCF8002046F8F703FC70BD13682020002123F0BC
:10CD080040031360C4F8800020462167F8F760FBF1
:10CD180070BD2046BDE8704001F056BBE36E002BA5
:10CD280090D02046984722688CE72046BDE870409E
:10CD380001F048BB2046F8F7E1FBC4F8885070BD05
:10CD480001000010FEFFFFEF55CD000808B5806B0D
:10CD58000023A0F85E30A0F85630F8F7CFFB08BDE6
:10CD6800D0F88020D0F8840010437047F0B582686E
:10CD7800044687B02368D0E904101D680A43616E31
:10CD88000243E06902430A43A8492940A84D0A43DF
:10CD9800E168AB421A605A6822F4405242EA010242
:10CDA800A1695A6000F09D80226A9D681143A14ADA
:10CDB800666A2A4011439960DA6A22F00F02324308
:10CDC800DA629D4A934224D09C4A934255D09C4AA9
:10CDD800934200F02F829B4A934200F09B829A4A2A
:10CDE800934200F0E980994A934200F09D82984A64
:10CDF800934200F0D885974A934200F0D6820125E5
:10CE080000234FF0011228462367C4E91A2307B00C
:10CE1800F0BD914B5B6D03F03803282BEFD88F4A98
:10CE2800D55CB0F5004F33D0202D00F2D981202DEC
:10CE380000F2B680DFE815F0A8017B01B400B40069
:10CE48007201B400B400B4004901B400B400B400E5
:10CE5800B400B400B400B4001C01B400B400B400C1
:10CE6800B400B400B400B400B400B400B400B4001A
:10CE7800B400B400B400B400CA00774B5B6D03F093
:10CE88000703052BBBD8764AB0F5004FD55CCBD14C
:10CE9800202D00F21482202D00F20082DFE815F028
:10CEA8008A035804FE01FE012804FE01FE01FE016A
:10CEB8008604FE01FE01FE01FE01FE01FE01FE01E7
:10CEC800F203FE01FE01FE01FE01FE01FE01FE016C
:10CED800FE01FE01FE01FE01FE01FE01FE01FE0152
:10CEE800B7039868534A02405B480A439A60DA6A73
:10CEF800616A22F00F020A43DA62836D03F00703C6
:10CF0800052B3FF67CAF574AD65C202E00F29C8159
:10CF1800012E7FF674AFB31E1E2B3FF670AF01A231
:10CF280052F823F0E3D4000807CE00088DD4000897
:10CF380007CE000807CE000807CE000857D500081E
:10CF480007CE000807CE000807CE000807CE000865
:10CF580007CE000807CE000807CE0008F7D400085F
:10CF680007CE000807CE000807CE000807CE000845
:10CF780007CE000807CE000807CE000807CE000835
:10CF880007CE000807CE000807CE000807CE000825
:10CF980007CE000807CE000807CE00086DD50008A8
:10CFA80001250023A3F110014FF6EF7291423FF6DD
:10CFB80026AF2268D36023E7274B5B6D03F0070396
:10CFC800052B3FF61CAF284AD55C2AE7002E00F057
:10CFD800B581012E00F09E85022E00F0B185032E4A
:10CFE80000F0D885042E00F0F485052E00F0848624
:10CFF800062E00F0BE86072E00F0FD86082E00F0F3
:10D008005087092E00F07B870A2E00F0DC8743F654
:10D018000953164A0B2E18BF13466268002503EB06
:10D028005203B3FBF2F39BB2BCE700BFF369FFCF37
:10D03800000C0058FFF4FF110010014000440040AC
:10D0480000480040004C00400050004000140140DF
:10D0580000780040007C004000440258C0280108C5
:10D06800EC280108F4280108EC28010800093D0013
:10D07800B34B1A68920640F16F811A68B14BC2F33C
:10D08800C102D340002EC8D0012E00F0EF81022E3D
:10D0980000F0C584032E00F0BF84042E00F02B8519
:10D0A800052E00F09D86062E00F0DC86072E00F087
:10D0B8001C86082E00F04E86092E00F08E860A2E59
:10D0C80000F0E3860B2EA8D126E003A8FEF76CFD3E
:10D0D800626A049B002AA0D0012A00F0C781022AB4
:10D0E80000F09D84032A00F09784042A00F0038549
:10D0F800052A00F0FD84062A00F07E85072A00F044
:10D10800F485082A00F02686092A00F066860A2A8D
:10D1180000F0BB860B2A80D11B0A7EE76846FEF723
:10D1280085FC626A019B002A3FF477AFD4E7FDF7DC
:10D138001DFE636A03B3012B00F0F384022B00F099
:10D14800CE84032B00F0C884042B00F01785052B30
:10D1580000F01185062B00F00686072B00F04886A4
:10D16800082B00F09B86092B00F0E1860A2B00F0C3
:10D178003B870B2B08BF000A6268002500EB5203AF
:10D18800B3FBF2F39BB20DE7FDF7D4FD636A03B37B
:10D19800012B00F0C984022B00F0A784032B00F0B8
:10D1A800A184042B00F0E484052B00F0DE84062B18
:10D1B80000F0E685072B00F03686082B00F08786FE
:10D1C800092B00F0B1860A2B00F0FA860B2B08BF5A
:10D1D800000A626800EB5203B3FBF2F39BB2E1E68C
:10D1E800402D7FF40CAE002E00F0DC80012E00F004
:10D1F8009484022E00F0A784032E00F0C784042E26
:10D2080000F0EC84052E00F07A85062E00F0B48537
:10D21800072E00F0FE85082E00F04986092E00F042
:10D228008B860A2E00F029870B2E0CBF80234FF423
:10D238000043F2E6424B5B6D03F00703052B3FF614
:10D24800DEAD414AD55CECE5402E7FF4D8AD00292F
:10D2580000F0B580012900F06E84022900F0828474
:10D26800032900F0AF84042900F03B85052900F06C
:10D278006985062900F0AD85072900F0EF850829A2
:10D2880000F03686092900F05B860A2900F0F98645
:10D298000B290CBF80254FF4004592E0012500239F
:10D2A800A3F110014FF6EF7291423FF6A8AD23F0BB
:10D2B8000F02C3F3420313432268D360A0E5402D55
:10D2C8007FF49DAD002E00F0D380012E00F0D280B7
:10D2D800022E00F06D84032E00F0F484042E00F07A
:10D2E8002585052E00F06885062E00F0C285072EDC
:10D2F80000F01086082E00F04886092E00F05986A6
:10D308000A2E00F0EC860B2E0CBF4FF480704FF401
:10D318008030AFE00A4B5B6D03F00703052B3FF647
:10D328006EAD0A4AD55C7CE5054B5B6D03F03803AE
:10D33800282B3FF664AD064AD55C72E5054B6CE6D2
:10D34800004402580090D003EC280108EC2801089A
:10D35800C028010800093D00002E00F0BA83012E04
:10D3680000F0FD83022E00F02A84032E00F0B6841C
:10D37800042E00F0E484052E00F02885062E00F027
:10D388008785072EDAD0082E00F0C483092E00F016
:10D39800D7830A2E00F01D84B44BB54A0B2E18BF54
:10D3A80013463AE64FF4004337E6B24B5B6D03F0A1
:10D3B8000703052B3FF623ADAF4AD55C31E54FF4A3
:10D3C8000045676807EB4703AB423FF618ADB5EB7E
:10D3D800073F3FF614AD202E00F2F082012E7FF6B3
:10D3E8000EAD023E1E2E3FF60AAD01A353F826F0FD
:10D3F80035D9000807CE00080BD9000807CE000869
:10D4080007CE000807CE0008A9D8000807CE0008F4
:10D4180007CE000807CE000807CE000807CE000890
:10D4280007CE000807CE00083DD8000807CE000840
:10D4380007CE000807CE000807CE000807CE000870
:10D4480007CE000807CE000807CE000807CE000860
:10D4580007CE000807CE000807CE000807CE000850
:10D4680007CE000807CE0008C5D700085B08D4E53A
:10D478004FF480306268002500EB5203B3FBF2F3EF
:10D488009BB20DE76846FEF7D1FA636A019D03B3C4
:10D49800012B00F0CF82022B00F0C782032B00F093
:10D4A800C182042B00F02F83052B00F02983062B63
:10D4B80000F09883072B00F02684082B00F04D8499
:10D4C800092B00F09B840A2B00F0FB840B2B00F047
:10D4D8006582002D3FF494AC73E7FEF795FA636A12
:10D4E8000546002BD4D1002D3FF48AAC69E7614B87
:10D4F8001A68950640F1A5821B685D4DC3F3C10308
:10D50800DD4000293FF45DAF012900F04D83022979
:10D5180000F04683032900F04083042900F0458485
:10D52800052900F08384062900F0D484072900F037
:10D538002085082900F04F85092900F0F9850A2976
:10D5480000F0FD850B297FF43CAF2D0A39E703A8CD
:10D55800FEF72AFB636A049D002B99D1002D3FF446
:10D568004FAC2EE7002900F06A82012900F0DF8223
:10D57800022900F0F282032900F02883042900F030
:10D58800AA83052900F0D883062900F02E840729EC
:10D5980000F06184082900F0AF84092900F0EF84C5
:10D5A8000A2900F0148543F60955344B0B2918BF96
:10D5B8001D4606E7FDF7BEFB636A03B3012B00F0C7
:10D5C800CA82022B00F0F782032B00F07F83042B22
:10D5D80000F0B083052B00F0EB83062B00F050849D
:10D5E800072B00F09E84082B00F0B984092B00F06B
:10D5F800E4840A2B00F070850B2B08BF000A6168D1
:10D608004A0802EB4003B3FBF1F39BB248E6002E55
:10D6180000F03A82012E00F09A82022E00F0C682B3
:10D62800032E00F04D83042E00F07E83052E00F0BB
:10D63800BA83062E00F02184072E00F06F84082E8E
:10D6480000F08284092E00F0CC840A2E00F06C854C
:10D6580047F612230A4A0B2E18BF134662680025A4
:10D6680003EB5203B3FBF2F39BB219E690D003002D
:10D678000090D00300440258EC28010800093D003E
:10D6880000127A00A44B1A68910640F1FF811A68CB
:10D69800A24BC2F3C10223FA02F206B3012E00F034
:10D6A800B182022E00F03783032E00F06F83042E20
:10D6B80000F0C683052E00F00084062E00F06F846B
:10D6C800072E00F07184082E00F00385092E00F063
:10D6D8003C850A2E00F036850B2E08BF120A6168B9
:10D6E80000254B0803EB4203B3FBF1F39BB2D7E5EC
:10D6F8006846FEF79BF9626A019902B3012A00F0B5
:10D708000782022A00F01A82032A00F03A82042AC9
:10D7180000F06282052A00F0EB82062A00F01683E8
:10D72800072A00F07483082A00F0A183092A00F070
:10D7380001840A2A00F05B840B2A08BF090A626880
:10D748000025530803EB4103B3FBF2F39BB2A7E5B3
:10D75800FDF70CFB636A03B3012B00F0FA81022B7F
:10D7680000F02B82032B00F08382042B00F0DA8276
:10D77800052B00F02583062B00F06983072B00F0AA
:10D78800C283082B00F0EE83092B00F07E840A2B5D
:10D7980000F08D840B2B08BF000A616800254A0839
:10D7A80002EB4003B3FBF1F39BB279E503A8FEF764
:10D7B800FBF9626A0499002AC1D09FE7616A0029CF
:10D7C80000F05482012900F01F83022900F08B83A6
:10D7D800032900F0BF83042900F00084052900F024
:10D7E800AA84062900F08E84072900F08784082976
:10D7F80000F0E584092900F0DE840A2900F0A884F5
:10D808004748484B0B2918BF184600217B083A4661
:10D8180018184FF0000341F10001F2F715FFA0F5C9
:10D828004073414A93423FF6EAAA23680025D8602C
:10D83800FFF7E6BA384A116811F0200100F0E781D5
:10D84800136800213548C3F3C103D840636A0BB39A
:10D85800012B00F04B83022B00F07F83032B00F099
:10D868000584042B00F05D84052B00F02C84062B26
:10D8780000F0A984072B00F0B484082B00F0AD84D5
:10D88800092B00F094840A2B00F08D840B2B01D116
:10D89800000A00210902030241EA10617808B6E78C
:10D8A80003A8FEF781F90498636A002102460BB3C6
:10D8B800012B00F03582022B00F08682032B00F04A
:10D8C800C182042B00F02183052B00F04D83062B29
:10D8D80000F09083072B00F02184082B00F00B84C4
:10D8E800092B00F004840A2B00F052840B2B01D181
:10D8F800100A002162680902030241EA1061500817
:10D9080086E76846FEF792F80198636A00210246A6
:10D91800002BEFD0CCE700BF004402580090D003A2
:10D9280000093D000000093DFFFC0F00FEF76CF800
:10D93800626A002103460AB3012A00F06E82022AB5
:10D9480000F0B982032A00F02483042A00F09383AC
:10D95800052A00F0A683062A00F0DA83072A00F0D9
:10D96800D583082A00F01C84092A00F015840A2AA5
:10D9780000F02F840B2A01D1030A002162680902F2
:10D98800180241EA13615308C0184FF0000341F12F
:10D998000001F2F759FEA0F5407342E72D0A002D69
:10D9A8003FF42EAA0DE5B54B5B6D03F00703052B7D
:10D9B8003FF625AAB24AD55CFFF733BA402E7FF46A
:10D9C8001EAA616A002900F04E81012900F0278211
:10D9D800022900F08482032900F0CE82042900F095
:10D9E8005783052900F05983062900F06883072921
:10D9F80000F06083082900F0B783092900F0AF839D
:10DA08000A2900F0C0830B294FF000010CBF4FF426
:10DA180000404FF40000F9E69A4AA2FB03239B0852
:10DA2800FFF7FBBA974BA3FB0535AD08002D3FF474
:10DA3800E7A9C6E46D08002D3FF4E2A9C1E4924DC0
:10DA4800BFE400295AD0012900F0AC80022900F077
:10DA5800DB80032900F06181042900F0A1810529F8
:10DA680000F0EB81062900F016820729E7D0082983
:10DA78005DD0092971D00A2900F02D81834D844B8E
:10DA88000B2918BF1D469CE4824BE7E5002E50D0B9
:10DA9800012E00F0AF80022E00F03B81032E00F033
:10DAA8007A81042E00F0C781052E00F0FD81062E34
:10DAB80000F04D82072EE7D0082E48D0092E75D0E9
:10DAC8000A2E00F03181744B744A0B2E18BF13468E
:10DAD800C4E56F4BFFF7A1BA6A4BA3FB003080087F
:10DAE800FFF74ABB674BA3FB00308008FFF771BB09
:10DAF8006B4AA2FB0323DB08FFF78FBA644D60E48F
:10DB0800674BA3FB0535ED08002D3FF479A958E4D0
:10DB1800490814E6634BFFF780BA4FF48043FFF7D8
:10DB28007CBA4008FFF728BB4008FFF752BB5D4DA1
:10DB380047E45A4B92E54FF4804542E48908FEE5F4
:10DB4800594BFFF76ABA4FF40053FFF766BA4E4BCA
:10DB580084E5400821E6400851E5534D31E4534B34
:10DB6800FFF75BBA4FF400552BE44D4BA3FB003095
:10DB7800C008FFF72EBB4A4BA3FB0030C008FFF7D5
:10DB8800FBBA404BA3FB01239908D8E541F2555352
:10DB9800FFF743BA464BFFF740BA3A4BA3FB0535AC
:10DBA800AD080EE4414D0CE46D080AE43D4B55E523
:10DBB8004FF480405EE4800821E58008EDE53D4BA8
:10DBC800FFF72BBA41F25555FFF7FBBB384DFFF76E
:10DBD800F8BB314BFFF721BAC908B0E54FF48053C1
:10DBE800FFF71BBA0C23B5FBF3F5002D3FF408A98A
:10DBF800FFF7E7BB264B31E5224AA2FB0323DB08EC
:10DC0800FFF70BBA52086AE52A4DFFF7DABB626ADA
:10DC1800002A00F0C280012A00F07981022A00F06F
:10DC2800B281032A00F0C381042A00F05E82052A2B
:10DC380000F05982062A00F09E82072A00F0998295
:10DC4800082A00F09D82092A00F097820A2A00F02B
:10DC580083820B2A184A0E4B0EBF0021032113465C
:10DC680078083A4690E64FF40000CFE51348CDE532
:10DC7800044BA3FB002398088FE500BF004402581B
:10DC8800EC280108ABAAAAAA00093D0090D003001D
:10DC98000090D00300127A0020A107000020A107FD
:10DCA800CDCCCCCC80841E0040420F000048E80157
:10DCB8002A2C0A000024F400000090D00000093D3E
:10DCC800CF4BCBE442F6AA20FFF7D4BBCD4BA3FB46
:10DCD8000023980893E4CC4DFFF773BBCB4BFFF7B9
:10DCE8009CB94FF48055FFF76CBB1B09FFF795B93A
:10DCF8000A23B1FBF3F122E5C54BFFF78EB940F6D5
:10DD0800CC43FFF78AB92D09002D3FF479A8FFF716
:10DD180058BBC04BA2E49208E1E4BC4DFFF751BBED
:10DD28004008E7E5C00838E5BB4B97E44FF40050DE
:10DD3800FFF7A0BBC00862E4B54DFFF742BBB74B85
:10DD4800FFF76BB940F6CC45FFF73BBB0C23B1FBA3
:10DD5800F3F1F4E45B09FFF760B96D09002D3FF4B6
:10DD68004FA8FFF72EBBA74BA3FB0030C008FFF757
:10DD780003BAAB4BFFF751B940F6AA23FFF74DB9E9
:10DD8800A04BA3FB0030C008FFF723BA9D4BA3FBB1
:10DD980002239A08A3E4A34B60E4A34B03215FE7A3
:10DDA8009E4DFFF70EBBA14B58E4ED08FFF709BBEA
:10DDB8000A23B0FBF3F022E441F69810FFF75ABBB0
:10DDC8000A23B0FBF3F0E8E4800893E5984BFFF7EB
:10DDD80024B940F6AA25FFF7F4BA9B09FFF71DB945
:10DDE8000A22B3FBF2F3FFF718B98D4DFFF7E9BA32
:10DDF8000009FFF7C1B98F4BFFF70FB9AD09002D27
:10DE08003EF4FEAFFFF7DDBA8B480021FEE40909B6
:10DE180095E44FF40063FFF700B94308AEE54FF40B
:10DE280080000021F2E40009FFF7D3B90A23B5FB0B
:10DE3800F3F5FFF7C6BA814B10E47D4DFFF7C1BA81
:10DE4800D2084CE406220023F2F7FEFB52E50C232D
:10DE5800B0FBF3F0A1E4774DFFF7B3BA4FF40065D8
:10DE6800FFF7AFBA0C22B3FBF2F3FFF7D6B84909B4
:10DE780065E441F25450FFF7FDBA714BFFF7EEBB72
:10DE88000C23B0FBF3F0FFF7BABBDB09FFF7C5B80B
:10DE98006C4BFFF7C2B86B4DFFF793BA4009FFF719
:10DEA8006BB9694BFFF7B9B8684BFFF7D7BB4FF4AD
:10DEB8008063FFF7B2B8830860E50A23B2FBF3F288
:10DEC8000DE4ED09002D3EF49BAFFFF77ABA400947
:10DED800FFF77FB90C23B5FBF3F5FFF772BA4FF4E0
:10DEE8000010002192E45A4800218FE44008D1E450
:10DEF8004FF48065FFF765BA534DFFF762BA4FF2EA
:10DF08002443FFF78AB8000947E4C008F2E4514BFC
:10DF18001146A5E64FF48050FFF7ACBA3A4BFFF72D
:10DF28009DBB0009FFF76BBB8009FFF752B9800959
:10DF3800FFF722B9890902E44FF40073FFF76DB8BF
:10DF48004FF40075FFF73DBA3A4BFFF787BB2F4BED
:10DF5800FFF784BB4048002158E480089AE4400950
:10DF6800FFF74DBB400918E40A220023F2F76CFBC7
:10DF7800C0E42D09FFF725BA3848002146E44FF2DE
:10DF88002445FFF71EBA364B6AE64FF40060FFF7E8
:10DF980071BA00230622F2F757FB0346EEE40C237E
:10DFA800B2FBF3F2FFF79BBB1209FFF798BB2D4BAF
:10DFB80056E64FF48060FFF75DBA8009FFF71FBB94
:10DFC800C009FFF706B947F61223FFF726B847F648
:10DFD8001225FFF7F6B96D09FFF7F3B922480021BA
:10DFE80014E4194BFFF73ABBC009FFF7C5B8C909D4
:10DFF800FFF7A5BB0C220023F2F726FB7AE400BF4B
:10E0080054581400ABAAAAAA20A10700AAC2A200C9
:10E01800801A06000048E80140420F0000127A000A
:10E028001516050054854501000090D000350C00F8
:10E0380000A8610090D003000080841E0024F40032
:10E048002A2C0A005561510048E801000050C3001D
:10E058000040420F000048E8002A2C0A005515002D
:10E06800000024F400AAC2A20020A107062200236F
:10E07800F2F7EAFA0EE4C30880E44FF48073FEF77F
:10E08800CCBF4FF48075FFF79CB98009FFF785BBBB
:10E098004FF480100021FFF7B9BB53480021FFF768
:10E0A800B5BB00230A22F2F7CFFA034666E4C0099B
:10E0B800FFF773BB4FF400200021FFF7A7BB4B48C5
:10E0C8000021FFF7A3BB0A220023F2F7BDFAFFF7EE
:10E0D800E1BB5209FFF703BBC009FFF790BA4FF441
:10E0E8000070FFF7C7B9424BBAE5424BB8E5900953
:10E0F8000021FFF7FFBB4009FFF7FCBB3E480021AA
:10E10800FFF784BB3D480021FFF780BB030935E4D6
:10E1180000230C22F2F798FA03462FE40009FFF7D0
:10E12800E9BBC008FFF7B6BB4FF22443FFF796BA26
:10E13800AD09FFF746B932480021FFF767BBED0983
:10E14800FFF73FB9D209FFF7CABA9209FFF7C7BA72
:10E158002C480021FFF75ABB2B4B002180E54FF4D8
:10E1680000300021FFF752BB4FF480200021FFF759
:10E178004DBB264B74E5264B72E5264B00216FE517
:10E18800254B00216CE54FF480300021FFF73EBBA2
:10E19800D0090021FFF7AEBB83090021FFF7EEBBD2
:10E1A8004309FFF7EBBBC0090021FFF773BB8009E8
:10E1B8000021FFF76FBB19480021FFF727BB18485C
:10E1C8000021FFF723BB0C220023F2F73DFAFFF7EB
:10E1D80061BBC3090021FFF7D1BB40090021FFF74C
:10E1E80059BB0009FFF756BB00CC0C0000AA0A0077
:10E1F8000000A8610000127A0090D00300151605EF
:10E2080000801A0600127A000020A1070000093DCC
:10E21800005561510040420F0080841E0024F40024
:10E228000048E801836ADA0710B406D50168C46AB1
:10E238004A6822F4003222434A609C0706D50168E6
:10E24800046B4A6822F4803222434A60590706D593
:10E258000168446B4A6822F4802222434A601A0704
:10E2680006D50168846B4A6822F4004222434A605A
:10E27800DC0606D50168C46B8A6822F48052224302
:10E288008A60990606D50168046C8A6822F40052EF
:10E2980022438A605A060AD50168446C4A68B4F574
:10E2A800801F22F4801242EA04024A600BD01B0647
:10E2B80006D50268C16C536823F400230B435360EE
:10E2C8005DF8044B70474A68846C22F4C00222430C
:10E2D8004A60ECE7002370B50446C0F88830F7F7C9
:10E2E800D9FF054623681A6811070CD41A68520723
:10E2F80025D420220023C4F880201846C4F884209E
:10E3080084F87C3070BDDE6916F40016EED1F7F79C
:10E31800C1FF431BB3F1007F2368F4D31A6820219F
:10E32800032022F4D0721A609A6822F001029A60DF
:10E33800C4F8801084F87C60C4F8841070BDDE696D
:10E3480016F48006D5D1F7F7A5FF431BB3F1007F7C
:10E358002368F4D3E2E700BF80B3D0F8803010B56B
:10E36800044633B3226824232046C4F88030136857
:10E3780023F001031360FEF7F9FC012817D0A36A04
:10E388008BB9236820465A6822F490425A609A68EA
:10E3980022F02A029A601A6842F00102BDE8104091
:10E3A8001A60FFF797BF2046FFF73CFFE9E7012017
:10E3B80010BD80F87C30F6F769FDD3E7012070477F
:10E3C800704700BF704700BF704700BF90F87C20BF
:10E3D800012A17D0026803462420002130B4C3F86C
:10E3E800800020251068146820F0005024F00104F3
:10E3F8001460596610600846C3F8805083F87C1092
:10E4080030BC70470220704790F87C20012A46D023
:10E4180002680346242030B4C3F8800084B014682E
:10E428001068EC4604AD20F001001060906820F000
:10E43800604001431B48916003C88CE803001A49F7
:10E4480003C905E90300596E31B391689068C1F3B7
:10E45800426C05EB50710CF110000DEB000C11F83B
:10E46800100C11F8081CC0001CF8085CB0FBF1F097
:10E478001CF8101CC900B1FBF5F1A3F868100021C5
:10E48800A3F86A00202508461460C3F8805083F872
:10E498007C1004B030BC704701210846EDE702202B
:10E4A800704700BFB0260108FC28010890F87C20BE
:10E4B800012A46D002680346242030B4C3F88000FD
:10E4C80084B014681068EC4604AD20F001001060B8
:10E4D800906820F0606001431B48916003C88CE895
:10E4E80003001A4903C905E90300596E31B391685D
:10E4F8009068C1F3426C05EB50710CF110000DEB04
:10E50800000C11F8100C11F8081CC0001CF8085C6D
:10E51800B0FBF1F01CF8101CC900B1FBF5F1A3F831
:10E5280068100021A3F86A00202508461460C3F883
:10E53800805083F87C1004B030BC70470121084635
:10E54800EDE70220704700BFB0260108FC2801084B
:10E558000B6810B4D3B90468A3F500434A68234094
:10E568001343D1E9024223431343D1E9044223432D
:10E578001343D1E9064223431343D1E90842234315
:10E588005DF8044B13430360002070470268D1E92B
:10E59800074322F4F84222434C6A1A430A4B2243A7
:10E5A800026042681340D1E9014223431343D1E991
:10E5B800034223431343D1E9054223435DF8044B47
:10E5C80013434360002070470080FFFF30B40ABB4C
:10E5D8008368D1E9002403F07043013C013A43EA1F
:10E5E80004131343D1E90224013A013C43EA02230C
:10E5F80043EA0432D1E904348969013B013C013919
:10E6080042EA034343EA045343EA016330BC8360AC
:10E61800002070478268CC68114B013C13404A695E
:10E6280043EA0433541E43EA0454D1E900258460C4
:10E63800C3686C1E013A03F0704343EA04130C6983
:10E648001A438B68013C8969013B013942EA03237B
:10E6580043EA044343EA016330BCC36000207047C7
:10E66800FF0F0FFF0246D1E9003010B403431469CD
:10E67800D1E9021023435DF8044B013943EA4023F2
:10E68800002043EA41131361704700BF0246054B5F
:10E69800002010B4546923405DF8044B43EA41015B
:10E6A8005161704701C0FFFF022A82B0844613D02F
:10E6B80009230193DCF80C30002023F47053CCF8C4
:10E6C8000C30019BDCF80C209B0203F470531343BD
:10E6D800CCF80C3002B07047224B234A0B449342CB
:10E6E80007D9224B224A0B44934205D80E230193A3
:10E6F800E0E70F230193DDE71E4B1F4A0B449342CB
:10E7080007D91E4B1E4A0B44934205D20C23019392
:10E71800D0E70D230193CDE71A4B1B4A0B449342D4
:10E7280002D80B230193C5E7184B194A0B449342AF
:10E7380002D20A230193BDE7164B174A0B449342B2
:10E74800B6D3164B164A0B44934202D208230193C0
:10E75800B0E7144B144A0B44934234BF07230623F3
:10E768000193A7E7405327FFFF340C00401E1BFF0F
:10E778003F420F0000DC0BFF7F4F1200808CF9FE38
:10E7880020D6130060B6E5FE5FE3160000D3CEFE88
:10E7980040771B00C05BB3FEC091210000CA91FE08
:10E7A80020753800E05459FEE09C4100890182B090
:10E7B80000230A4A41F020010193016103E0036943
:10E7C80013F0200307D0019B013393420193F6D93C
:10E7D800032002B07047184602B07047400D03008E
:10E7E800D0F8083882B003F006030193019838B1D5
:10E7F8000198022804D0019B062B0CBF02200F2091
:10E8080002B0704730B44B780A78012B20D002F060
:10E818000F0C4FF48033D0F81C4800EB421203FA77
:10E828000CF32343C0F81C38D2F8003B1B040CD46B
:10E838008B68D2F8004BC3F30A03C8781449234302
:10E8480043EA80431943C2F8001B002030BC7047DC
:10E8580000F5006402F00F0500EB4210AB40E569DB
:10E868002B43E361D0F800391C04EED48B68D0F850
:10E878000059C3F30A03CC7805492B4343EA844380
:10E8880043EA8252114330BCC0F800190020704797
:10E89800008000102DE9F0414B7891F800C0012B61
:10E8A80051D000EB4C1C844CDCF8105B0CF5306349
:10E8B8002C401C61814C1D692C401C614C6984B33F
:10E8C8008D68012A7E4E2C4404F1FF34B4FBF5F424
:10E8D80006EAC44EA4B205FB04F41D694EEA050518
:10E8E800C4F312041D611D6944EA05041C6125D0A6
:10E8F800CB78012B0CD1D0F8083813F4807FDCF8E2
:10E90800003B0CBF43F0005343F08053CCF8003B6E
:10E91800DCF8003B43F00443CCF8003B0020BDE8A2
:10E92800F0818C68012A1D69C4F3120444EA0504C5
:10E938001C611C6944F400241C61D9D1CA68002AEE
:10E94800D6D05A61D4E74D69002D3DD000EB4C1468
:10E95800594ED1F808E0D4F81089584F08EA06064D
:10E96800C4F8106905EB0E06013EB6FBFEFED4F8AE
:10E9780010693740524EC4F8107906EACE46D4F8EA
:10E9880010793E43C4F81069C5F31206D4F810791B
:10E998003E43C4F8106904F5106691F803E0BEF12F
:10E9A800010F57D0012A72D0D4F800290CF00F0CAF
:10E9B80042F0044203FA0CF3C4F80029D0F83428D2
:10E9C8001343C0F83438A9E700EB4C133B4E3A4CDC
:10E9D800012AD3F8107906EA0706C3F81069D3F8B4
:10E9E800106946F40026C3F81069D3F8106904EAE0
:10E9F800060403F51066C3F8104991F803E03AD00D
:10EA0800D3F80049BEF1010F44F00444C3F80049AB
:10EA180084D1D0F8083813F4807F33680CBF43F0F2
:10EA2800005343F080533360002A7FF477AFADB2D0
:10EA38000335AD083FF472AFCB6800EB0C3C03EB39
:10EA480085010CF5805C53F8042B8B42CCF8002030
:10EA5800F9D163E73369012A23F0C043336133698D
:10EA680043F00053336117D0D4F8003943F004431E
:10EA7800C4F80039CDE70B6963B9BEF1010F0ED0B8
:10EA88003368002043F004433360BDE8F0810B692C
:10EA9800002BF5D07361F0E70B69002BFAD1D0F8A1
:10EAA800083813F4807F33680CBF43F0005343F0F9
:10EAB80080533360E4E700BF0000F8FFFFFF07E082
:10EAC8000000F81FF0B54C780B78012C26D000EB2D
:10EAD8004310574CD0F8105B00F530632C401C6194
:10EAE800544C1D692C401C614C69A4B98C681D6983
:10EAF800C4F31204012A45F400251D611D6944EA86
:10EB080005041C6149D0D0F8003B43F00443C0F829
:10EB1800003B0020F0BD8C684C61E8E74C69002C94
:10EB280040D000EB4315424FD1F808E0D5F810C9A2
:10EB3800404E74450CEA070705F5106CC5F81079C6
:10EB4800D5F8107906EA0706C5F8106958D9DCF82F
:10EB58001040012AC1F814E044F40024CCF8104015
:10EB6800CEF31204DCF8106044EA0604CCF8104036
:10EB78003AD0D5F8002942F00442C5F80029BEF180
:10EB8800000FC6D003F00F010123D0F834288B40C2
:10EB98001343C0F834380020F0BDCA68002AB2D048
:10EBA8005A61B0E700EB4310224B012AD0F8104914
:10EBB80000F5106C03EA0403CCF81030DCF81030D0
:10EBC80043F40023CCF81030194BDCF8104003EA6A
:10EBD8000403CCF8103007D0D0F8003943F00443D0
:10EBE800C0F800390020F0BD0B690BB1CCF8143027
:10EBF800DCF80030002043F00443CCF80030F0BDCE
:10EC0800DCF81060C4F31204012A46F40026CCF89C
:10EC18001060DCF8106044EA0604CCF81040E3D039
:10EC2800D5F8002942F00442C5F80029AAE700BF38
:10EC38000000F8FFFFFF07E010B49DF8044064B936
:10EC480003339B0809D0013201EB830300EB023048
:10EC580051F8042B8B420260FAD100205DF8044B76
:10EC6800704700BF033292080AD000F5805C01EBC0
:10EC78008200DCF8003041F8043B8842F9D1704743
:10EC8800084670474A780B78012A00EB43100CD0ED
:10EC9800D0F8002B0BB1002A14DAD0F8003B43F46B
:10ECA8000013C0F8003B00207047D0F80029002A64
:10ECB80000DB73B9D0F8003943F40013C0F8003909
:10ECC80000207047D0F8003B23F08043C0F8003B99
:10ECD800E3E7D0F8003923F08043C0F80039D0F8D2
:10ECE800003943F40013C0F80039E9E74A780B7893
:10ECF800012A00EB431013D0D0F8003B23F4001393
:10ED0800C0F8003BCB78023B012B01D900207047AB
:10ED1800D0F8003B43F08053C0F8003B0020704718
:10ED2800D0F8003923F40013C0F80039CB78023B3F
:10ED3800012BEBD8D0F8003943F08053C0F80039E4
:10ED480000207047034609010020D3F8002801F489
:10ED5800FE6122F4FE62C3F80028D3F800281143AC
:10ED6800C3F80018704700BF82B0436901938269F5
:10ED7800019B13400193019802B0704782B0D0F80C
:10ED880018380193D0F81C28019B1340019301986F
:10ED9800000C02B0704700BF82B0D0F81838019359
:10EDA800D0F81C28019B13400193019880B202B04F
:10EDB800704700BF00EB411182B0D1F8083B0193C6
:10EDC800D0F81428019B13400193019802B07047B2
:10EDD80084B0D0F8103801F00F0C00EB4111029309
:10EDE800D0F834380393039B029A23FA0CF3DB011F
:10EDF800DBB213430293D1F80839029A1340019306
:10EE0800019804B0704700BF406900F001007047E6
:10EE1800D0F8001900F500630A4A0A40C0F8002932
:10EE28009A6802F00602042A05D1D0F8002942F0B7
:10EE38000302C0F800295A68002042F480725A6020
:10EE4800704700BF00F8FFFF144B10B4046C9C42DD
:10EE58001AD800F53060002301290361036943F4DF
:10EE680000230361036943F018030361036943F056
:10EE7800C043036104D14261036843F08023036007
:10EE880000205DF8044B7047D0F8003B00F5306077
:10EE9800002BE0DA00205DF8044B70470A30544F2D
:10EEA800D0F8002401F00303012900F5806C22F05A
:10EEB8000302C0F80024D0F8002443EA0203C0F893
:10EEC800003409D0022901D00020704741F2707344
:10EED8000020CCF8043070474BF680330020CCF883
:10EEE80004307047D0F8140480B2704700EB411129
:10EEF800002382B001F5A0620193D1F8003513F424
:10EF0800802FD1F8003543F08043C1F8003522D175
:10EF1800C36A13F47F0FD1F8003523D123F00043DF
:10EF2800C1F80035D1F8003543F00043C1F8003589
:10EF3800D1F8003523F40043C1F8003502E0136826
:10EF4800002B13DA019B0133B3F57A7F0193F6D9CD
:10EF5800002002B07047D0F8103413F47F0FD1F8B6
:10EF6800003506D043F00043C1F80035002002B058
:10EF7800704723F00043C1F80035D1F8003543F05D
:10EF88000043C1F80035D1F8003523F40043C1F837
:10EF9800003502E01368002BE8DA019B0133B3F572
:10EFA8007A7F0193F6D9002002B0704730B400246C
:10EFB80084B04FF48465AA4A00940146836823F01C
:10EFC800010383600394056102E00B69980604D588
:10EFD800039B013393420393F7D900201023A04ADF
:10EFE80002900B6102E00B69DB0604D5029B01333A
:10EFF80093420293F7D9D1F8003501F5A06201F5E3
:10F00800E0600193019B43F080430193019B23F04F
:10F0180000430193019B23F400430193019BC1F832
:10F028000035D1F820350193019B43F080430193CB
:10F03800019B23F000430193019B23F400430193B8
:10F04800019BC1F82035D1F840350193019B43F06D
:10F0580080430193019B23F000430193019B23F418
:10F0680000430193019BC1F84035D1F86035019305
:10F07800019B43F080430193019B23F000430193DC
:10F08800019B23F400430193019BC1F86035D1F83B
:10F0980080350193019B43F080430193019B23F04A
:10F0A80000430193019B23F400430193019BC1F8A2
:10F0B8008035D1F8A0350193019B43F0804301933B
:10F0C800019B23F000430193019B23F40043019328
:10F0D800019BC1F8A035D1F8C0350193019B43F0DD
:10F0E80080430193019B23F000430193019B23F488
:10F0F80000430193019BC1F8C035D1F8E035019375
:10F10800019B43F080430193019B23F0004301934B
:10F11800019B23F400430193019BC1F8E035D1F82A
:10F1280000360193019B43F080430193019B23F038
:10F1380000430193019B23F400430193019BC1F811
:10F148000036D1F820360193019B43F080430193A8
:10F15800019B23F000430193019B23F40043019397
:10F16800019BC1F82036D1F840360193019B43F04A
:10F1780080430193019B23F000430193019B23F4F7
:10F1880000430193019BC1F84036D1F860360193E2
:10F19800019B43F080430193019B23F000430193BB
:10F1A800019B23F400430193019BC1F86036D1F819
:10F1B80080360193019B43F080430193019B23F028
:10F1C80000430193019B23F400430193019BC1F881
:10F1D8008036D1F8A0360193019B43F08043019318
:10F1E800019B23F000430193019B23F40043019307
:10F1F800019BC1F8A036D1F8C0360193019B43F0BA
:10F2080080430193019B23F000430193019B23F466
:10F2180000430193019BC1F8C036D1F8E036019351
:10F22800019B43F080430193019B23F0004301932A
:10F23800019B23F400430193019BC1F8E036136856
:10F248000193019B43F080430193019B43F00043EA
:10F258000193019B23F400430193019B136004E095
:10F26800400D03001368002B05DA009B0133B3F54A
:10F278007A7F0093F6D920328242E0D14FF0FF33F3
:10F288000020C1F814344B618B6843F001038B6094
:10F2980004B030BC704700BF08B5D0F88C321BB141
:10F2A8001B68984700B908BD022008BD08B5D0F80A
:10F2B8008C325B689847002008BD00BF38B500F560
:10F2C80020750446284600F07DFB0122B4F88632FA
:10F2D80094F88012C4E99B2301F01F03934209D0DC
:10F2E800022B13D063B101F080012046F6F728FE07
:10F2F800002038BD2946204600F092FA002038BD8B
:10F308002946204600F00AF9002038BD2946204643
:10F3180000F0BAFA002038BD38B5054669B9134679
:10F32800D0F86C22032A15D0052A0C460ED1C5F850
:10F338006C12F6F705FE204638BDD0F88C329B6972
:10F3480033B190F87422032A02D19847002038BDBF
:10F35800022038BDD0E9531291420CD9891A8A4249
:10F36800C0F84C1188BF8AB2194698BF92B200F013
:10F3780055FB002038BDD0F88C321B691BB190F8C2
:10F388007422032A04D0284600F052FB002038BD1E
:10F398009847F8E770B5044661B9D0F86C32022B8B
:10F3A80015D033F0040337D094F87832012B2ED0DF
:10F3B800002070BDD0F88C325B6933B190F87422AC
:10F3C800032A02D19847002070BD022070BDD0E901
:10F3D80008630D469E4223D8C669B6FBF3F203FBC9
:10F3E80012620AB9B34228D9D4F88C32DB681BB14F
:10F3F80094F87422032A30D080212046F6F7A0FD25
:10F40800204600F021FB94F87832012BD0D100235C
:10F41800184684F8783270BD8021F6F791FDC3E76D
:10F42800F31A114603629AB200F0EEFA2B462A4606
:10F4380029462046F6F7D0FDB6E7D0F870329E424E
:10F44800D2D20A4600F0E0FA2B462A462946204640
:10F45800C4F87052F6F7C0FDA6E720469847CBE7F8
:10F4680070B5002240260446012511463346F6F7BA
:10F4780055FD3346802100222046C4F84451C4F883
:10F488005061F6F74BFD0021D4F89032A561666211
:10F4980084F87452C4F86C126160C4F87C1223B109
:10F4A800D4F88C3220465B689847002070BD00BFB6
:10F4B800034600201974704703460421002093F87E
:10F4C800742283F8741283F875227047034600206B
:10F4D80093F8752283F87422704700BF90F874225D
:10F4E800032A01D00020704708B5D0F88C32DB69B8
:10F4F80003B19847002008BD0020704700207047DE
:10F5080000207047D0F88C22012108B580F87412C9
:10F51800017953689847002008BD00BF30B50B78C3
:10F5280083B00D46044603F06003202B0DD0402B1A
:10F538000BD09BB180212046F6F702FD0021204622
:10F54800F6F7FEFC002003B030BDD4F88C32294613
:10F5580020469B689847002003B030BD4B78092BA4
:10F56800E8D801A252F823F0CBF50008F7F5000817
:10F578003DF5000815F600083DF500081DF60008E1
:10F5880055F600083DF5000885F6000899F50008CD
:10F598008978A24D01292970CCD890F87432022BB1
:10F5A80000F01281032B00F000818021F6F7C8FCDF
:10F5B80000212046F6F7C4FC29782046FFF776FE9E
:10F5C800C0E790F87432013B022BB3D8CB88022BEA
:10F5D800B0D10122D0F87C32C2600BB10323C360E2
:10F5E800022204F10C01204600F000FAAAE790F884
:10F5F8007432013B022B9DD84B88012BA2D10023EA
:10F608002046C4F87C3200F013FA9BE74B88012BA4
:10F6180098D1F5E78B88002B8CD1CB88002B89D12A
:10F628004D887F2D86D890F87432032B82D0E9B2AA
:10F6380080F87612F6F7B4FC204600F0F9F9002DB0
:10F6480000F0E080022384F874327BE74A88130ACA
:10F65800013B062B3FF66EAF01A151F823F000BF26
:10F6680019F7000801F70008EFF600083DF5000853
:10F678003DF50008D9F60008ABF60008CA88012A4B
:10F688007FF458AF90F87432022B00F28780002B79
:10F698003FF450AF0146002341F8083F00F0A6F9B7
:10F6A80050E7037C002B7FF445AFD0F88C320DF186
:10F6B80006001B6B984707234370BDF80620002AF5
:10F6C80067D0EB88002B5BD1204600F0B1F939E711
:10F6D800037C002B7FF42EAFD0F88C320DF106009E
:10F6E8005B6B9847E9E7D1B2052900F28F80DFE824
:10F6F80001F0271F17372F3F037C002B72D1D0F85A
:10F708008C320DF106009B6A984702234370D4E7B8
:10F71800D0F888320DF10601007C1B689847CCE7C9
:10F72800D0F888320DF10601007CDB689847C4E701
:10F73800D0F888320DF10601007C9B689847BCE739
:10F74800D0F888320DF10601007C5B689847B4E771
:10F75800D0F888320DF10601007C5B699847ACE768
:10F76800D0F888320DF10601007C1B699847A4E7A0
:10F77800D0F888320DF10601007C9B6998479CE718
:10F788009A420146204628BF1A46ADF8062000F0E6
:10F798002DF9EB88002B7FF4D5AE95E7032B7FF48A
:10F7A800C9AE011D00F022F9CCE621B34168012958
:10F7B8008AD0C9B2FFF77AFD297820466160FFF741
:10F7C8006BFD022880D1B5E600293FF47DAF012109
:10F7D8000323416080F87432FFF75EFD02287FF44E
:10F7E80073AFA7E6D0F88C320DF10600DB6A9847B4
:10F7F8000223437061E70223416080F87432FFF707
:10F8080055FD61E7012384F874329BE6D0F88C3209
:10F818000DF106029B6B98474FE700BF08BA00241A
:10F8280038B50B780D46044603F06002402A0AD02A
:10F838005B0608D58021F6F783FB00212046F6F702
:10F848007FFB002038BD94F87432013B022B11D89D
:10F858002B79012B0ED8D4F88C32294620469B6888
:10F868009847EB88002BECD10028EAD1204600F01D
:10F87800DFF8E6E780212046F6F762FB0021204604
:10F88800F6F75EFB002038BD38B50B78044603F068
:10F898006003202B0CD0402B0AD083B18021204656
:10F8A800F6F74EFB00212046F6F74AFB002038BD4C
:10F8B800D4F88C3220469B689847002038BD4B7896
:10F8C8008A88012B5FFA82FC37D0032B23D0002BC8
:10F8D800E4D190F87432022B4AD0032BDED10CF01D
:10F8E8000F03120603EB830300EB830351D4D3F811
:10F8F8004431002BD2D00CF07F03142505FB0305FF
:10F9080005F5A075002B4FD12B6002222946204611
:10F9180000F06CF8CAE790F87432022B1DD0032B64
:10F92800BCD14B882BB91CF07F0F02D0CB88002BA1
:10F9380043D0204600F07CF8B8E790F87432022BE8
:10F948000BD0032BAAD14B88002BAFD11CF07F0F13
:10F95800EFD06146F6F702FBEBE71CF07F0F9DD076
:10F968006146F6F7EDFA80212046F6F7E9FA9DE7B9
:10F978001CF07F0F92D111064FF000034FF00202E6
:10F988004CBF00F1140100F5A0710B6000F02EF8D7
:10F998008CE79B69002B81D00CF07F035D1C05EB85
:10F9A800850500EB8505ADE761462046F6F7E4FAE4
:10F9B80008B10123A8E72860A7E76146F6F7C0FA6F
:10F9C800B7E700BF0B7803704B784370CA788B7821
:10F9D80003EB022343804A790B7903EB02238380EC
:10F9E800CA798B7903EB0223C380704710B513469D
:10F9F80002240A460021C0F86C42C0E90733F6F732
:10FA0800DDFA002010BD00BF8C46002108B5134662
:10FA18006246F6F7D3FA002008BD00BF8C460021E5
:10FA280008B513466246F6F7D7FA002008BD00BFAE
:10FA380008B504210023C0F86C121A461946F6F7D7
:10FA4800BDFA002008BD00BF08B505210023C0F895
:10FA58006C121A461946F6F7BFFA002008BD00BF17
:10FA6800D0F8C4230132C0F8C42302780B2A00D08E
:10FA78007047D0F87C33002BFAD09B69184700BF39
:10FA8800012380F823337047002380F8233370471D
:10FA9800034600220121104683F8201383F821230E
:10FAA80083F82223704700BF38B501230025044698
:10FAB80080F8213380F8235380F82053F6F7B0FA02
:10FAC8002179204600F006F86179204600F002F816
:10FAD800284638BD0A2907D800EB8100D0F88433BE
:10FAE800C3F30E03C0F884330020704730B52DED02
:10FAF800028B83B0044601231546ADF80410173075
:10FB0800BDF80410B0EE408A01806376F3F74CFD2F
:10FB1800B5FA85F3002200215B092575A16084ED03
:10FB2800048AA5756375C4E9002203B0BDEC028B95
:10FB380030BD00BF20EE007ADFED067A27EE000A1E
:10FB480060EE277A80ED020AFCEEE77AC0ED017AD2
:10FB5800704700BF00FF7F4790ED046AB7EE007A58
:10FB6800DFED0E5A0346D0ED036AC5EE867A77EECE
:10FB7800A67AF4EEC77AF1EE10FAC8BF77EEC77A24
:10FB880090ED027AB4EEE77AC0ED037A1730F1EE21
:10FB980010FACCBF597D997DF3F7F0BD0000F04213
:10FBA8000C4A82B00C4BD2F8DC1041F04001C2F88C
:10FBB800DC10D2F8DC2002F040020192019A1A68A7
:10FBC80022F020021A601A6842F004021A6002B099
:10FBD800704700BF004402580018024870B500235F
:10FBE80004464FF4806204214FF440353448C4F889
:10FBF8003821C4F8D410C4F83431C4F84C11314950
:10FC0800C4F8B000C4F82811C4E92F32C4E931336C
:10FC1800C4E93335C4E93733C4E94F33C4E951354E
:10FC2800C4E95533A2680323C4F8D830C4F8503166
:10FC3800042A0AD8DFE802F01F262D3403005522D3
:10FC48005623C4F8B420C4F82C310022402304F110
:10FC5800B005C4F8B8202846C4F83031F7F7DCFA04
:10FC680008B1FFBEFEE704F594763046F7F7D4FAFC
:10FC7800E8B1FFBEFEE725222623C4F8B420C4F865
:10FC88002C31E2E727222823C4F8B420C4F82C3109
:10FC9800DBE73D223E23C4F8B420C4F82C31D4E776
:10FCA80053225423C4F8B420C4F82C31CDE704F10E
:10FCB8002803C4E92865C4F8E830C4F8603170BD89
:10FCC80040040240580402402DE9F04F814683B0B9
:10FCD8000E4617461D4600F12804204601F090FD07
:10FCE80001288246F9D14846FFF778FF8046002868
:10FCF80035D1EFF31083019372B6DFF888B00C9B0F
:10FD080099F90820DFF880A0DFF88090CBF8003060
:10FD18000D9B89F80020CAF800300DB11846A84795
:10FD2800BAB23146204601F0E1F830B9019B03B977
:10FD380062B6404603B0BDE8F08F0023CBF8003030
:10FD4800CAF80030FF2389F800300C9B8BB10121E1
:10FD58000D9888469847019B002BEAD1E8E70C9B51
:10FD680053B1D0460D9851469847404603B0BDE878
:10FD7800F08F4FF00108D9E7D046404603B0BDE800
:10FD8800F08F00BF2CC4002434C4002430C40024E5
:10FD98002DE9F04F814683B00E4617461D4600F107
:10FDA8002804204601F02CFD01288246F9D1484656
:10FDB800FFF714FF8046002835D1EFF31083019335
:10FDC80072B6DFF888B00C9B99F90820DFF880A09C
:10FDD800DFF88090CBF800300D9B89F80020CAF836
:10FDE80000300DB11846A847BAB23146204601F096
:10FDF80041FA30B9019B03B962B6404603B0BDE889
:10FE0800F08F0023CBF80030CAF80030FF2389F8C0
:10FE180000300C9B8BB101210D9888469847019BB7
:10FE2800002BEAD1E8E70C9B53B1D0460D98514618
:10FE38009847404603B0BDE8F08F4FF00108D9E776
:10FE4800D046404603B0BDE8F08F00BF2CC4002464
:10FE580034C4002430C400242DE9F04F814683B017
:10FE68000F461646984600F12804204601F0C8FCC3
:10FE78000128FAD182464846FFF7B0FE0546002819
:10FE880038D1EFF31083019372B699F90830DFF88F
:10FE98008890DFF888B089F800300D9BDFF880A0E3
:10FEA800CBF800300E9BCAF800300C9B0BB10E98B3
:10FEB80098471FFA88F33A463146204601F0CEF8B3
:10FEC80030B9019B03B962B6284603B0BDE8F08F8C
:10FED8000023CBF80030CAF80030FF2389F800303F
:10FEE8000D9B8BB101210E980D469847019B002B65
:10FEF800EAD1E8E70D9B4BB155460E985146984715
:10FF0800284603B0BDE8F08F0125DAE755462846B4
:10FF180003B0BDE8F08F00BF30C400242CC4002417
:10FF280034C400242DE9F043002387B0022204469C
:10FF380005690493CDE90223D0E902128E00FAB1D3
:10FF4800022D7AD02178B5FA85F54FF00108276A95
:10FF58000B294FEA551521D1A2780B2A02D0B8F106
:10FF6800000F38D123790B2B01D0002D6CD1A37948
:10FF780017B10B2B40F09980002007B0BDE8F08343
:10FF880035F002032178276A0CBF4FF001084FF0C3
:10FF98000008023D18BF01250B29DDD07D4B94F8E0
:10FFA80001C053F8262010780B2802D0884200F0B0
:10FFB800AD80D378D01C994202D10B2B40F0BD8084
:10FFC8009379901D8B4202D10B2B40F0BC8001200D
:10FFD80007B0BDE8F083711C6E4BE07853F8213010
:10FFE80019780B2902D08A4200F0B580D97803F13C
:08FFF800030C0B2902D08A4220
:020000040801F1
:1000000000F0BB80997903F1060C0B29E3D08A42FA
:10001000E1D1DB798342DED1634604F102099B78AA
:1000200048460593F6F71EF880464846F6F722F84C
:1000300001A901904046F7F7BDFF23790B2B98D11A
:1000400099E70178076A0B2940F0868001258DE742
:10005000B11C524A607952F8212011780B2902D044
:100060008B4200F08180D178D51C0B2902D08B42C5
:1000700000F08D809179951D8B42ACD10B29AAD0CF
:10008000D3798342A7D12A46251D93782846059324
:10009000F5F7E8FF034628461D46F5F7EBFF01A9F3
:1000A00001902846F7F786FFA379002F7FF465AF0C
:1000B00066E7F11C394AE07952F8212011780B29C2
:1000C00001D08B425FD0D178D51C0B2901D08B4257
:1000D0004FD09179951D8B427FF47DAF0B293FF472
:1000E0007AAFD37983427FF476AF2A46A51D937801
:1000F00028460593F5F7B6FF04462846F5F7BAFFFC
:10010000034601A920460193F7F754FF002007B0EA
:10011000BDE8F083537863457FF44FAF9378204672
:100120000593F5F79FFF81462046F5F7A3FF01A948
:1001300001904846F7F73EFFA2780B2A7FF413AFF1
:1001400014E7137963457FF43FAF0246E6E7D379BE
:1001500063457FF440AFF8E79846012522E75978D8
:1001600081427FF447AF58E7517881427FF47BAFFB
:100170008AE711798142ACD1B7E7197981427FF4DE
:1001800041AF634649E7517881429CD1AEE711798E
:1001900081427FF46FAF2A4676E700BF0C29010841
:1001A000654A0368934200F0B980A2F57842934211
:1001B00000F0B68002F58062934200F0B38002F551
:1001C0007842934200F0B08002F5E052934200F092
:1001D000AD805A4A934240F0AB8005234FF4D07172
:1001E000574A01FB03F310B5D418D05C86B0F5F77D
:1001F00049FFA078F5F746FF2079F5F743FFA0798E
:10020000F5F740FFA368052B11D8DFE803F0192F9D
:10021000455B71034B4BD3F8F42042F02002C3F846
:10022000F420D3F8F43003F020030593059B204617
:10023000FFF77CFE012801D006B010BDFFBEFEE72F
:10024000404B00222320D3F8F01041F48051C3F832
:10025000F0101146D3F8F03003F480530093009B64
:10026000F6F72CFE2320F6F767FEE0E7354B002279
:100270002420D3F8E81041F48041C3F8E810114677
:10028000D3F8E83003F480430193019BF6F716FEA0
:100290002420F6F751FECAE72A4B00223320D3F878
:1002A000E81041F40041C3F8E8101146D3F8E830F3
:1002B00003F400430293029BF6F700FE3320F6F7A7
:1002C0003BFEB4E71F4B00225420D3F8F01041F45A
:1002D0000051C3F8F0101146D3F8F03003F4005386
:1002E0000393039BF6F7EAFD5420F6F725FE9EE7FD
:1002F000144B00225520D3F8F01041F48011C3F8BC
:10030000F0101146D3F8F03003F480130493049BEB
:10031000F6F7D4FD5520F6F70FFE88E700235DE7DA
:1003200001235BE7022359E7032357E7042355E73B
:1003300000231B78FFDE00BF00300140001400588E
:100340000CBA0024004402582DE9F043002289B081
:100350001B4B01210DF1040C9E461A4B0791E146FF
:10036000E04667460EF11C060EF138050EF1540406
:10037000CDE90122CDE90322CDE90522FF221A7041
:10038000BCE80F00AEE80F009CE807008EE807000D
:10039000B9E80F000FC69CE8070086E80700B8E838
:1003A0000F000FC59CE8070085E807000FCF0FC4BA
:1003B0009CE8070084E8070009B0BDE8F08300BFAF
:1003C0001003002430C40024014801F0F1B800BF3C
:1003D00034BA0024014801F0EBB800BFD4BB0024BC
:1003E000014801F0E5B800BF74BD0024014801F0E8
:1003F000DFB800BF14BF0024014801F0D9B800BF26
:10040000B4C0002410B5EFF3108472B6084B1A780C
:10041000120602D504B962B610BD1B784FF4D07233
:1004200004485BB202FB0300B030F7F771FAF1E762
:1004300030C400240CBA002410B5EFF3108472B657
:10044000094B1A78120602D504B962B610BD1B78A2
:100450004FF4D07205485BB202FB030000F59470C4
:10046000F7F756FAF0E700BF30C400240CBA0024B6
:100470002DE9F04184B0EFF3108772B6284AFF21CE
:10048000284C1368217023B100211160264A10689E
:10049000984723781B061CD5DFF894800025234E4F
:1004A0004446216879B162686AB1A369012B22D000
:1004B000A3B963693046019323690093E3682289F5
:1004C000FFF76AFC18B301351C3406F5D076042D0D
:1004D000E7D107B962B604B0BDE8F081D4E90430D1
:1004E000CDE90130E068238900903046FFF7B8FC81
:1004F0000028E8D10BE0D4E904301146CDE9003002
:100500003046E3682289FFF7E3FB0028DBD1C5EB27
:10051000C50508EB850348F825005860D9E700BFFA
:100520002CC4002430C4002434C400240CBA002499
:10053000100300242DE9F04184B0EFF3108772B668
:10054000284AFF21284C1368217023B10021116033
:10055000264A1068984723781B061CD5DFF894803C
:100560000025234E4446216879B162686AB1A369C7
:10057000012B22D0A3B9636930460193236900930C
:10058000E3682289FFF708FC18B301351C3406F52F
:10059000D076042DE7D107B962B604B0BDE8F0818A
:1005A000D4E90430CDE90130E06823890090304679
:1005B000FFF756FC0028E8D10BE0D4E904301146DF
:1005C000CDE900303046E3682289FFF781FB00283F
:1005D000DBD1C5EBC50508EB850348F8250058605D
:1005E000D9E700BF2CC4002430C4002434C4002444
:1005F0000CBA0024100300242DE9F04184B0EFF37D
:10060000108772B6284AFF21284C1368217023B145
:1006100000211160264A1068984723781B061CD5D4
:10062000DFF894800025234E4446216879B1626842
:100630006AB1A369012B22D0A3B963693046019343
:1006400023690093E3682289FFF7A6FB18B30135FD
:100650001C3406F5D076042DE7D107B962B604B094
:10066000BDE8F081D4E90430CDE90130E0682389A8
:1006700000903046FFF7F4FB0028E8D10BE0D4E906
:1006800004301146CDE900303046E3682289FFF797
:100690001FFB0028DBD1C5EBC50508EB850348F837
:1006A00025005860D9E700BF2CC4002430C40024C2
:1006B00034C400240CBA0024100300242DE9F041B6
:1006C00084B0EFF3108772B600F066FB284A294C1D
:1006D000FF21136821702BB1002111600121264AEE
:1006E0001068984723781B061CD5DFF894800025F6
:1006F000224E4446216879B162686AB1A369012B30
:1007000022D0A3B963693046019323690093E3685B
:100710002289FFF741FB18B301351C3406F5D0766A
:10072000042DE7D107B962B604B0BDE8F081D4E981
:100730000430CDE90130E068238900903046FFF7AE
:100740008FFB0028E8D10BE0D4E904301146CDE955
:1007500000303046E3682289FFF7BAFA0028DBD17F
:10076000C5EBC50508EB850348F825005860D9E7B7
:100770002CC4002430C4002434C400240CBA002447
:100780001003002430B4544B002108220220534CA3
:10079000D9615862C3F8BC11C3F8C401C3F85C1333
:1007A000C3F86403C3F8F424C3F8F814C3F8FC14C2
:1007B000C3F80405C3F89426C3F89816C3F89C162A
:1007C000C3F8A406C3F83428C3F83818C3F83C1893
:1007D000C3F84408424D4348C3E90521C3E96D21EC
:1007E000C3E9D5212288A3783F49EA80CA800B72E9
:1007F0003E492B72CA800B722168A0F80320437116
:10080000C28003723A4C3B48E2802372A0F8032076
:10081000394C4371C28003723848E2802372A0F8D9
:100820000320374C4371C2800372080C2180A070F2
:10083000A4F803206371E2802372324C324D218090
:10084000A070A4F803206371E28023722F4CEA8029
:1008500021802B72A070A4F803206371E2802372C0
:100860002B4C2180A070A4F803206371E2802372D6
:10087000284C2180A070A4F803206371E2802372C9
:10088000254C2180A070A4F803206371E2802372BC
:10089000224C2180A070A4F803206371E2802372AF
:1008A0001F4C21801F49A070A4F803201E486371CB
:1008B000E2802372A1F803201C4C4B71CA800B729A
:1008C0001B49E2802372C2800372A1F803204B719E
:1008D000CA800B7230BC70470CBA0024082901088A
:1008E00098020024BC0200248C0200245002002440
:1008F000A4020024E0020024C802002468020024AC
:10090000FCC30024E4C30024D4020024F0C3002468
:10091000CCC3002420C4002408C4002414C4002430
:10092000D8C3002404030024F8020024EC020024AD
:1009300074020024714A036811698B4200B587B0C4
:100940004BD0916E8B4200F0B680D2F8C0108B4233
:1009500000F0B380D2F818118B4200F0B080B3F1F0
:10096000804F1ED0664A93420DD0664A934200F0F3
:10097000A880654A934200F0B280644A93421ED038
:1009800007B05DF804FB624BD3F8E82042F00202A6
:10099000C3F8E820D3F8E83003F002030293029B87
:1009A000EEE75B4BD3F8E82042F00102C3F8E82001
:1009B000D3F8E83003F001030193019BE0E7544BC7
:1009C000D3F8E82042F01002C3F8E820D3F8E8306A
:1009D00003F010030593059BD2E700205821B3F1E3
:1009E000804F01FB0022127B1ED045498B4235D03F
:1009F00044498B4248D044498B42BED1444BD3F842
:100A0000E81041F00801C3F8E810D3F8E83003F02B
:100A100008030493049B002AB2D0322000220F2145
:100A2000F6F74CFA322014E0394BD3F8E81041F0D5
:100A30000101C3F8E810D3F8E83003F00103019393
:100A4000019B002A9CD01C2000220F21F6F736FAC9
:100A50001C2007B05DF804EBF6F76EBA2C4BD3F808
:100A6000E81041F00201C3F8E810D3F8E83003F0D1
:100A700002030293029B002A82D01D2000220F2134
:100A8000F6F71CFA1D20E4E7214BD3F8E81041F0FB
:100A90000401C3F8E810D3F8E83003F0040303932B
:100AA000039B002A3FF46CAF1E2000220F21F6F7B3
:100AB00005FA1E20CDE7012090E702208EE70320F3
:100AC0008CE7134BD3F8E82042F00402C3F8E82087
:100AD000D3F8E83003F004030393039B50E70C4B77
:100AE000D3F8E82042F00802C3F8E820D3F8E83051
:100AF00003F008030493049B42E700BF38C40024BA
:100B00000004004000080040000C004000100040BD
:100B1000004402580F4B026819698A420BD0996E43
:100B20008A4211D0D3F8C0108A420FD0D3F81811DE
:100B30008A420DD070470021582202FB01331A6D02
:100B4000002AF7D0586D10470121F5E70221F3E79D
:100B50000321F1E738C40024014800F0EFBF00BFD3
:100B600048C40024014800F0E9BF00BFA0C400242D
:100B7000014800F0E3BF00BFF8C40024014800F0C2
:100B8000DDBF00BF50C50024F0B54FF0580C0F6812
:100B90002E4D8DB00CFB07FC032F05EB0C060660F9
:100BA00047DC0B460868344649689A6807C41B7BD3
:100BB000237004AC7268264B002A4FF00002726169
:100BC00018BF1022B2610FCB84E80F000CAB03EB0F
:100BD000870353F8203CB3F1804F336124D01D4A82
:100BE000934221D030890CF1100458230021802237
:100BF00003FB07532C44C3E907019A62204600F027
:100C000007FE034600B1FEE74FF4805208A92046D4
:100C1000099301930892CDE90A33CDE9023300F03C
:100C2000C7FE034640B1FEE7582303FB075398680D
:100C3000D9E701200DB0F0BD01A92046019303932F
:100C400001F034F80028F5D0FEE700BF38C40024D6
:100C5000B8260108000C0040006808B5037B10307E
:100C60002BB100F08FFE003818BF012008BD00F046
:100C70006FFE003818BF012008BD00BF0C4B0022DA
:100C80004FF0FF311A739960196683F86420C3F836
:100C9000B81083F8BC20C3F8101183F81421C3E9FD
:100CA0000022C3E91622C3E92C22C3E9422270477D
:100CB00038C40024034688B190F83D20022A03D0AE
:100CC000802201209A66704702680421002083F880
:100CD0003D10D36823F00103D360704701207047B3
:100CE00003682C495A6910B49C6944F008049C615B
:100CF0009C6944F010049C611C6824F001041C6091
:100D00001C6921401961996821F44041996090F86B
:100D10008110042901D0910630D490F88110032964
:100D200001D054061FD4910509D5D0F8841041F0A4
:100D30000101C0F88410996941F400719961D205EC
:100D400009D5D0F8842042F00802C0F884209A69BE
:100D500042F480729A6100235DF8044BA0F862307F
:100D6000A0F86A307047D0F8841041F00401C0F850
:100D70008410996941F040019961D4E7D0F884105A
:100D800041F08001C0F88410996941F02001996117
:100D9000C3E700BF90FCFFFF002800F0A4800268BA
:100DA0000021F8B5514B044681629A4216D0A3F552
:100DB00078439A4212D003F58063C0689A4200F0EB
:100DC0008A800F2808D8E16B00F108034D09DB0881
:100DD00005FB0333082B15D90120F8BDE068E16B52
:100DE00000F10803414E4D09DB0805FB0333404D7C
:100DF000AA4218BFB24203D005F58065AA4201D1CC
:100E0000102BE9D894F8813003F0FF05002B58D05F
:100E1000002702236568A66B84F88130136823F0ED
:100E200001031360A369B3F1806F3ED03943676B50
:100E30003B43676A3B4327693B4367693B43276AF8
:100E40003B43E76C3B43A7683B43A76C3B43A76D21
:100E50003B432B433343E669314308439060D360FF
:100E6000B5B9936823F4C05343F400639360936867
:100E700023F4C06343F480639360136D23F0010394
:100E8000136500200123C4F8840084F88130F8BD84
:100E9000136D23F0010313656B02F2D5D368616D06
:100EA00023F000430B43D360EBE7B5F5800FBDD1D2
:100EB000002EBBD1D2F800C04CF4805CC2F800C058
:100EC000B4E7204684F88050FFF76AF92268A76AE1
:100ED000E16BE0689DE7E16B00F108034D09DB0879
:100EE00005FB03338CE70120704700BF0030014051
:100EF00000380040F8B590F88030012B00F08C806D
:100F000090F88130154601220446DEB2934280F803
:100F100080206AD1002963D0B5FA85F35B09002DE2
:100F20005ED003224366A0F8683080F88120C0F8C4
:100F30008430A0F86250A0F86A30C165A0F8605013
:100F4000C0E91C338368B3F5C02F04D1026813686D
:100F500043F400631360E368A06F0F2B4BD98369E0
:100F6000B3F5804F3CD122683A4B3B4F20320364AB
:100F700052F8183CC763394F23F40043C764002775
:100F8000076542F8183CB4F862309BB2F6F706FBEE
:100F9000002844D1A36F324ADB69B3F5807F236810
:100FA000596802EA010218BF2A435A609A686168C8
:100FB00042F40042B1F5800F9A601A6942F4487217
:100FC0001A611A6842F001021A6003D11A6842F4E9
:100FD00000721A6000231E4684F880303046F8BD47
:100FE000002384F880303046F8BD0023022680F8C4
:100FF00080303046F8BD072B83691AD8B3F5005FFF
:1010000020D0B3F5804FAED1B4F862309BB2033339
:101010009B08A4F86230A6E702263046F8BDD4F853
:101020008430012243F01003C4F8843084F8812016
:10103000D9E7B3F5804F05D0B3F5005FD0D1B3F554
:10104000804F90D1B4F862309BB201335B08A4F8B2
:10105000623088E7AD14010831140108D914010881
:101060000000FFFF70B51D4690F88030012B00F0A6
:10107000B9800123044680F8803090F881304068C0
:10108000DBB2B0F5800F7DD0012B40F08580002DC4
:1010900018BF002A71D000296FD094F88130042B3A
:1010A00002D0052384F881300023E1652168C4F86B
:1010B0008430A4F86250A4F86A50A4F860506266C4
:1010C000A4F86850C4E91C338B6823F440438B6058
:1010D000E3680F2B65D9E06F8369B3F5804F4CD17E
:1010E00094F88130042B00F08A805E4B03645E4BE1
:1010F000C3635E4E3031B4F86A30C66400269BB2DA
:101100000665F6F74BFA00286ED12268A16F936846
:10111000203243F4804342F8183CB4F86230C1E90D
:101120000F00C1E913009BB20846E16DF6F736FAED
:10113000002859D1A36FDB69B3F5807F236863D0A2
:1011400059684B4A0A402A435A609A68616842F4D7
:101150000042B1F5800F9A601A6942F458721A6120
:101160001A6842F001021A6003D11A6842F4007250
:101170001A60002384F8803070BD0023012084F8B9
:10118000803070BDA06800287FF47EAF042B3FF450
:101190007EAF012B3FF47BAF0023022084F8803028
:1011A00070BD072B35D8A36F9B69B3F5005F50D096
:1011B000B3F5804F06D1B4F862309BB203339B087D
:1011C000A4F86230E06F8369B3F5005F39D0B3F5FE
:1011D000804F85D1B4F86A309BB203339B08A4F8E2
:1011E0006A307DE7022070BDD4F88430012243F0DC
:1011F00010031046C4F8843084F8812070BD1D4B64
:1012000003641D4BC36374E75968194A0A405A6066
:101210009BE7E06F8369B3F5005F02D0B3F5804FC1
:10122000ABD1A66FB669B6F5804F06D1B4F862604F
:10123000B6B201367608A4F86260B3F5804F7FF449
:101240004FAFB4F86A309BB201335B08A4F86A3040
:1012500046E7B4F862309BB201335B08A4F8623011
:10126000B0E700BFCD14010881140108D9140108AA
:101270000000FFFFBD140108591401082DE9F041D9
:101280001546826804460E4622B94368B3F5800FBE
:1012900000F0958094F88030012B00F099800123B4
:1012A00084F8803094F88130012BDFB269D1002EB0
:1012B00061D0B5FA85F35B09002D5CD00421B2F54D
:1012C000C02F666684F88110A4F86850C4F8843092
:1012D000A4F86030A4F86A50A4F86230C4E91C3362
:1012E00004D12268136823F400631360E3680F2BB2
:1012F0004ED9E06F8369B3F5804F3CD121688B688C
:1013000023F480438B603246454EB4F86A30303166
:101310000664444E9BB2C663434EC664002606650F
:10132000F6F73CF9002857D1E36F404ADB69B3F583
:10133000807F2368596802EA010218BF2A435A6075
:101340009A68616842F48042B1F5800F9A601A6928
:1013500042F450721A611A6842F001021A6003D115
:101360001A6842F400721A6000231F4684F8803025
:101370003846BDE8F081002384F880303846BDE867
:10138000F0810023022784F880303846BDE8F081E0
:10139000072B2BD82168E06F8B6823F480438B6088
:1013A0008369B3F5005F32D0B3F5804FABD1B4F8A9
:1013B0006A309BB203339B08A4F86A30A3E72B463C
:1013C00004250A4680F88150BDE8F041FFF74ABE87
:1013D00002273846BDE8F081D4F88430012243F07A
:1013E0001003C4F8843084F88120C7E7E06F826975
:1013F000B2F5804F02D0B2F5005FBCD12168B2F5E2
:10140000804F8B6823F480438B607FF47CAFB4F80B
:101410006A309BB201335B08A4F86A3073E700BFFF
:10142000BD14010859140108D91401080000FFFF78
:10143000806B08B590F88130072B09D0836FDB698A
:10144000B3F5807F05D00268136943F00803136188
:1014500008BDFFF70DF808BD806B08B590F8813026
:10146000072B09D0C36FDB69B3F5807F05D0026815
:10147000136943F00803136108BDFFF75BF808BD6B
:10148000806B08B590F88130072B09D0836FDB693A
:10149000B3F5807F05D00268136943F00803136138
:1014A00008BDFFF7A9F808BD704700BF806B08B5FD
:1014B000FFF7FAFF08BD00BF704700BF806B08B59B
:1014C000FFF7FAFF08BD00BF704700BF806B08B58B
:1014D000FFF7FAFF08BD00BF10B5846BF6F768FD93
:1014E000022800D110BD236830495A69986940F03C
:1014F00008009861986940F010009861186820F021
:1015000001001860186901401961996821F440418F
:10151000996094F88110042901D091063AD494F886
:101520008110032901D0500629D4910509D5D4F89A
:10153000841041F00101C4F88410996941F40071EC
:101540009961D20509D5D4F8842042F00802C4F884
:1015500084209A6942F480729A6100230122204615
:10156000A4F86230A4F86A30D4F8843043F0100351
:10157000C4F8843084F88120FFF7A0F810BDD4F8B7
:10158000841041F00401C4F88410996941F04001CD
:101590009961CAE7D4F8841041F08001C4F884103E
:1015A000996941F020019961B9E700BF90FCFFFF04
:1015B000036819695A692DE9F04101EA02059F683B
:1015C000044690F8816005F0640CBCF1040F2FD044
:1015D00005F04500012834D005F02600022800F06F
:1015E000DF80280770D59A6917F4404FF6B242F0B1
:1015F00008029A619A6942F010029A619A6942F46B
:1016000000629A611A6922F008021A6123D0042E3E
:1016100000F0DE80A26FD269EAB1032E50D0E26FF3
:10162000D269C2B1052E14D12046FEF7E5FF10E0C5
:10163000436F9847236F2046984705F04503012BD9
:1016400002D1236F2046984705F02605022D00F0B1
:10165000A780BDE8F0819A6812F4404F1FD1B4F81A
:101660006A2092B2DAB1626E0EE01B6B42F8043B64
:101670006266B4F86A30013B9BB2A4F86A30B4F8F1
:101680006A309BB25BB12368E1680F29EDD8072966
:1016900040F292801B8E22F8023B6266E9E7204608
:1016A000FFF71EFB012384F88130D4F88430002B2F
:1016B0007FD1052EB8D0042E00F08F80032EC8D124
:1016C0002046FEF7D5FEC4E7100501D50A077AD4F7
:1016D00015F4587FBDD06E0609D5D4F8842042F0A9
:1016E0000402C4F884209A6942F040029A61A80575
:1016F00009D5D4F8842042F00102C4F884209A6904
:1017000042F400729A61E90509D5D4F8842042F0C8
:101710000802C4F884209A6942F480729A61AA0689
:1017200009D5D4F8842042F08002C4F884209A6954
:1017300042F020029A61D4F88420002A89D01968E6
:1017400007F44047274A21F00101B7F5404F1960DF
:10175000196902EA01021A6127D19A68E06F22F43E
:1017600040429A6050B1204B0365F6F737F828B134
:10177000D4F8843043F04003C4F88430A06F0028CC
:101780003FF467AF184B0365F6F728F800283FF4DD
:1017900060AFD4F8843043F04003C4F8843058E795
:1017A000636F2046BDE8F04118470123204684F8C6
:1017B0008130FEF783FF4CE793F830301370626E90
:1017C0000132626655E79A6942F400629A6140E725
:1017D000E26FD269002A3FF43EAF2046FEF7AAFE30
:1017E00037E700BF94FCFFFFED17010808B5806BD9
:1017F00000230122A0F86A30A0F8623080F881202E
:10180000FEF75CFF08BD00BF90F88100704700BF85
:10181000002800F08F8038B590F83D30044603F082
:10182000FF02002B60D0226802234349B2F1804FAF
:1018300084F83D30A2EB01011368B1FA81F14FEA5F
:10184000511127D031BB3D483D4D824251D000F56A
:10185000806082424DD0551B00F58060B5FA85F559
:1018600082424FEA55154DD0002D4BD135483649AF
:101870008A4218BF82424FD001F580618A424BD024
:10188000A06923F08003E168034313606368D162B9
:10189000936223E02A4D23F07003A068551B034395
:1018A000B5FA85F56D09206923F440730343A069F7
:1018B00023F0800303431360E368D3626368936299
:1018C00051B94DB91F49204B9A4218BF8A4203D0E3
:1018D00003F580639A4201D16369136301230020F9
:1018E000536184F83D3038BD80F83C20FFF722F882
:1018F00099E7551B23F07003A068B5FA85F50343FB
:101900006D09D0E7A06823F0700303430F488242BB
:10191000C9D0002DC7D1A9E7206923F44073A1697C
:101920000343E06823F080030B4361681360D062D7
:101930009162C7E7012070470000014000040040A9
:10194000000401400040014000440140000C004000
:101950004FF0020C01680A4A034680F83DC08868CF
:101960000240062A06D0B2F5803F03D00A6842F052
:1019700001020A600122002083F83D20704700BF69
:10198000070001000368094AD96841F00101D960E4
:1019900099680A40062A06D0B2F5803F03D01A683B
:1019A00042F001021A600020704700BF07000100EA
:1019B00090F83C30012B7DD002460223006830B401
:1019C000012482F83D3082F83C40544C83681C402E
:1019D0000B68602B84606FD01DD9B3F5005F59D0C0
:1019E00042D94F498B4206D038D94E498B4202D05A
:1019F00010318B4206D184684B4921400B4343F0A0
:101A00000703836000230121184682F83D1082F805
:101A10003C3030BC7047402B67D019D9502BF1D1E6
:101A2000036A4C68CD6823F00A03016A1C433E4BED
:101A300021F001010162816921F0F00141EA051103
:101A40008161046281680B4043F057038360D9E7EA
:101A5000202BD0D01AD9302BD4D1CCE723F01001D1
:101A6000B1F5801FCED1C6E7702BCBD18468D1E908
:101A700001532B43CD6824F47F4143EA05230B43F4
:101A80008360836843F077038360BBE733F0100122
:101A9000B8D1B0E7D1E9015384682B43CD6824F471
:101AA0007F4143EA05230B438360836843F480430B
:101AB0008360A7E702207047046A4D6824F0100491
:101AC000C9680462836923F4704343EA0133016AFD
:101AD00021F0A0018361144B41EA05110162816884
:101AE0000B4043F0670383608CE7036A4C68CD6862
:101AF00023F00A03016A1C430B4B21F00101016230
:101B0000816921F0F00141EA051181610462816877
:101B10000B4043F04703836074E700BF8800CEFFAB
:101B200020001000300010008FFFCFFF704700BF73
:101B3000704700BF704700BF704700BF03681A6955
:101B4000910710B5044602D5DA68920768D41A697D
:101B5000520702D5DA6850074FD41A69110702D527
:101B6000DA68120737D41A69D00602D5DA68D106C6
:101B70001ED41A69D20702D5DA68D00769D41A6967
:101B8000110602D5DA6812066BD41A69D00502D59F
:101B9000DA6811066DD41A69520602D5DA68500661
:101BA0006FD41A69910602D5DA68920649D410BD3D
:101BB0006FF010010822204619612277DB6913F4C7
:101BC000407F6FD1FFF7B2FF2046FFF7B3FF00223F
:101BD00023682277CDE76FF00801042220461961BF
:101BE0002277DB699B075AD1FFF7A0FF2046FFF75A
:101BF000A1FF002223682277B5E76FF004010222DB
:101C00002046196122779B6913F4407F44D1FFF786
:101C10008DFF2046FFF78EFF0022236822779CE786
:101C20006FF002010122196102779B69990730D197
:101C3000FFF77CFF2046FFF77DFF00222368227715
:101C400085E76FF0200220461A61BDE8104000F0E1
:101C50005FB86FF0010220461A61FEF75BFF236850
:101C60008DE76FF0800220461A6100F053F8236878
:101C70008BE76FF4807220461A6100F04DF82368FC
:101C800089E76FF0400220461A61FFF755FF23688D
:101C900087E7FFF74DFFD0E7FFF74AFFBCE7FFF705
:101CA00047FFA6E7FFF744FF91E700BF90F83C200D
:101CB000012A28D003460068022230B4134D83F86D
:101CC0003D20A8424268846818D005F58065A84286
:101CD00014D024F0800C22F070020C688968224332
:101CE00000244CEA01014FF0010C42608160204663
:101CF00083F83DC083F83C4030BC704722F470024A
:101D00004D682A43E5E70220704700BF000001400C
:101D1000704700BF704700BF704700BF0B460146C9
:101D2000184600F061BC000038B510EE104AC4F34C
:101D30000A53B3F57D7FB7EEC07A1ED227EE077B3C
:101D4000B3F5667F6FD327EE071B634B93ED142B20
:101D500093ED125B93ED0E3BA7EE025B93ED0C0B44
:101D600093ED104BA7EE030B27EE017BA1EE040BC6
:101D7000A5EE070BB7EEC00B38BD40F22E429342E2
:101D800054D8554991ED086B27EE066BFDEEC66BF6
:101D900091ED0A5B16EE903A03F500031B1613F063
:101DA000020F06EE903A01F1700208BF0A46D8070A
:101DB000B8EEE66BA6EE457B27EE076B1AD503F06F
:101DC000030301EBC30393ED002B92ED1A4B92ED4D
:101DD000185B92ED163BA6EE045B27EE027B27EE26
:101DE000064B26EE046BA4EE037BA5EE067BB7EE56
:101DF000C70B38BD92ED142B92ED127B92ED0E3B8A
:101E000092ED0C0B92ED104B26EE065BA6EE027BDC
:101E1000A6EE030B26EE056BA5EE040BA7EE060B54
:101E2000B7EEC00B38BDB7EE000A38BDB3F5FF6F93
:101E30003DD22A4BC4F3836203EB820153F8222084
:101E40000D69C4F31603C4F3C25043F40003834086
:101E5000086A03FB02F2A3FB0010E3FB050202F198
:101E600000518D0F01F04041511AEEF7C3FB1C4B9E
:101E70009FED177B05EBD47441EC160B14F0020FA9
:101E8000A3F1700208BF1346E90726EE077B27EE91
:101E9000076B10D504F0030402EBC40494ED002B8F
:101EA00093ED1A4B93ED185B93ED163B93E7BDE86A
:101EB000384000F057B893ED142B93ED127B93ED5F
:101EC0000E3B93ED0C0B93ED104B9DE7AFF30080B1
:101ED000182D4454FB21193C402C0108E02B01082B
:101EE000B02C010810B582B08DED010A044600F057
:101EF00089FB9DED010A046002B010BD30B1F1EE26
:101F0000407A27EE800A2220FFF7ECBFF0EE407AFD
:101F100027EE800A2220FFF7E5BF00BF9FED010AF0
:101F2000FFF7ECBF000000109FED010AFFF7E6BFCE
:101F30000000201A9FED010AFFF7E0BF00000070CB
:101F40009FED070AFFEE007AB7EE007A00284FF007
:101F5000220047FE277A87EE800AFFF7C3BF00BF43
:101F60000000000070EE407AB4EE400A87EEA77AD7
:101F7000F1EE10FAB0EE470A02D62120FFF7B2BF09
:101F8000704700BF10EE103A40F22A41C3F30A52E4
:101F90008A42B7EEC03A32D8B7EE000B2D4B93ED24
:101FA0004A2B93ED481BB0EE417BA2EE037B17EE6C
:101FB000100A37EE417B00F01F0203EBC20130B480
:101FC00092EE037B93ED4C4B53F832404D6893ED0A
:101FD0004E6B93ED505BA4EE076B27EE074B002191
:101FE0000A1905EBC033A5EE070B43EC172BA6EE41
:101FF000040B30BC20EE070BB7EEC00B704713F597
:10200000000F20D0B2F5FF6F1AD2DFED137AB4EED5
:10201000E70AF1EE10FA10DCDFED107AB4EEE70A11
:10202000F1EE10FA12D4DFED0E7AB4EEE70AF1EE1B
:1020300010FAB1D50020FFF777BF0020FFF77ABF75
:1020400030EE000A70479FED070A70470020FFF747
:1020500065BF00BF702901081772B142B4F1CFC249
:10206000CF8ECEC20000000030B410EE103A2DED3D
:10207000028BA3F5000110EE902AB1F1FE4F10EE95
:10208000104A82B04FEA42017ED201F1FF3C6FF06C
:102090008070844580F0F980002004F1404303F50E
:1020A0004D03C3F3C341DB0DDB05E21ADB1507EE7D
:1020B000903ABFEE001BB24B03EB011191ED004BC8
:1020C00005EE102AB7EEC55AA4EE051B93ED444B5E
:1020D00021EE012B93ED465B93ED403BA1EE045BBB
:1020E00093ED426B93ED484BA1EE036B22EE023B66
:1020F000B8EEE78BB7EEE07A91ED020B38EE000B0D
:10210000A1EE040BA2EE050BA6EE030B27EE000BCF
:1021100010EE903A48F2BF02C3F3CF33934252D24B
:10212000B7EE007B974B93ED402B30EE023B13EE66
:10213000102A33EE423B02F01F01821803EBC1006C
:1021400053F83140456830EE433B93ED465B93EDE9
:10215000424BA3EE057BB0EE470B93ED446B00239F
:10216000181905EBC23141EC170BA3EE046B23EEFB
:10217000034BA6EE040B20EE070BB7EEC00B02B02C
:10218000BDEC028B30BC70474D1E6FF080708542F5
:1021900080F0CE8059004D1E854280F09280002B49
:1021A00055DB0020B4F5000FBFF477AFDFED767A92
:1021B00007EE103A67EE277A17EE904A24F00044B3
:1021C000A4F1386469E79FED667BB4EEC70BF1EECE
:1021D00010FA15DC9FED647BB4EEC70BF1EE10FA3C
:1021E00020DD4FF04C5388B10193DDED017ABFEE55
:1021F000007A77EE677AF4EE477AF1EE10FA11D0B2
:1022000002B0BDEC028B30BCFFF794BE0093DDED55
:10221000007AB7EE007A77EE877AF4EE477AF1EE3D
:1022200010FAEDD19FED527BB4EEC70BF1EE10FA30
:1022300057D99FED517BB4EEC70BF1EE10FA7FF545
:102240006FAF02B0BDEC028B30BCFFF76DBEC2F3C6
:10225000C7517E2911DD962954DC0120C1F1960178
:1022600000FA01F1481E104207D111EA020018BF1E
:102270004FF4803024F0004494E700EE103A02B0AE
:10228000BDEC028B30BCFFF76DBE002952D0B3F11C
:102290007E5F2CD06400B4F17F4F2ED8B1F17F4F18
:1022A0002BD1B4F1FE4F4BD0B4F1FE4F6FEA0202D6
:1022B00034BF00240124D20F94424CD09FED330A46
:1022C0005DE7002B20EE000A1EDB002000293AD13A
:1022D000002ABFF654AF02B0BDEC028B30BCFFF752
:1022E0002FBE02B0BDEC028B30BCFFF717BE82F4EC
:1022F0008002520012F5000F22D907EE903A37EE15
:10230000A00A3CE70020B5E7C2F3C753A3F17F0062
:102310001728DAD8C3F19600012303FA00F0441E0F
:102320001442D2D11040D1D0B1EE400A1846CDE7C8
:102330000029AFD184F48002520012F5000FDCD8DE
:10234000B7EE000A1BE7002ABFF619AFF7EE007AD6
:1023500087EE800A13E720EEA00A10E7AFF30080B3
:1023600071D5D1FFFFFF5F40E2AAA3FFFFFF5F40EF
:102370000000000000C062C00000000000A062C0B9
:10238000B82A0108702901080000004B0000000075
:1023900030B510EE104AC4F30A53B3F57D7FB7EEA3
:1023A000C06A83B01BD226EE065BB3F5667F70D39E
:1023B00026EE052B25EE021B754B93ED1A3B93ED94
:1023C000187B93ED164BA5EE037BA2EE046BB0EEEB
:1023D000460BA7EE010BB7EEC00B03B030BD40F2C9
:1023E0002E42934260D86A4991ED087B26EE077B26
:1023F000FDEEC77B91ED0A5B17EE903A03F5000303
:102400001B1613F0020F07EE903A01F1700208BF9D
:102410000A46D807B8EEE77BA7EE456BB0EE460B51
:1024200026EE067B1BD403F0030301EBC30392EDFE
:102430001A5B93ED003B92ED186B20EE030B92EDCF
:10244000164BA7EE056B20EE075B27EE057BA5EE8E
:10245000040BA6EE070BB7EEC00B03B030BD92ED38
:10246000142B27EE075B92ED126B92ED0E3BA7EE5D
:10247000026B92ED0C0B92ED104BA7EE030B27EEC7
:10248000057BA5EE040BA6EE070BB7EEC00B03B061
:1024900030BD220D12F4FF6FDFD1B7EEC55B00EE49
:1024A000104A8DED015AD8E7B3F5FF6F4BD2394B87
:1024B000C4F3836203EB820153F822200D69C4F355
:1024C0001603C4F3C25043F400038340086A03FBBD
:1024D00002F2A3FB0010E3FB050202F100518D0F95
:1024E00001F04041511AEEF785F82B4B9FED267B0A
:1024F00005EBD47441EC160B14F0020FA3F170023B
:1025000008BF1346E90726EE077B27EE076B1FD4AB
:1025100004F0030402EBC40493ED1A4B94ED002B7A
:1025200093ED185B27EE027B93ED163BA6EE045B62
:1025300027EE064B26EE046BA4EE037BA5EE067B8E
:10254000B7EEC70B89E703B0BDE83040FFF70ABD1F
:1025500093ED142B26EE065B93ED127B93ED0E3B71
:10256000A6EE027B93ED0C0B93ED104BA6EE030B46
:1025700026EE056BA5EE040BA7EE060BB7EEC00B1F
:102580006BE700BFAFF30080182D4454FB21193CCA
:10259000402C0108E02B0108B02C010808B52DEDF6
:1025A000028BB0EE408A00F01BF8B4EE488AF1EEE0
:1025B00010FA06D6DFED098AB4EEE88AF1EE10FAD9
:1025C00002D4BDEC028B08BD00F01CF888EEA80A0E
:1025D000BDEC028B2123036008BD00BF000000009A
:1025E000B1EEC00A704700BF10B5054C13462CB1C0
:1025F0000A4601460220AFF3008010BD2046FCE7EA
:1026000000000000014B1868704700BF80030024E1
:1026100070B50D4D0D4C641BA4100026A64209D1C7
:102620000B4D0C4C00F0ACFB641BA4100026A64222
:1026300005D170BD55F8043B98470136EEE755F8D3
:10264000043B98470136F2E7A02D0108A02D0108B0
:10265000A02D0108C42D01080A44914200F1FF3366
:1026600000D1704710B511F8014B03F8014F9142AA
:10267000F9D110BD02440346934200D1704703F8DC
:10268000011BF9E7010700000106000000540040AB
:1026900000580040005C0040001C00582500260047
:1026A0002700340035004700520053008E00000020
:1026B0000101010307010000000000400004004088
:1026C00000080040000C0040000070420000B442CE
:1026D000000016430000484300007A430000964380
:1026E0000080594400000C4500C0464500806D45FF
:1026F0000000FA4300007A4400401C4500404E456B
:1027000000007A45000048440000964400401C4503
:1027100000404E4500007A45000016440080ED441C
:102720000080224500404E4500408345000096430E
:1027300000C00F4500803B450000614500608645B4
:10274000060000000C00000012000000180000004D
:1027500000010000060100000C0100001201000051
:102760001801000000020000060200000C02000038
:10277000120200001802000000030000060300001F
:102780000002030000000000010000000000000043
:102790000000FA4500007A460000FA4600803B47F8
:1027A0000080BB470010014000440040004800404A
:1027B000004C0040005000400014014000780040F0
:1027C000007C0040000C00580000000000040000E5
:1027D00000060000001000000000000000300000B3
:1027E00000200000000000100000000000100000A9
:1027F00000000000010203040102030406070809A7
:1028000000020102000201020000803F00000000FF
:1028100000000000000000000000803F00000000F9
:1028200000000000000000000000803F0000803F2A
:102830000000803F0000803F0000803E000000005C
:102840000000803F000000000000803E0000403F8C
:102850000000803FC3F5A83E00000000000000001B
:102860000000000000000000010002000400080059
:102870001000200040008000000100020004000859
:1028800000100020004000800000025800040258A0
:1028900000080258000C0258001002580014025898
:1028A00000180258001C0258002002580024025848
:1028B000002802580000000000061016000610163E
:1028C0000180808080808080048080808080808003
:1028D00008808080808080801080808080808080E0
:1028E00020808080808080804000000000040810EC
:1028F00020400000020408102040000008040204E8
:1029000008010101000000000B00FF0098020024F4
:10291000800200248C02002450020024BC02002407
:10292000A4020024B00200245C020024E00200247F
:10293000C8020024D402002468020024FCC300243E
:10294000E4C30024F0C30024CCC3002420C400242A
:1029500008C4002414C40024D8C3002404030024A1
:10296000EC020024F802002474020024000000009D
:10297000000000000000F03F748515D3B0D9EF3F90
:102980000F89F96C58B5EF3F515B12D00193EF3FBF
:102990007B517D3CB872EF3FAAB968318754EF3F55
:1029A0003862756E7A38EF3FE1DE1FF59D1EEF3F0E
:1029B00015B7310AFE06EF3FCBA93A37A7F1EE3F34
:1029C0002234124CA6DEEE3F2D89616008CEEE3F28
:1029D000272A36D5DABFEE3F824F9D562BB4EE3F05
:1029E000295448DD07ABEE3F85553AB07EA4EE3F53
:1029F000CD3B7F669EA0EE3F745FECE8759FEE3F97
:102A00008701EB7314A1EE3F13CE4C9989A5EE3FDD
:102A1000DBA02A42E5ACEE3FE5C5CDB037B7EE3FCF
:102A200090F0A38291C4EE3F5D253EB203D5EE3F08
:102A3000ADD35A999FE8EE3F475EFBF276FFEE3F3B
:102A40009C5285DD9B19EF3F6990EFDC2037EF3F0B
:102A500087A4FBDC1858EF3F5F9B7B33977CEF3FED
:102A6000DA90A4A2AFA4EF3F40456E5B76D0EF3F73
:102A7000000000000000E8429423914BF86AAC3F4C
:102A8000F3C4FA50CEBFCE3FD6520CFF422EE63FE3
:102A90000000000000003843FE822B6547154740C8
:102AA0009423914BF86ABC3EF3C4FA50CEBF2E3F3C
:102AB000D6520CFF422E963FBEF3F879EC61F63FFA
:102AC0001930965BC6FEDEBF3D88AF4AED71F53F1B
:102AD000A4FCD432680BDBBFB010F0F03995F43FA2
:102AE0007BB71F0A8B41D7BF8503B8B095C9F33FA9
:102AF0007BCF6D1AE99DD3BFA564880C190DF33FF8
:102B000031B6F2F39B1DD0BFA08E0B7B225EF23F4D
:102B1000F07A3B1B1D7CC9BF3F341A4A4ABBF13FC8
:102B20009F3CAF93E3F9C2BFBAE58AF05823F13F67
:102B30005C8D78BFCB60B9BFA70099413F95F03F4E
:102B4000CE5F47B69D6FAABF000000000000F03FB7
:102B50000000000000000000AC479AFD8C60EE3FD2
:102B60003DF5249FCA38B33FA06A021FB3A4EC3FCF
:102B7000BA913854A976C43FE6FC6A573620EB3F39
:102B8000D2E4C44A0B84CE3F2DAAA163D1C2E93F4F
:102B90001C65C6F04506D43FED417803E686E83F64
:102BA000F89F1B2C9C8ED83F624853F5DC67E73FAB
:102BB000CC7BB14EA4E0DC3F0B6E49C91676D23F08
:102BC0007AC675A06919D7BFDDBAA76C0AC7DE3F00
:102BD000C8F6BE484715E7BF2BB82A654715F73F2B
:102BE000A2000000F9A2000083F9A2006E83F9A2FE
:102BF0004E6E83F9444E6E8315444E6E2915444E35
:102C0000FC29154427FC29155727FC29D15727FCF7
:102C1000F5D1572734F5D157DD34F5D1C0DD34F582
:102C2000DBC0DD3462DBC0DD9562DBC0999562DB21
:102C30003C999562433C999590433C994190433C23
:102C4000000000000000F03F000000000000F0BFA6
:102C5000000000000000F0BF000000000000F03F96
:102C600083C8C96D305F6441182D4454FB21F93F7E
:102C7000000000000000F03F1C620CFDFFFFDFBF02
:102C8000198F06E15355A53F9D359AE887C056BF79
:102C9000C3F87B024393F93E03A695595455C5BF2B
:102CA000C40B23057610813F24CF7437EB9429BFE2
:102CB000000000000000F03F000000000000F0BF36
:102CC000000000000000F0BF000000000000F03F26
:102CD00083C8C96D305F6441182D4454FB21F93F0E
:102CE000000000000000F0BF1C620CFDFFFFDF3F92
:102CF000198F06E15355A5BF9D359AE887C0563F09
:102D0000C3F87B024393F9BE03A695595455C5BF3A
:102D1000C40B23057610813F24CF7437EB9429BF71
:102D200000000000000000000000000000000000A3
:102D30000000000000000000000000000000000093
:102D40000000000000000000000000000000000083
:102D50000000000000000000000000000000000073
:102D60000000000000000000000000000000000063
:102D70000000000000000000000000000000000053
:102D8000F8B500BFF8BC08BC9E467047F8B500BF58
:082D9000F8BC08BC9E46704728
:082D9800E8D8FE7F01000000F5
:102DA000BD020008BD110008E5290008013C00082B
:102DB0002D420008E1550008B55D000885070108AF
:042DC0007D0C01087D
:042DC4009902000868
:102DC800000000000000003F1000000000000000AC
:102DD80000000000000000000000000000000000EB
:102DE80010000000000000000000000000000000CB
:102DF80000000000000000001000000000000000BB
:102E080000000000000000000000000000000000BA
:102E180000000000000000000000000000000000AA
:102E28000000000000000000010000000000000099
:102E3800000000000000000000000000000000008A
:102E48000000000001000000000000000000000079
:102E5800000000000000000000000000000000006A
:102E68000100000000000000000000000000000059
:102E78000000000000000000000000000100000049
:102E8800000000000000000000000000000000003A
:102E98000000000000000000010000000000000029
:102EA800000000000000000000000000000000001A
:102EB8000000000001000000000000000000000009
:102EC80000000000000000000000000000000000FA
:102ED80001000000000000000000000000000000E9
:102EE80000000000000000000000000001000000D9
:102EF80000000000000000000000000000000000CA
:102F080000000000000000000100000001070800A8
:102F1800000000000000000001060800000000009A
:102F2800000000000B00FF00F8010024EC01002461
:102F38001002002404020024280200241C02002499
:102F4800BC010024B0010024D4010024C8010024DD
:102F580028B3002434020024E001002404B3002430
:102F68001CB3002410B30024580100244C01002491
:102F7800010808020B080001080000000109080206
:102F88000A08000008000000010C0E0302080105F1
:102F98000E000000020C0801060E000000000000F0
:102FA80001040B00000000000000000001070701F9
:102FB8000F04000000000000010607010E040000D5
:102FC80000000000000307000000000000000000EF
:102FD800000207000000000000000000020B0700CC
:102FE8000000000000000000020A070000000000C6
:102FF80000000000060907000000000000000000B3
:103008000090D0030090D0030100000010000000E1
:10301800060A05000405000000000000010C050177
:103028000407010905000000000406000000000074
:10303800000000000004080000000000000000007C
:103048000104050006050609050000000105050044
:103058000705000000000000060B0500050500003C
:1030680000000000010E050202050000000000003B
:10307800020105010F050203050000000303050016
:103088000000000000000000020B0601040600001A
:1030980000000000020C0601050700000000000007
:1030A800020A0600000000000000000001040800F9
:1030B80006080000000000000105080007080000DD
:1030C80000000000000508000000000000000000EB
:1030D80000000000000000000000000000000000E8
:1030E80000000000000000000100000000000000D7
:1030F80000000000000000000000000000000000C8
:1031080000000000010000000000000000000000B6
:1031180000000000000000000000000000000000A7
:103128000100000000000000000000000000000096
:103138000000000000000000000000000100000086
:103148008403002400000000402D0108602D0108C0
:10315800202D010800000000000000000000000011
:103168000000000000000000000000000000000057
:103178000000000000000000000000000000000047
:103188000000000000000000000000000000000037
:103198000000000000000000000000000000000027
:0431A8000000000023
:04000005080009598D
:00000001FF
